age,diameter,length,material,install_year,condition_score,criticality,pressure_zone,Failure_Tot,failure,longitude,latitude
45,450,34.2105629728948,DI,1979.0,8.5,6,0,0,0,,
56,300,0.355117671105161,DI,1968.0,8.5,7,1,6,1,-80.502936881436,43.4234799778811
45,450,67.852910448331,DI,1979.0,6.1,7,0,2,1,-80.5395612739008,43.4185843386513
45,450,7.03932838683089,DI,1979.0,4.58,6,0,2,1,-80.5395612739008,43.4185843386513
45,450,14.956130761421,DI,1979.0,8.5,6,0,0,0,,
45,450,38.5268909037991,DI,1979.0,8.5,6,0,0,0,,
45,450,12.4519639246543,DI,1979.0,8.5,6,0,0,0,,
45,450,124.970064901045,DI,1979.0,8.5,7,0,0,0,,
45,450,55.671581169996,DI,1979.0,8.5,6,0,1,1,-80.5395939740255,43.4185473739211
9,300,63.9485848398879,PVC,2015.0,9.35,0,2,0,0,,
27,300,98.0832805701851,PVC,1997.0,9.35,7,1,0,0,,
47,300,141.533052012408,DI,1977.0,8.5,7,2,0,0,,
48,150,42.7365942209405,PVC,1976.0,9.35,6,1,0,0,,
48,150,12.1917414998642,PVC,1976.0,9.35,6,1,0,0,,
18,200,69.5697443098412,PVC,2006.0,9.35,6,0,0,0,,
18,200,8.44509625213796,PVC,2006.0,9.35,6,0,0,0,,
18,200,8.7890176020329,PVC,2006.0,9.35,6,3,0,0,,
18,200,8.32157024593635,PVC,2006.0,9.35,6,3,0,0,,
18,200,176.655377255589,PVC,2006.0,9.35,7,3,0,0,,
23,300,1.12320285347848,PVC,2001.0,9.35,7,1,0,0,,
21,300,21.3395426072407,PVC,2003.0,9.35,7,2,0,0,,
21,300,196.859012719462,PVC,2003.0,9.35,6,2,0,0,,
29,150,3.7371340158361,DI,1995.0,9.1,7,1,0,0,,
29,150,4.99295177500279,DI,1995.0,9.1,6,1,0,0,,
28,300,92.696164797707,DI,1996.0,9.1,7,1,0,0,,
58,200,7.6197389350217,DI,1966.0,8.5,6,1,5,1,-80.448713198172,43.4599801602549
58,200,91.2020221142905,DI,1966.0,4.7,6,1,5,1,-80.448713198172,43.4599801602549
26,250,17.9611672229995,PVC,1998.0,9.35,5,4,0,0,,
26,250,258.439482892856,PVC,1998.0,9.35,6,4,0,0,,
43,150,156.021688028756,DI,1981.0,8.5,5,1,0,0,,
44,150,8.53445434017783,DI,1980.0,8.5,6,2,0,0,,
44,150,0.752106907436349,DI,1980.0,8.5,0,2,0,0,,
44,150,150.420304491366,DI,1980.0,8.5,6,2,0,0,,
34,300,16.7633207929942,DI,1990.0,9.1,7,3,0,0,,
34,300,14.3355531084652,DI,1990.0,9.1,6,1,0,0,,
34,300,101.748376333877,DI,1990.0,9.1,6,1,0,0,,
34,300,13.212334493422,DI,1990.0,9.1,6,1,0,0,,
34,300,91.4371570758878,DI,1990.0,9.1,6,1,0,0,,
34,300,6.58077389995271,DI,1990.0,9.1,0,1,0,0,,
29,200,5.17758500471781,DI,1995.0,9.1,6,1,0,0,,
29,200,6.42995044117653,DI,1995.0,9.1,6,1,0,0,,
23,200,71.616813878608,PVC,2001.0,9.35,6,1,0,0,,
23,200,18.8617180081409,PVC,2001.0,9.35,7,1,0,0,,
73,150,198.637432559784,CI,1951.0,4.95,6,1,4,1,-80.4916539914871,43.4350659566065
47,200,7.16337855464204,DI,1977.0,8.5,6,2,0,0,,
47,200,206.477449859051,DI,1977.0,8.5,6,2,0,0,,
47,200,5.83761775996729,DI,1977.0,8.5,6,2,0,0,,
22,300,0.461306839306421,DI,2002.0,9.1,6,1,0,0,,
22,300,61.1732254428792,DI,2002.0,9.1,6,1,0,0,,
74,150,5.34080898218031,CI,1950.0,7.75,6,1,2,1,-80.5011607858477,43.4357885812536
73,300,33.5307498642632,CI,1951.0,7.75,7,1,0,0,,
70,150,12.0396003261558,CI,1954.0,7.75,6,1,0,0,,
70,150,89.488207947105,CI,1954.0,7.75,6,1,0,0,,
69,100,58.6602396773349,CI,1955.0,3.83,6,1,2,1,-80.5082739977252,43.4405245182506
15,200,122.400017099257,PVC,2009.0,9.35,7,1,0,0,,
15,200,3.7830281026879,PVC,2009.0,9.35,0,1,0,0,,
19,150,7.53770445741799,PVC,2005.0,9.35,6,2,0,0,,
19,150,88.9678729099633,PVC,2005.0,9.35,6,2,0,0,,
55,150,69.5514928850706,DI,1969.0,8.5,5,1,0,0,,
55,150,7.62112895044281,DI,1969.0,8.5,6,1,0,0,,
29,200,9.19804957017507,DI,1995.0,9.1,6,1,0,0,,
29,200,60.7875662868977,DI,1995.0,9.1,6,1,0,0,,
58,200,101.165703450678,DI,1966.0,6.9,6,1,1,1,-80.4370112012589,43.4464546322582
46,300,13.4854170072899,DI,1978.0,8.5,6,1,0,0,,
46,300,71.3214165072336,DI,1978.0,8.5,7,1,0,0,,
50,300,69.3211487464135,DI,1974.0,8.5,6,3,0,0,,
55,150,27.986326723977,DI,1969.0,8.5,5,1,0,0,,
59,450,125.628758605879,DI,1965.0,6.45,0,1,0,0,,
39,200,208.250577432994,DI,1985.0,9.1,6,1,0,0,,
39,200,7.66930081746306,DI,1985.0,9.1,6,1,0,0,,
43,300,6.0960767059228,DI,1981.0,8.5,7,1,0,0,,
43,300,18.3465366704289,DI,1981.0,8.5,6,1,0,0,,
33,300,8.73063480392828,DI,1991.0,9.1,8,1,0,0,,
15,150,9.05249360204567,PVC,2009.0,9.35,6,1,0,0,,
39,200,22.8598568541356,DI,1985.0,9.1,6,0,0,0,,
39,200,58.7498827562769,DI,1985.0,9.1,6,0,0,0,,
38,150,3.13356972182598,DI,1986.0,9.1,6,0,0,0,,
38,150,1.42029387405289,DI,1986.0,9.1,0,0,0,0,,
57,200,17.8777072448309,CI,1967.0,7.85,7,1,6,1,-80.4722271450058,43.4258397985575
57,200,209.861418383568,CI,1967.0,4.6,7,1,6,1,-80.4722271450058,43.4258397985575
57,200,12.8550743175607,CI,1967.0,7.85,7,1,6,1,-80.4722271450058,43.4258397985575
20,150,3.84192408560368,PVC,2004.0,9.35,7,1,0,0,,
20,150,30.7711776895556,PVC,2004.0,9.35,7,1,0,0,,
20,150,1.90142670631971,PVC,2004.0,9.35,0,1,0,0,,
20,150,35.8509652281732,PVC,2004.0,9.35,7,1,0,0,,
31,150,7.99427576195268,DI,1993.0,9.1,6,1,0,0,,
31,150,121.220125677817,DI,1993.0,9.1,6,1,0,0,,
31,150,156.239881225715,DI,1993.0,9.1,6,1,0,0,,
31,150,140.776399070659,DI,1993.0,9.1,6,1,0,0,,
31,150,8.38033179244448,DI,1993.0,9.1,6,1,0,0,,
57,200,45.3044384496188,DI,1967.0,5.3,5,1,0,0,,
70,150,11.8872410596228,CI,1954.0,7.75,6,1,4,1,-80.4514507158217,43.4374963918403
70,150,168.377487709454,CI,1954.0,4.1,6,1,4,1,-80.4514507158217,43.4374963918403
47,200,1.37645148554938,DI,1977.0,8.5,7,1,0,0,,
47,200,9.48936206718531,DI,1977.0,8.5,6,1,0,0,,
47,200,229.680646717216,DI,1977.0,8.5,8,1,0,0,,
40,300,174.563474016058,DI,1984.0,9.1,7,1,0,0,,
40,300,0.489813689149053,DI,1984.0,9.1,6,1,0,0,,
17,300,13.0237823833453,PVC,2007.0,9.35,6,3,0,0,,
21,300,58.407289212112,PVC,2003.0,9.35,6,3,0,0,,
21,300,7.34709639508732,PVC,2003.0,9.35,6,3,0,0,,
45,150,6.60272633317823,DI,1979.0,8.5,6,0,0,0,,
45,150,300.394604287073,DI,1979.0,8.5,6,0,0,0,,
45,150,7.59775617371573,DI,1979.0,8.5,6,0,0,0,,
45,150,112.6813292351,DI,1979.0,8.5,6,0,0,0,,
29,300,25.2988888327486,PVC,1995.0,9.35,6,3,0,0,,
29,300,87.71660262388,PVC,1995.0,9.35,7,3,0,0,,
22,150,71.0404762625438,PVC,2002.0,9.35,6,3,0,0,,
48,150,7.84290612405911,DI,1976.0,8.5,6,3,1,1,-80.5366554199915,43.4137299358975
48,150,7.58761335870817,DI,1976.0,8.5,6,3,1,1,-80.5366554199915,43.4137299358975
48,150,1.52578042931212,DI,1976.0,8.5,6,3,1,1,-80.5366554199915,43.4137299358975
48,150,254.289374255107,DI,1976.0,8.5,6,3,1,1,-80.5366554199915,43.4137299358975
48,150,150.22231567387,DI,1976.0,7.3,6,3,1,1,-80.5366554199915,43.4137299358975
50,300,16.9262792912181,DI,1974.0,8.5,7,2,0,0,,
50,300,187.769982317466,DI,1974.0,8.5,7,2,0,0,,
46,300,83.8339916513466,DI,1978.0,8.5,7,1,0,0,,
34,150,5.62695673332033,PVC,1990.0,9.35,6,2,0,0,,
34,150,108.282004606592,PVC,1990.0,9.35,6,2,0,0,,
39,200,12.8581470270423,DI,1985.0,9.1,7,1,2,1,-80.4881495424015,43.4500063381358
63,200,107.29700080833,CI,1961.0,6.15,7,1,2,1,-80.4881495424015,43.4500063381358
63,200,1.80619290713966,CI,1961.0,7.75,8,1,2,1,-80.4881495424015,43.4500063381358
77,150,253.70651059339,CI,1947.0,6.9,6,1,1,1,-80.4809548426344,43.4670110578409
70,250,64.7341334511691,CI,1954.0,7.75,6,1,0,0,,
70,250,2.12973977746552,CI,1954.0,7.75,6,1,2,1,-80.4623741731143,43.4513648814166
39,200,129.665151691818,DI,1985.0,9.1,7,1,0,0,,
39,200,2.17432128379444,DI,1985.0,9.1,0,1,0,0,,
39,200,9.63525037902514,DI,1985.0,9.1,6,1,0,0,,
28,200,7.76887197015691,PVC,1996.0,9.35,6,3,0,0,,
28,200,10.4535992723098,PVC,1996.0,9.35,6,3,0,0,,
28,200,154.143452741921,PVC,1996.0,9.35,6,3,0,0,,
28,200,184.732196869416,PVC,1996.0,9.35,6,3,0,0,,
16,300,104.526142285064,PVC,2008.0,9.35,8,1,0,0,,
53,200,11.8888044948749,DI,1971.0,8.5,6,3,0,0,,
53,200,47.4297325473115,DI,1971.0,8.5,7,3,0,0,,
50,300,12.4897764592648,DI,1974.0,8.5,7,1,0,0,,
50,300,87.4583971894231,DI,1974.0,8.5,7,1,0,0,,
50,300,181.442897599038,DI,1974.0,8.5,7,1,0,0,,
22,200,7.13402762186715,PVC,2002.0,9.35,6,2,0,0,,
22,200,10.7446876406917,PVC,2002.0,9.35,6,2,0,0,,
22,200,169.42474871988,PVC,2002.0,9.35,6,2,0,0,,
19,150,77.4987542996756,PVC,2005.0,9.35,6,1,0,0,,
19,150,94.7711868173078,PVC,2005.0,9.35,5,1,0,0,,
19,150,9.10125571813034,PVC,2005.0,9.35,5,1,0,0,,
49,300,5.28767593580842,DI,1975.0,4.58,8,1,2,1,-80.4941668502505,43.4525934119519
49,300,55.5587384916284,DI,1975.0,5.7,7,1,2,1,-80.4941668502505,43.4525934119519
49,300,15.4823738952461,DI,1975.0,8.5,7,1,0,0,,
49,300,1.50450417093058,DI,1975.0,8.5,0,1,2,1,-80.4941668502505,43.4525934119519
49,300,38.5886558925303,DI,1975.0,8.5,7,1,0,0,,
15,150,132.72720645393,PVC,2009.0,7.75,6,1,0,0,,
15,150,10.5486692999778,PVC,2009.0,9.35,6,1,0,0,,
74,150,128.120402032481,CI,1950.0,7.75,5,1,0,0,,
21,300,8.35456019593447,PVC,2003.0,9.35,6,1,0,0,,
21,300,5.0878996035105,PVC,2003.0,9.35,0,1,0,0,,
21,300,12.208891735584,PVC,2003.0,9.35,6,1,0,0,,
34,300,133.154542532266,DI,1990.0,9.1,7,1,0,0,,
46,300,24.9682710567032,DI,1978.0,8.5,7,1,0,0,,
46,300,76.7401478499571,DI,1978.0,8.5,6,1,0,0,,
66,150,6.10223800341143,CI,1958.0,7.75,5,1,0,0,,
66,150,85.7623188337749,CI,1958.0,7.75,5,1,0,0,,
17,300,2.82045008397552,PVC,2007.0,9.35,7,5,0,0,,
17,300,35.3764220148131,PVC,2007.0,9.35,7,5,0,0,,
60,300,0.61250750193259,CI,1964.0,7.85,7,1,7,1,-80.5141754022213,43.4473512448228
60,300,29.9970473996972,CI,1964.0,7.85,7,1,7,1,-80.5141754022213,43.4473512448228
60,300,199.860849337156,CI,1964.0,7.85,7,1,7,1,-80.5141754022213,43.4473512448228
60,300,227.075637598744,CI,1964.0,5.45,7,1,7,1,-80.5141754022213,43.4473512448228
60,300,304.58833546093,CI,1964.0,7.85,7,1,7,1,-80.5141754022213,43.4473512448228
30,200,11.4873350787838,PVC,1994.0,9.35,6,2,0,0,,
30,200,87.2135134440372,PVC,1994.0,9.35,6,2,0,0,,
55,200,3.66476795471111,DI,1969.0,8.5,7,1,0,0,,
55,200,167.435992658583,DI,1969.0,8.5,7,1,0,0,,
23,150,15.9105347992357,PVC,2001.0,9.35,5,1,0,0,,
23,150,2.3114507306044,PVC,2001.0,9.35,4,1,0,0,,
51,150,56.180664709948,DI,1973.0,8.5,6,1,1,1,-80.4753299948803,43.4148853246876
18,150,7.88233635660231,PVC,2006.0,9.35,6,2,0,0,,
18,150,140.825411973577,PVC,2006.0,9.35,6,2,0,0,,
18,150,14.3170722935076,PVC,2006.0,9.35,6,2,0,0,,
57,200,42.2443011723169,DI,1967.0,8.5,6,1,0,0,,
57,200,23.8642127052672,DI,1967.0,8.5,7,1,0,0,,
57,200,0.432008332843123,DI,1967.0,8.5,7,1,0,0,,
57,200,4.3946786908754,DI,1967.0,8.5,0,1,0,0,,
72,150,122.343976623187,CI,1952.0,4.95,5,1,2,1,-80.4923847642839,43.4686069114504
36,150,12.4511705499125,DI,1988.0,9.1,6,1,0,0,,
36,150,75.5807377593907,DI,1988.0,9.1,6,1,0,0,,
53,300,14.2088282649389,DI,1971.0,8.5,7,1,0,0,,
53,300,283.77143634856,DI,1971.0,8.5,6,1,0,0,,
53,300,10.6504317303145,DI,1971.0,8.5,7,1,2,1,-80.4419504733943,43.4087284036999
28,200,11.7392575774178,DI,1996.0,9.1,6,1,0,0,,
28,200,29.168884928465,DI,1996.0,9.1,6,1,0,0,,
88,150,118.481621356587,CI,1936.0,7.75,5,1,0,0,,
88,150,1.12504897652608,CI,1936.0,7.75,6,1,0,0,,
71,150,12.7319372770939,CI,1953.0,7.75,6,1,0,0,,
71,150,235.224957317111,CI,1953.0,7.75,6,1,0,0,,
77,150,47.1612319261043,CI,1947.0,7.75,5,1,0,0,,
28,150,74.7401458539483,DI,1996.0,9.1,6,1,0,0,,
47,150,159.160540046253,DI,1977.0,7.3,6,2,1,1,-80.4530218314871,43.3934972297405
47,150,9.00027470791341,DI,1977.0,8.5,6,2,1,1,-80.4530218314871,43.3934972297405
52,200,10.0632530173764,DI,1972.0,8.5,6,1,0,0,,
52,200,80.4282625251875,DI,1972.0,8.5,8,1,0,0,,
59,150,0.58545053173888,CI,1965.0,7.85,7,1,0,0,,
59,150,86.7215073448211,CI,1965.0,4.65,6,1,2,1,-80.44806526669,43.4452426640516
39,300,13.6036733923985,DI,1985.0,9.1,6,1,0,0,,
39,300,62.4231767162019,DI,1985.0,9.1,6,1,0,0,,
39,300,9.93105141354587,DI,1985.0,9.1,6,1,0,0,,
59,300,15.6437973323227,DI,1965.0,8.5,7,1,3,1,-80.4592922933936,43.4353222010894
59,300,11.5489833531391,DI,1965.0,8.5,7,1,6,1,-80.4566562154875,43.4344998008199
59,300,182.88239370646,DI,1965.0,8.5,7,1,0,0,,
53,300,18.8973722200152,DI,1971.0,8.5,6,2,0,0,,
53,300,292.533371775066,DI,1971.0,8.5,7,2,0,0,,
53,300,7.21512869512931,DI,1971.0,8.5,0,2,0,0,,
53,300,8.28144980457697,DI,1971.0,8.5,7,2,0,0,,
40,150,178.961657884376,DI,1984.0,9.1,6,0,0,0,,
40,150,11.9976653532436,DI,1984.0,9.1,6,0,0,0,,
70,150,215.045158320907,CI,1954.0,7.75,5,1,0,0,,
70,150,12.7998203550129,CI,1954.0,7.75,6,1,0,0,,
29,150,6.98393963845901,DI,1995.0,9.1,6,1,0,0,,
29,150,134.857469884859,DI,1995.0,9.1,6,1,0,0,,
53,200,77.6610476739508,DI,1971.0,8.5,5,3,0,0,,
53,200,4.88881812734268,DI,1971.0,8.5,5,3,0,0,,
53,200,4.48666968563191,DI,1971.0,8.5,0,3,0,0,,
46,300,25.1479019212027,DI,1978.0,8.5,7,1,4,1,-80.4749157307697,43.4680256479454
17,150,7.51238918085597,PVC,2007.0,9.35,6,0,0,0,,
17,150,66.9702901175411,PVC,2007.0,9.35,6,0,0,0,,
59,100,12.3443437941307,DI,1965.0,8.5,5,1,0,0,,
59,100,78.2348967943623,DI,1965.0,8.5,5,1,0,0,,
59,100,7.70895905747307,DI,1965.0,8.5,0,1,0,0,,
58,150,12.4248150726914,DI,1966.0,8.5,6,1,1,1,-80.4398113524205,43.4450669899484
58,150,198.850357915993,DI,1966.0,8.5,6,1,1,1,-80.4398113524205,43.4450669899484
58,150,7.66739846465184,DI,1966.0,8.5,6,1,1,1,-80.4398113524205,43.4450669899484
46,300,105.804977183856,DI,1978.0,8.5,7,3,0,0,,
46,300,118.308572219298,DI,1978.0,8.5,7,1,0,0,,
75,300,26.5267355655734,CI,1949.0,7.75,7,1,0,0,,
55,150,117.061524418562,DI,1969.0,8.5,5,3,0,0,,
55,150,12.7495233237809,DI,1969.0,8.5,5,3,0,0,,
73,450,85.9210717478991,CI,1951.0,7.75,6,1,2,1,-80.5064032467737,43.4421469412875
39,300,172.056230230319,DI,1985.0,9.1,6,0,0,0,,
60,150,7.23381294711986,CI,1964.0,7.85,6,1,2,1,-80.4511007673365,43.4543076269104
60,150,168.272193041483,CI,1964.0,7.05,6,1,2,1,-80.4511007673365,43.4543076269104
98,150,0.702521401343847,CI,1926.0,7.75,0,1,0,0,,
98,150,168.006952785791,CI,1926.0,5.5,6,1,0,0,,
52,150,3.76398233925072,DI,1972.0,8.5,0,5,0,0,,
52,150,1.23644548614923,DI,1972.0,8.5,0,5,0,0,,
52,150,111.010696009733,DI,1972.0,8.5,5,5,0,0,,
52,150,215.784193508232,DI,1972.0,8.5,5,5,0,0,,
52,150,12.6155822490175,DI,1972.0,8.5,5,5,0,0,,
71,150,0.607595259860177,CI,1953.0,7.75,6,1,5,1,-80.453280933076,43.4410921800946
22,150,12.2453167868026,PVC,2002.0,9.35,6,3,0,0,,
22,150,75.3140360111253,PVC,2002.0,9.35,6,3,0,0,,
75,300,187.464171685527,CI,1949.0,7.75,7,1,0,0,,
38,150,12.3048754591206,DI,1986.0,9.1,5,3,0,0,,
38,150,27.5092999810709,DI,1986.0,9.1,5,3,0,0,,
20,200,0.658151105549453,PVC,2004.0,9.35,0,3,0,0,,
20,200,43.0975509778219,PVC,2004.0,9.35,6,3,0,0,,
20,200,100.056183985784,PVC,2004.0,9.35,6,3,0,0,,
62,150,63.9530528081311,CI,1962.0,5.45,6,1,1,1,-80.4392483213003,43.434618856039
15,200,5.1445072803415,PVC,2009.0,9.35,7,1,0,0,,
25,300,11.8502757175763,PVC,1999.0,9.35,6,3,0,0,,
25,300,65.7818252857608,PVC,1999.0,9.35,6,3,0,0,,
29,200,85.2453193577966,DI,1995.0,9.1,6,1,0,0,,
26,250,5.21094742352716,PVC,1998.0,9.35,6,4,0,0,,
26,250,56.6043957050538,PVC,1998.0,9.35,5,4,0,0,,
15,300,2.83805057928787,PVC,2009.0,9.35,6,0,0,0,,
15,150,11.8664425282307,PVC,2009.0,9.35,6,1,0,0,,
15,150,83.2155824132946,PVC,2009.0,9.35,6,1,0,0,,
19,150,12.4564964509545,PVC,2005.0,9.35,6,1,0,0,,
19,150,70.4061187380013,PVC,2005.0,9.35,5,1,0,0,,
62,150,12.4850106911657,CI,1962.0,7.85,6,1,2,1,-80.5105245991486,43.4244322340581
62,150,77.4924437577463,CI,1962.0,5.45,5,1,2,1,-80.5105245991486,43.4244322340581
43,150,15.1674018121051,DI,1981.0,8.5,6,2,0,0,,
43,150,158.999950155991,DI,1981.0,8.5,6,2,0,0,,
42,300,58.6612951351087,DI,1982.0,9.1,6,1,0,0,,
42,300,10.0836627230437,DI,1982.0,9.1,7,1,0,0,,
29,300,72.1005333850001,PVC,1995.0,9.35,6,1,0,0,,
29,300,11.0388370775134,PVC,1995.0,9.35,6,1,0,0,,
65,300,115.120916283571,CI,1959.0,7.75,7,1,0,0,,
65,300,6.0579303917175,CI,1959.0,7.75,7,1,0,0,,
65,300,4.9282396287798,CI,1959.0,7.75,0,1,0,0,,
50,150,7.62348173260709,CI,1974.0,8.35,6,3,3,1,-80.4979857094221,43.4129509171735
50,150,179.030165540328,CI,1974.0,5.55,6,3,3,1,-80.4979857094221,43.4129509171735
50,150,7.74661711966049,CI,1974.0,8.35,6,3,3,1,-80.4979857094221,43.4129509171735
50,150,185.80515279065,CI,1974.0,8.35,6,3,3,1,-80.4979857094221,43.4129509171735
27,150,144.344355587029,DI,1997.0,9.1,5,0,0,0,,
27,150,12.2476692975268,DI,1997.0,9.1,5,0,0,0,,
41,300,4.67637308388246,DI,1983.0,9.1,7,1,0,0,,
21,300,27.4392258151432,PVC,2003.0,9.35,6,3,0,0,,
21,300,11.7069567357773,PVC,2003.0,9.35,6,3,0,0,,
48,600,8.06318437466847,DI,1976.0,8.5,0,1,0,0,,
91,300,4.32487630829433,CI,1933.0,7.75,6,1,0,0,,
30,200,6.23027677240284,DI,1994.0,9.1,7,0,0,0,,
30,200,0.697303835744308,DI,1994.0,9.1,7,0,0,0,,
30,200,130.471290543388,DI,1994.0,9.1,7,0,0,0,,
94,300,24.9550929403628,CI,1930.0,7.75,6,1,0,0,,
56,200,7.62023849514535,DI,1968.0,8.5,5,1,0,0,,
56,200,71.8348800689085,DI,1968.0,8.5,5,1,0,0,,
21,150,10.6385889891194,PVC,2003.0,9.35,6,2,0,0,,
21,150,12.8413451331782,PVC,2003.0,9.35,6,2,0,0,,
21,150,142.313868659939,PVC,2003.0,9.35,6,2,0,0,,
47,600,420.165476564561,DI,1977.0,8.5,7,1,0,0,,
13,150,110.114653450007,PVC,2011.0,9.35,6,2,0,0,,
13,150,14.6499239440189,PVC,2011.0,9.35,6,2,0,0,,
55,450,0.584598049806351,DI,1969.0,8.5,7,2,0,0,,
46,150,7.12614171822205,DI,1978.0,8.5,5,0,2,1,-80.5431225568613,43.4133960373115
46,150,74.0688567404274,DI,1978.0,5.3,6,0,2,1,-80.5431225568613,43.4133960373115
35,150,2.06064386017645,DI,1989.0,9.1,0,0,1,1,-80.5414917653935,43.4345299728912
35,150,6.22608223502225,DI,1989.0,9.1,6,0,1,1,-80.5414917653935,43.4345299728912
35,150,181.422691385712,DI,1989.0,9.1,6,0,1,1,-80.5414917653935,43.4345299728912
35,150,203.013629680075,DI,1989.0,9.1,6,0,1,1,-80.5414917653935,43.4345299728912
35,150,4.42960874930297,DI,1989.0,9.1,6,0,1,1,-80.5414917653935,43.4345299728912
19,150,9.28725743442443,PVC,2005.0,9.35,5,1,0,0,,
19,150,60.8552277884025,PVC,2005.0,9.35,6,1,0,0,,
70,200,8.18753336926163,CI,1954.0,7.75,6,1,0,0,,
51,100,55.731728927169,DI,1973.0,8.5,5,1,1,1,-80.4753299948803,43.4148853246876
51,100,1.21425203315999,DI,1973.0,8.5,5,1,1,1,-80.4753299948803,43.4148853246876
48,150,5.03239160675998,DI,1976.0,8.5,5,1,0,0,,
48,150,112.591455087155,DI,1976.0,8.5,5,1,0,0,,
48,150,10.1987087576459,DI,1976.0,8.5,5,1,0,0,,
56,300,15.6376478520291,DI,1968.0,8.5,7,3,6,1,-80.5253316852334,43.4394190277826
55,300,161.054069509515,DI,1969.0,4.9,7,3,6,1,-80.5253316852334,43.4394190277826
48,300,6.74407206280722,DI,1976.0,8.5,7,1,1,1,-80.4800641631084,43.4678751965881
72,150,111.705600416694,CI,1952.0,7.75,6,1,0,0,,
43,150,6.68300303748349,DI,1981.0,8.5,5,1,0,0,,
43,150,98.2380811195465,DI,1981.0,8.5,5,1,0,0,,
77,150,85.7905700001108,CI,1947.0,7.75,6,1,0,0,,
29,200,0.844150698162107,PVC,1995.0,9.35,6,1,0,0,,
29,200,61.407359535798,PVC,1995.0,9.35,7,1,0,0,,
48,200,11.3032895814025,DI,1976.0,8.5,6,2,0,0,,
48,200,54.4680629376523,DI,1976.0,8.5,6,2,0,0,,
23,300,25.7054625281465,PVC,2001.0,9.35,7,1,0,0,,
23,300,7.22995882317329,PVC,2001.0,9.35,7,1,0,0,,
23,300,7.09877005905308,PVC,2001.0,9.35,7,1,0,0,,
14,300,197.675698448025,PVC,2010.0,8.55,7,1,0,0,,
91,300,7.66815428166733,CI,1933.0,7.75,7,1,2,1,-80.4857453119501,43.4601196215637
21,250,5.54689036169417,PVC,2003.0,9.35,6,3,0,0,,
21,250,5.98097064569028,PVC,2003.0,9.35,6,3,0,0,,
21,250,50.5048386005034,PVC,2003.0,9.35,6,3,0,0,,
57,150,75.5020706717993,DI,1967.0,8.5,5,1,1,1,-80.5183133579731,43.432821641074
57,150,7.69820533492652,DI,1967.0,8.5,5,1,1,1,-80.5183133579731,43.432821641074
76,150,1.49056867738331,CI,1948.0,7.75,6,1,0,0,,
76,150,182.595296258066,CI,1948.0,7.3,6,1,0,0,,
21,150,1.35087479580897,PVC,2003.0,9.35,5,4,0,0,,
21,150,9.2618520230424,PVC,2003.0,9.35,5,4,0,0,,
21,150,256.409416912839,PVC,2003.0,9.35,5,4,0,0,,
49,200,8.21180006553882,DI,1975.0,8.5,7,1,2,1,-80.4839803708363,43.4607948283607
46,300,28.1203005578424,DI,1978.0,8.5,6,1,0,0,,
46,300,13.6554391043307,DI,1978.0,8.5,6,1,0,0,,
108,100,5.47369546851907,CI,1916.0,7.75,6,1,2,1,-80.4839803708363,43.4607948283607
108,100,0.73678936024291,CI,1916.0,7.75,0,1,2,1,-80.4839803708363,43.4607948283607
38,450,57.7617119710371,DI,1986.0,9.1,7,0,0,0,,
18,150,11.5182975990671,PVC,2006.0,9.35,6,1,0,0,,
18,150,42.5350049868562,PVC,2006.0,9.35,6,1,0,0,,
18,150,13.7107116343811,PVC,2006.0,9.35,6,1,0,0,,
18,150,88.4969734054241,PVC,2006.0,9.35,6,1,0,0,,
18,150,84.7939251680768,PVC,2006.0,9.35,6,1,0,0,,
21,150,12.9470382905876,PVC,2003.0,9.35,6,1,0,0,,
21,150,175.582443771565,PVC,2003.0,9.35,6,1,0,0,,
21,150,90.9678400416276,PVC,2003.0,9.35,6,1,0,0,,
21,150,130.621913173938,PVC,2003.0,9.35,6,1,0,0,,
21,150,13.1661040483046,PVC,2003.0,9.35,6,1,0,0,,
63,150,16.9331317121757,CI,1961.0,7.75,6,1,2,1,-80.4360217489741,43.4332985065065
63,150,67.2162984898593,CI,1961.0,3.7,6,1,2,1,-80.4360217489741,43.4332985065065
39,300,3.56011673832954,DI,1985.0,9.1,7,1,0,0,,
39,300,49.508863669298,DI,1985.0,9.1,7,1,0,0,,
39,300,13.3627217314211,DI,1985.0,9.1,7,1,0,0,,
39,300,88.6186902888755,DI,1985.0,9.1,7,1,0,0,,
19,200,13.8147555577965,PVC,2005.0,9.35,7,1,0,0,,
19,200,71.7887524355733,PVC,2005.0,9.35,7,1,0,0,,
55,450,149.043673003193,DI,1969.0,8.5,6,2,0,0,,
27,300,10.3087522604498,PVC,1997.0,9.35,7,3,0,0,,
27,300,86.9357056711315,PVC,1997.0,9.35,7,3,0,0,,
27,300,9.04055973957357,PVC,1997.0,9.35,7,3,0,0,,
14,250,9.5640316587998,PVC,2010.0,9.35,7,1,0,0,,
17,300,7.17721542603818,PVC,2007.0,9.35,6,1,0,0,,
17,300,69.1764476704683,PVC,2007.0,9.35,7,1,0,0,,
17,300,6.45625060489518,PVC,2007.0,9.35,6,1,0,0,,
39,300,60.9428147051444,DI,1985.0,9.1,7,1,0,0,,
39,300,14.7299987083692,DI,1985.0,9.1,7,1,0,0,,
49,300,1.84833975252126,DI,1975.0,8.5,7,3,0,0,,
49,300,132.275888693817,DI,1975.0,8.5,6,3,0,0,,
14,300,8.18049761835231,PVC,2010.0,9.35,6,2,0,0,,
14,300,175.918523265553,PVC,2010.0,9.35,6,2,0,0,,
23,300,7.29122038258242,PVC,2001.0,9.35,7,1,0,0,,
23,300,10.6135965980119,PVC,2001.0,9.35,7,1,0,0,,
29,200,5.66075774404747,PVC,1995.0,9.35,6,3,0,0,,
29,200,178.965623555863,PVC,1995.0,9.35,6,3,0,0,,
57,150,98.541808520626,CI,1967.0,4.65,5,1,2,1,-80.4367385943782,43.451819546029
38,150,8.29817718621655,DI,1986.0,9.1,5,1,0,0,,
38,150,103.480127898355,DI,1986.0,9.1,5,1,0,0,,
57,150,107.579941291266,DI,1967.0,5.7,5,1,2,1,-80.4421745217812,43.4442758634729
19,150,5.9199571858649,PVC,2005.0,9.35,6,4,0,0,,
19,150,10.66839328761,PVC,2005.0,9.35,5,4,0,0,,
19,150,123.080234069501,PVC,2005.0,9.35,6,4,0,0,,
64,150,1.23958400589814,CI,1960.0,7.75,6,1,3,1,-80.4517153002349,43.4524734620514
64,150,247.546442212331,CI,1960.0,4.9,7,1,3,1,-80.4503720347472,43.4534948486929
15,200,2.23554288905285,PVC,2009.0,9.35,6,1,0,0,,
15,200,115.816933797713,PVC,2009.0,9.35,7,1,0,0,,
26,150,10.8430585702578,PVC,1998.0,9.35,6,2,0,0,,
26,150,131.650224734826,PVC,1998.0,9.35,6,2,0,0,,
51,200,24.761074291977,DI,1973.0,8.5,7,3,0,0,,
51,200,72.0574940416471,DI,1973.0,8.5,7,3,0,0,,
59,300,23.3172534012303,DI,1965.0,8.5,7,1,0,0,,
59,300,0.909492429831313,DI,1965.0,8.5,7,1,0,0,,
71,150,1.0794440054308,CI,1953.0,7.75,0,1,0,0,,
71,150,6.38837339020278,CI,1953.0,7.75,6,1,0,0,,
71,150,93.0739949156652,CI,1953.0,7.75,6,1,0,0,,
85,300,90.1261250563159,CI,1939.0,4.55,7,1,2,1,-80.4710995843021,43.450148624496
70,200,88.0805450719288,CI,1954.0,7.75,6,1,0,0,,
51,300,64.306405383968,CI,1973.0,8.35,6,1,0,0,,
53,250,8.89885934286876,DI,1971.0,8.5,6,3,0,0,,
53,250,26.6824047808749,DI,1971.0,8.5,6,3,0,0,,
43,150,3.02285634317901,DI,1981.0,8.5,5,1,0,0,,
22,150,7.82467899939765,PVC,2002.0,9.35,6,1,1,1,-80.4780905670136,43.4579883725468
22,150,11.4775250655822,PVC,2002.0,9.35,6,1,1,1,-80.4780905670136,43.4579883725468
53,200,13.3578683234082,DI,1971.0,8.5,6,3,0,0,,
53,200,84.2951406605245,DI,1971.0,8.5,6,3,0,0,,
57,150,0.609710488885679,DI,1967.0,8.5,5,1,0,0,,
57,150,208.657185605736,DI,1967.0,8.5,5,1,1,1,-80.4395207873843,43.4447884126884
57,150,52.689603106636,DI,1967.0,8.5,4,1,1,1,-80.4395207873843,43.4447884126884
64,100,0.462038959494003,CI,1960.0,7.75,5,1,1,1,-80.4622608007637,43.4493998530464
64,100,83.9442532933797,CI,1960.0,5.75,5,1,1,1,-80.4622608007637,43.4493998530464
35,300,55.8214016838781,DI,1989.0,9.1,6,1,0,0,,
35,300,74.0008758328554,DI,1989.0,9.1,6,1,0,0,,
35,300,124.965801809856,DI,1989.0,9.1,6,1,0,0,,
35,300,11.2265269898533,DI,1989.0,9.1,6,1,0,0,,
45,300,11.4475992777801,DI,1979.0,8.5,6,5,0,0,,
45,300,130.606313226126,DI,1979.0,8.5,5,5,0,0,,
59,300,33.6528929823749,DI,1965.0,8.5,7,1,0,0,,
59,300,101.987223780708,DI,1965.0,8.5,7,1,0,0,,
66,150,122.843583323962,CI,1958.0,4.55,5,1,3,1,-80.5020646347121,43.42803981496
66,150,13.667404727241,CI,1958.0,7.75,5,1,3,1,-80.5020646347121,43.42803981496
72,150,126.936393596318,CI,1952.0,7.75,7,1,0,0,,
36,150,0.390390368743047,DI,1988.0,9.1,0,1,0,0,,
36,150,0.890100739151282,DI,1988.0,9.1,6,1,0,0,,
36,150,11.2211407623201,DI,1988.0,9.1,6,1,0,0,,
36,150,58.4093107067111,DI,1988.0,9.1,6,1,0,0,,
56,150,12.6125686385435,DI,1968.0,8.5,5,1,0,0,,
56,150,87.8004300862502,DI,1968.0,8.5,5,1,0,0,,
19,150,6.01972490353426,DI,2005.0,9.1,5,1,0,0,,
19,150,114.949886016799,DI,2005.0,9.1,5,1,0,0,,
19,150,1.2279878815068,DI,2005.0,9.1,0,1,0,0,,
66,150,6.85120303654027,CI,1958.0,7.75,5,1,0,0,,
66,150,0.599833710566029,CI,1958.0,7.75,5,1,2,1,-80.4623741731143,43.4513648814166
66,150,372.902778833956,CI,1958.0,6.15,5,1,3,1,-80.461944746093,43.4515147146989
28,300,4.13437808253298,PVC,1996.0,9.35,6,5,0,0,,
28,300,27.7473385529395,PVC,1996.0,9.35,7,5,0,0,,
33,150,12.753448924045,DI,1991.0,9.1,6,1,0,0,,
58,200,121.271300684788,DI,1966.0,6.9,6,1,1,1,-80.4375211671381,43.4461567149022
58,200,2.99654179346967,DI,1966.0,8.5,6,1,1,1,-80.4375211671381,43.4461567149022
46,300,2.34568420686606,DI,1978.0,8.5,6,1,0,0,,
46,300,198.346496914728,DI,1978.0,8.5,6,1,0,0,,
46,300,11.6945482074563,DI,1978.0,8.5,6,1,0,0,,
33,300,28.5747000078297,DI,1991.0,9.1,7,5,0,0,,
33,300,37.8970301169678,DI,1991.0,9.1,6,5,0,0,,
33,300,33.7050598077567,DI,1991.0,9.1,7,5,0,0,,
33,300,100.915963410682,DI,1991.0,9.1,6,5,0,0,,
33,300,89.1010517562148,DI,1991.0,9.1,6,5,0,0,,
32,300,3.68073166705675,DI,1992.0,9.1,7,3,0,0,,
32,300,155.015808340064,DI,1992.0,9.1,7,3,0,0,,
22,150,70.0898472272439,PVC,2002.0,9.35,6,0,0,0,,
22,150,7.58187744544765,PVC,2002.0,9.35,6,0,0,0,,
97,150,143.863393429455,CI,1927.0,5.35,6,1,2,1,-80.5010145579406,43.4394837223321
97,150,12.955801252405,CI,1927.0,7.75,5,1,0,0,,
46,300,67.8816663328633,DI,1978.0,8.5,7,0,0,0,,
46,300,8.1215549292253,DI,1978.0,8.5,7,0,0,0,,
55,300,14.6574870298604,DI,1969.0,8.5,6,3,0,0,,
55,300,126.014029434227,DI,1969.0,8.5,6,3,0,0,,
20,200,11.3083249881491,PVC,2004.0,9.35,6,3,0,0,,
20,200,23.2931604504753,PVC,2004.0,9.35,6,3,0,0,,
26,300,12.7607642313455,PVC,1998.0,9.35,7,1,0,0,,
26,300,76.8568912694461,PVC,1998.0,9.35,7,1,0,0,,
26,300,13.1750635876574,PVC,1998.0,9.35,7,1,0,0,,
69,150,6.46865894004718,CI,1955.0,7.75,5,1,1,1,-80.4552018013187,43.4576055398552
48,300,146.320474588636,DI,1976.0,8.5,7,2,0,0,,
48,300,4.66648031881817,DI,1976.0,8.5,7,2,0,0,,
50,300,1.67660466394189,DI,1974.0,8.5,7,2,0,0,,
50,300,178.99822067706,DI,1974.0,8.5,7,2,1,1,-80.443571750618,43.395006580503
50,300,2.03258645883953,DI,1974.0,8.5,7,2,1,1,-80.443571750618,43.395006580503
67,150,3.04820054725832,CI,1957.0,7.75,7,1,6,1,-80.4566562154875,43.4344998008199
67,150,151.183093555772,CI,1957.0,4.1,7,1,6,1,-80.4566562154875,43.4344998008199
67,150,10.7698952841982,CI,1957.0,7.75,7,1,6,1,-80.4566562154875,43.4344998008199
43,200,8.16025601604384,DI,1981.0,8.5,6,2,0,0,,
43,200,13.6841417474541,DI,1981.0,8.5,7,2,1,1,-80.4142095320671,43.3928337632287
43,200,287.15183011826,DI,1981.0,8.5,7,2,0,0,,
48,200,10.5709392915919,DI,1976.0,8.5,7,2,0,0,,
48,200,92.9227858565914,DI,1976.0,8.5,7,2,0,0,,
29,150,6.93351131375573,PVC,1995.0,9.35,6,1,0,0,,
29,150,117.419344872013,PVC,1995.0,9.35,6,1,0,0,,
66,150,92.0713082413016,CI,1958.0,5.75,5,1,4,1,-80.4601252264512,43.4490592529973
66,150,128.825157941483,CI,1958.0,4.55,5,1,4,1,-80.4601252264512,43.4490592529973
20,600,18.6466727046052,CPP,2004.0,9.55,0,1,0,0,,
20,600,352.549350905569,CPP,2004.0,9.15,8,1,0,0,,
20,600,104.651928101708,CPP,2004.0,7.95,0,1,0,0,,
18,300,0.35259350532224,PVC,2006.0,9.35,7,1,1,1,-80.5156778596301,43.4415014582893
16,300,11.0815843720854,PVC,2008.0,9.35,8,1,0,0,,
66,200,0.424840135084589,CI,1958.0,7.75,6,1,0,0,,
16,300,5.0783711794186,PVC,2008.0,9.35,8,1,0,0,,
24,200,25.3689097205064,PVC,2000.0,9.35,7,1,0,0,,
42,300,13.0814037853363,DI,1982.0,9.1,6,1,0,0,,
36,150,1.70667426352934,DI,1988.0,9.1,5,3,0,0,,
36,150,50.744461536681,DI,1988.0,9.1,5,3,0,0,,
72,450,42.1020260284091,AC,1952.0,8.5,8,3,0,0,,
23,200,4.55658266683313,PVC,2001.0,9.35,6,1,0,0,,
23,200,15.048805303517,PVC,2001.0,9.35,6,1,0,0,,
23,200,14.8006037611183,PVC,2001.0,9.35,6,1,0,0,,
38,300,4.58819229727997,DI,1986.0,9.1,6,1,0,0,,
18,150,19.4975456649269,PVC,2006.0,9.35,5,1,0,0,,
38,300,2.28804143354341,DI,1986.0,9.1,7,1,0,0,,
38,300,3.75859245388354,DI,1986.0,9.1,7,1,0,0,,
38,300,0.447922145773579,DI,1986.0,9.1,7,1,0,0,,
19,150,71.6081422838434,PVC,2005.0,9.35,6,3,0,0,,
19,150,6.83217256159662,PVC,2005.0,9.35,6,3,0,0,,
23,200,4.09393434203907,PVC,2001.0,9.35,0,1,0,0,,
23,200,160.163414411392,PVC,2001.0,9.35,6,1,0,0,,
23,200,11.1210596258864,PVC,2001.0,9.35,6,1,0,0,,
65,150,161.379685615796,CI,1959.0,7.3,6,1,1,1,-80.4575201771382,43.443200798184
36,300,5.19758233119016,DI,1988.0,9.1,7,0,1,1,-80.5392137788314,43.4335477733371
38,300,6.5772138050582,DI,1986.0,9.1,7,0,0,0,,
38,300,463.868871767693,DI,1986.0,9.1,8,0,1,1,-80.5392137788314,43.4335477733371
16,600,211.011172444596,PVC,2008.0,9.35,0,1,0,0,,
51,200,0.732062947471027,DI,1973.0,8.5,6,1,0,0,,
33,150,55.5007127951455,DI,1991.0,9.1,7,1,0,0,,
20,300,3.0831472877401,PVC,2004.0,9.35,8,1,0,0,,
16,300,3.43729767296154,PVC,2008.0,9.35,8,1,0,0,,
20,300,23.2449261913047,PVC,2004.0,9.35,8,1,0,0,,
33,300,0.914470774559891,DI,1991.0,9.1,7,1,6,1,-80.4566562154875,43.4344998008199
17,200,0.952617388695109,PVC,2007.0,9.35,6,1,0,0,,
29,300,0.987212397858103,PVC,1995.0,9.35,6,1,0,0,,
26,300,1.07959650354812,PVC,1998.0,9.35,7,1,0,0,,
56,300,1.08887619169503,DI,1968.0,8.5,7,1,0,0,,
43,200,1.10247619453465,DI,1981.0,8.5,6,2,0,0,,
16,300,2.72077579127475,PVC,2008.0,9.35,0,1,0,0,,
16,300,4.52919524473417,PVC,2008.0,9.35,7,1,0,0,,
16,600,17.0331854432809,PVC,2008.0,9.35,0,1,0,0,,
48,300,1.76248660419552,DI,1976.0,8.5,7,1,0,0,,
16,600,42.2453069086055,PVC,2008.0,6.15,0,1,0,0,,
20,150,4.51252285357069,PVC,2004.0,9.35,0,1,0,0,,
20,150,101.793543694694,PVC,2004.0,9.35,6,1,0,0,,
20,150,1.25018926434412,PVC,2004.0,9.35,6,1,0,0,,
20,150,3.26957671861101,PVC,2004.0,9.35,0,1,0,0,,
20,150,99.4130883753772,PVC,2004.0,9.35,6,1,0,0,,
38,300,157.427282018231,DI,1986.0,9.1,7,1,0,0,,
64,600,268.950378858269,CPP,1960.0,8.55,6,1,3,1,-80.4592922933936,43.4353222010894
75,300,235.050469790607,CI,1949.0,7.75,6,1,0,0,,
51,300,47.135239346048,DI,1973.0,8.5,7,1,0,0,,
51,300,9.30648122557057,DI,1973.0,8.5,0,1,0,0,,
51,0,11.8869812942835,DI,1973.0,8.5,7,1,0,0,,
29,450,13.507284139527,PVC,1995.0,9.35,6,0,0,0,,
29,450,109.322784448271,PVC,1995.0,9.35,7,0,0,0,,
54,300,84.9280997680025,DI,1970.0,8.5,7,1,0,0,,
27,600,21.7779680863427,DI,1997.0,9.1,7,3,0,0,,
47,150,55.5764575205811,DI,1977.0,8.5,4,3,0,0,,
23,200,98.3149152259223,PVC,2001.0,9.35,6,1,0,0,,
23,200,3.30126385493788,PVC,2001.0,9.35,0,1,0,0,,
23,200,16.1860812304007,PVC,2001.0,9.35,6,1,0,0,,
48,300,3.26147718723169,DI,1976.0,8.5,6,1,0,0,,
48,150,2.77994534644325,DI,1976.0,8.5,6,1,0,0,,
48,300,12.1590837308035,DI,1976.0,8.5,6,1,0,0,,
48,150,2.58581513079549,DI,1976.0,8.5,0,1,0,0,,
16,150,14.4669884865698,PVC,2008.0,9.35,6,1,1,1,-80.4588482823722,43.4437260694634
16,150,133.309134788727,PVC,2008.0,9.35,5,1,1,1,-80.4588482823722,43.4437260694634
16,150,7.69397736546082,PVC,2008.0,9.35,5,1,1,1,-80.4588482823722,43.4437260694634
16,150,106.418019880269,PVC,2008.0,5.75,5,1,1,1,-80.4588482823722,43.4437260694634
32,450,651.136101723452,AC,1992.0,8.9,6,1,3,1,-80.4962791321734,43.4261301130748
32,450,13.5789691882764,AC,1992.0,8.9,0,1,4,1,-80.4983458070912,43.4290502428461
23,200,5.2165125433256,PVC,2001.0,9.35,0,3,1,1,-80.5243438706733,43.410173513885
24,300,0.800042054688934,DI,2000.0,9.1,6,1,0,0,,
19,150,5.82114500423587,PVC,2005.0,9.35,6,3,0,0,,
19,150,45.8165599352692,PVC,2005.0,9.35,6,3,0,0,,
19,150,105.771748323905,PVC,2005.0,9.35,6,3,0,0,,
24,250,5.44479279075371,DI,2000.0,9.1,7,1,0,0,,
24,250,1.7378352234057,DI,2000.0,9.1,7,1,0,0,,
42,300,66.058916963672,DI,1982.0,9.1,6,1,0,0,,
20,150,6.33857284412817,PVC,2004.0,9.35,6,1,0,0,,
20,150,73.5437805531909,PVC,2004.0,9.35,6,1,0,0,,
20,150,2.23449819395288,PVC,2004.0,9.35,0,1,0,0,,
77,300,38.4362595538127,CI,1947.0,7.75,7,1,0,0,,
21,300,287.13613128768,PVC,2003.0,9.35,7,1,0,0,,
21,300,1.75545291056339,PVC,2003.0,9.35,7,1,0,0,,
21,300,311.355993429583,PVC,2003.0,9.35,8,1,0,0,,
2,600,240.151332270064,PVC,2022.0,8.5,8,3,0,0,,
52,450,14.5233641971446,DI,1972.0,8.5,6,1,0,0,,
52,450,0.968234105184281,DI,1972.0,8.5,6,1,0,0,,
52,450,61.9590732895183,DI,1972.0,8.5,6,1,0,0,,
59,450,43.2573443266262,DI,1965.0,8.5,0,1,0,0,,
16,200,57.0556778123239,PVC,2008.0,9.35,5,3,0,0,,
16,200,9.7031233524976,PVC,2008.0,9.35,5,3,0,0,,
19,150,3.20120983331953,PVC,2005.0,9.35,6,3,0,0,,
19,150,69.4029278431169,PVC,2005.0,9.35,6,3,0,0,,
19,150,69.2513871885593,PVC,2005.0,9.35,6,3,0,0,,
33,300,18.1347009678912,DI,1991.0,9.1,7,1,0,0,,
33,300,118.731217564887,DI,1991.0,9.1,8,1,0,0,,
33,300,100.598433779964,DI,1991.0,9.1,8,1,0,0,,
18,50,6.43947285079689,PVC,2006.0,9.35,5,3,0,0,,
18,50,0.62994730529038,PVC,2006.0,9.35,0,3,0,0,,
29,300,1.98232461481946,PVC,1995.0,9.35,7,1,0,0,,
29,300,3.70420351044962,PVC,1995.0,9.35,6,1,0,0,,
29,300,203.478932010735,PVC,1995.0,9.35,7,1,0,0,,
33,300,131.925736775972,DI,1991.0,9.1,7,1,0,0,,
33,300,10.4512270898105,DI,1991.0,9.1,6,1,0,0,,
33,300,6.61146073584215,DI,1991.0,9.1,6,1,0,0,,
33,300,3.94760262264891,DI,1991.0,9.1,7,1,0,0,,
33,300,110.363992161933,DI,1991.0,9.1,7,1,0,0,,
45,300,239.919802128118,DI,1979.0,8.5,5,5,0,0,,
59,300,149.75402500407,DI,1965.0,8.5,7,1,6,1,-80.4566562154875,43.4344998008199
59,300,106.657121522322,DI,1965.0,8.5,7,1,6,1,-80.4566562154875,43.4344998008199
10,200,6.08455452149853,PVC,2014.0,9.35,6,2,0,0,,
10,200,109.715851649579,PVC,2014.0,9.35,5,2,0,0,,
12,200,1.64250820756936,PVC,2012.0,9.35,5,2,0,0,,
12,200,107.317947073093,PVC,2012.0,9.35,5,2,0,0,,
12,200,6.12098498896281,PVC,2012.0,9.35,5,2,0,0,,
13,200,7.02695487471464,PVC,2011.0,9.35,5,1,0,0,,
13,200,131.857856019082,PVC,2011.0,9.35,6,1,0,0,,
13,200,30.1514797782194,PVC,2011.0,9.35,5,1,0,0,,
13,200,5.92122761001457,PVC,2011.0,9.35,5,1,0,0,,
32,300,24.6229860472443,DI,1992.0,9.1,7,3,0,0,,
32,300,83.9771247119747,DI,1992.0,9.1,7,3,0,0,,
58,150,1.21383862258723,CI,1966.0,7.85,7,1,1,1,-80.4427425948812,43.4608762190865
58,150,174.212536875391,CI,1966.0,5.85,7,1,1,1,-80.4427425948812,43.4608762190865
56,150,7.60891133579289,CI,1968.0,7.85,6,1,1,1,-80.4427425948812,43.4608762190865
56,150,1.1860586322743,CI,1968.0,7.85,7,1,1,1,-80.4427425948812,43.4608762190865
11,300,24.69100206461,PVC,2013.0,9.35,6,2,0,0,,
11,300,66.6789574636604,PVC,2013.0,9.35,6,2,0,0,,
34,300,14.2621543701739,DI,1990.0,9.1,7,3,0,0,,
24,300,32.8107712539801,PVC,2000.0,9.35,7,1,0,0,,
24,300,101.275052115384,PVC,2000.0,9.35,7,1,0,0,,
24,300,8.22888205312809,PVC,2000.0,9.35,7,1,0,0,,
24,300,41.8778449860788,PVC,2000.0,9.35,7,1,0,0,,
24,300,98.4202814686224,PVC,2000.0,9.35,8,1,0,0,,
23,450,17.0153310753428,PVC,2001.0,9.35,7,1,0,0,,
23,450,2.36437181547951,PVC,2001.0,9.35,0,3,0,0,,
61,600,49.2082918454048,CPP,1963.0,9.15,6,1,2,1,-80.4603298891843,43.4370422209292
61,600,455.774852026089,CPP,1963.0,9.15,7,1,2,1,-80.4603298891843,43.4370422209292
61,600,223.130264678359,CPP,1963.0,9.15,7,1,0,0,,
19,150,7.30644607895426,PVC,2005.0,9.35,6,1,0,0,,
19,150,0.426310334046889,PVC,2005.0,9.35,7,1,0,0,,
19,150,131.39722925837,PVC,2005.0,7.75,6,1,0,0,,
19,150,145.535646932754,PVC,2005.0,8.15,7,1,0,0,,
38,300,3.80036800150381,DI,1986.0,9.1,6,1,0,0,,
38,300,58.5542919687559,DI,1986.0,9.1,7,1,0,0,,
19,150,4.80343306967152,PVC,2005.0,9.35,6,1,1,1,-80.4963250768428,43.4398453127661
19,150,158.536545044917,PVC,2005.0,8.15,6,1,1,1,-80.4963250768428,43.4398453127661
36,150,151.781265216196,DI,1988.0,9.1,5,3,0,0,,
15,150,13.0402346881123,PVC,2009.0,9.35,5,3,0,0,,
15,150,73.3402291735333,PVC,2009.0,9.35,5,3,0,0,,
55,200,7.99388083950419,PVC,1969.0,9.35,6,1,0,0,,
19,200,107.281416994016,PVC,2005.0,9.35,7,1,0,0,,
34,300,9.76757356287323,DI,1990.0,9.1,7,1,0,0,,
34,300,1.12773791346687,DI,1990.0,9.1,0,1,0,0,,
34,300,5.96983757146084,DI,1990.0,9.1,7,1,0,0,,
34,300,66.1292692218084,DI,1990.0,9.1,7,1,0,0,,
20,300,69.6386680637118,PVC,2004.0,9.35,6,3,0,0,,
20,300,12.3038050428444,PVC,2004.0,9.35,6,3,0,0,,
58,600,213.312794273007,CPP,1966.0,9.15,6,1,0,0,,
58,600,3.56759230858816,CPP,1966.0,9.15,0,1,0,0,,
60,450,8.77113976617624,CI,1964.0,3.93,0,1,5,1,-80.515661961213,43.433684127173
60,450,120.696305921804,CI,1964.0,7.85,7,1,0,0,,
17,300,22.8676297787855,PVC,2007.0,9.35,7,0,1,1,-80.5392000408656,43.4335525866539
17,300,7.02226803180565,PVC,2007.0,9.35,7,0,1,1,-80.5392137788314,43.4335477733371
11,200,83.4892824935707,PVC,2013.0,9.35,6,2,0,0,,
11,300,34.6512212517709,PVC,2013.0,9.35,6,3,0,0,,
9,200,134.737140852916,PVC,2015.0,9.35,6,1,0,0,,
9,200,13.7379247259636,PVC,2015.0,9.35,6,1,0,0,,
10,150,24.058211475635,PVC,2014.0,9.35,7,1,0,0,,
10,150,74.7134278087095,PVC,2014.0,6.95,7,1,0,0,,
10,150,14.3664271439187,PVC,2014.0,9.35,7,1,0,0,,
10,150,22.8152263355491,PVC,2014.0,9.35,7,1,0,0,,
10,150,10.9062955113615,PVC,2014.0,9.35,7,1,0,0,,
10,150,8.5920596276186,PVC,2014.0,9.35,0,1,0,0,,
10,150,2.74214640400657,PVC,2014.0,9.35,0,1,0,0,,
10,150,9.20350407289665,PVC,2014.0,9.35,0,1,0,0,,
10,150,7.92556503056126,PVC,2014.0,9.35,0,1,0,0,,
36,150,17.1636346609783,DI,1988.0,9.1,5,3,0,0,,
18,150,12.4212866923371,PVC,2006.0,9.35,6,4,0,0,,
18,150,69.221831121976,PVC,2006.0,9.35,6,4,0,0,,
18,150,29.5742790666849,PVC,2006.0,9.35,6,4,0,0,,
12,300,1.3066973481292,PVC,2012.0,9.35,6,0,0,0,,
12,300,189.595191547585,PVC,2012.0,9.35,6,0,0,0,,
12,300,154.624674226339,PVC,2012.0,9.35,6,0,0,0,,
12,300,6.05142471538859,PVC,2012.0,9.35,6,0,0,0,,
18,150,51.0566765529557,PVC,2006.0,9.35,5,4,0,0,,
11,300,6.30301652938363,PVC,2013.0,9.35,6,2,0,0,,
11,300,66.5765152707806,PVC,2013.0,9.35,6,2,0,0,,
11,300,44.4432534603116,PVC,2013.0,9.35,6,2,0,0,,
19,200,26.4625622882442,PVC,2005.0,9.35,6,1,0,0,,
19,0,158.211283660111,PVC,2005.0,9.35,7,1,0,0,,
37,450,21.2372425271738,DI,1987.0,9.1,6,2,0,0,,
37,450,120.08535396556,DI,1987.0,9.1,6,2,0,0,,
37,450,119.483436422091,DI,1987.0,9.1,8,2,0,0,,
37,450,193.080577413766,DI,1987.0,9.1,8,2,0,0,,
37,450,129.010033192847,DI,1987.0,9.1,8,2,0,0,,
37,450,38.9661052215679,DI,1987.0,9.1,7,2,0,0,,
12,150,121.392645163686,PVC,2012.0,9.35,5,1,0,0,,
12,150,0.976683904654759,PVC,2012.0,9.35,0,1,0,0,,
12,150,2.59814545541543,PVC,2012.0,9.35,5,1,0,0,,
12,150,105.99124490417,PVC,2012.0,9.35,5,1,0,0,,
52,300,139.109967370079,DI,1972.0,8.5,6,1,0,0,,
52,300,5.35050894097074,DI,1972.0,8.5,7,1,0,0,,
72,450,162.775198110841,AC,1952.0,8.05,6,3,2,1,-80.5040095501192,43.4221181043167
17,450,161.033082200714,PVC,2007.0,9.35,7,0,0,0,,
17,450,11.9235198895181,PVC,2007.0,9.35,6,0,0,0,,
17,450,19.7885533153362,PVC,2007.0,9.35,7,0,0,0,,
17,450,266.724903163846,PVC,2007.0,9.35,8,0,0,0,,
17,450,266.918208488463,PVC,2007.0,9.35,7,0,0,0,,
38,600,19.7066902332301,DI,1986.0,9.1,7,1,0,0,,
38,600,39.805551392341,DI,1986.0,9.1,7,1,0,0,,
38,600,113.565630278385,DI,1986.0,9.1,7,1,0,0,,
24,200,134.114716780399,PVC,2000.0,9.35,5,4,0,0,,
24,200,43.6375881915207,PVC,2000.0,9.35,5,4,0,0,,
40,300,19.6497316452896,DI,1984.0,9.1,7,1,0,0,,
24,300,1.63955862365405,PVC,2000.0,9.35,6,1,0,0,,
24,300,36.4778413972162,PVC,2000.0,9.35,0,1,0,0,,
24,300,94.6443579432439,PVC,2000.0,9.35,7,1,0,0,,
24,300,97.7557259859091,PVC,2000.0,9.35,6,1,0,0,,
24,300,104.54624558597,PVC,2000.0,9.35,6,1,0,0,,
17,200,98.7602708180784,PVC,2007.0,9.35,7,1,0,0,,
24,300,51.9349169756196,PVC,2000.0,6.55,7,1,0,0,,
49,200,9.81492545107918,DI,1975.0,8.5,7,1,2,1,-80.4839803708363,43.4607948283607
66,750,5.91111967770102,CPP,1958.0,8.95,9,1,1,1,-80.5306258691107,43.4073064722364
34,900,23.9690469791085,CPP,1990.0,9.35,7,3,0,0,,
60,150,5.65443679953073,CI,1964.0,7.85,6,1,3,1,-80.4962791321734,43.4261301130748
60,150,0.745573926871542,CI,1964.0,7.85,0,1,3,1,-80.4962791321734,43.4261301130748
15,450,39.0473014147682,PVC,2009.0,9.35,6,0,3,1,-80.5238696847979,43.3987042589406
15,450,6.58716425537285,PVC,2009.0,9.35,7,0,3,1,-80.5238696847979,43.3987042589406
20,450,6.85443955324848,PVC,2004.0,9.35,9,3,0,0,,
41,300,7.07716489564353,DI,1983.0,9.1,7,1,0,0,,
15,450,167.54175699163,PVC,2009.0,9.35,7,0,3,1,-80.5238696847979,43.3987042589406
27,150,7.74112875315901,DI,1997.0,9.1,5,0,0,0,,
69,450,3.25932788926685,CI,1955.0,7.75,0,1,0,0,,
33,300,3.64017872735206,DI,1991.0,9.1,0,1,0,0,,
33,300,6.85961822818868,DI,1991.0,9.1,7,1,0,0,,
17,300,8.87509220226812,PVC,2007.0,9.35,7,1,0,0,,
37,300,9.090010745526,DI,1987.0,9.1,7,1,0,0,,
24,300,9.16173432262789,PVC,2000.0,9.35,7,1,0,0,,
52,300,1.6084085203439,DI,1972.0,8.5,7,5,1,1,-80.4192880367943,43.4267865774632
52,300,7.62064423537047,DI,1972.0,8.5,7,5,1,1,-80.4192880367943,43.4267865774632
10,300,4.79676794651973,PVC,2014.0,9.35,0,1,0,0,,
10,300,5.15066624701404,PVC,2014.0,9.35,0,1,0,0,,
62,450,10.8070295638562,CI,1962.0,7.85,6,1,0,0,,
13,450,4.67717299381702,PVC,2011.0,9.35,0,1,0,0,,
40,300,12.2165066413291,DI,1984.0,9.1,7,1,0,0,,
10,200,5.08425755869361,PVC,2014.0,9.35,5,1,0,0,,
10,200,62.6229732262144,PVC,2014.0,9.35,5,1,0,0,,
18,300,40.5809219554855,PVC,2006.0,9.35,7,0,0,0,,
18,300,0.809108151755545,PVC,2006.0,9.35,6,0,0,0,,
27,300,51.8250203205629,PVC,1997.0,9.35,6,2,0,0,,
27,300,214.767862532601,PVC,1997.0,9.35,6,2,0,0,,
27,300,150.877817424203,PVC,1997.0,9.35,6,2,0,0,,
27,300,7.46783138947029,PVC,1997.0,9.35,6,2,0,0,,
23,150,7.80968655032262,PVC,2001.0,9.35,7,2,0,0,,
23,150,4.78290918315854,PVC,2001.0,9.35,6,2,0,0,,
23,150,69.7590607808958,PVC,2001.0,9.35,6,2,0,0,,
23,150,75.0009218313134,PVC,2001.0,9.35,5,2,0,0,,
10,150,12.4583665830372,PVC,2014.0,9.35,5,1,0,0,,
10,150,94.4875544317787,PVC,2014.0,9.35,5,1,0,0,,
11,200,6.07185854978664,PVC,2013.0,9.35,6,2,0,0,,
11,200,116.408585034153,PVC,2013.0,9.35,6,2,0,0,,
29,300,64.3943355213141,DI,1995.0,9.1,7,1,0,0,,
29,300,15.3964588123911,DI,1995.0,9.1,7,1,0,0,,
24,200,179.618234949343,PVC,2000.0,9.35,6,6,0,0,,
24,150,263.297241431465,PVC,2000.0,9.35,5,6,0,0,,
24,200,232.159282197322,PVC,2000.0,9.35,6,6,0,0,,
24,200,163.828374083226,PVC,2000.0,9.35,6,6,0,0,,
24,200,161.910118519354,PVC,2000.0,9.35,6,6,0,0,,
24,200,66.4649175142762,PVC,2000.0,9.35,5,6,0,0,,
24,200,64.452577862071,PVC,2000.0,9.35,6,6,0,0,,
24,200,86.7549550976795,PVC,2000.0,9.35,6,6,0,0,,
24,200,67.1117623600662,PVC,2000.0,9.35,6,6,0,0,,
24,150,18.3528595661813,PVC,2000.0,9.35,5,6,0,0,,
24,150,4.19909037819876,PVC,2000.0,9.35,6,6,0,0,,
24,150,2.93715399671832,PVC,2000.0,9.35,0,6,0,0,,
24,200,11.8868673009835,PVC,2000.0,9.35,6,6,0,0,,
24,200,10.993200116407,PVC,2000.0,9.35,6,6,0,0,,
24,200,11.7753791410324,PVC,2000.0,9.35,6,6,0,0,,
24,150,13.5981117278243,PVC,2000.0,9.35,5,6,0,0,,
24,150,7.63257620181537,PVC,2000.0,9.35,5,6,0,0,,
24,200,12.2404304372396,PVC,2000.0,9.35,6,6,0,0,,
24,200,13.5444008216103,PVC,2000.0,9.35,6,6,0,0,,
24,200,7.67752486592741,PVC,2000.0,9.35,6,6,0,0,,
24,200,12.225612315709,PVC,2000.0,9.35,6,6,0,0,,
24,150,6.12434372674405,PVC,2000.0,9.35,5,6,0,0,,
24,150,8.24802502505212,PVC,2000.0,9.35,5,6,0,0,,
24,200,10.3250112879416,PVC,2000.0,9.35,6,6,0,0,,
24,200,11.589884810173,PVC,2000.0,9.35,5,6,0,0,,
24,150,19.8323011268763,PVC,2000.0,9.35,5,6,0,0,,
24,150,13.4337903811505,PVC,2000.0,9.35,5,6,0,0,,
24,150,11.7513662040066,PVC,2000.0,9.35,5,6,0,0,,
24,200,47.5002044578359,PVC,2000.0,9.35,5,6,0,0,,
24,200,131.733772587537,PVC,2000.0,9.35,6,6,0,0,,
24,200,5.69963391122341,PVC,2000.0,9.35,5,6,0,0,,
24,200,66.3227852339721,PVC,2000.0,9.35,6,6,0,0,,
24,150,13.6921811727561,PVC,2000.0,9.35,6,6,0,0,,
24,200,83.7484487434586,PVC,2000.0,9.35,6,6,0,0,,
24,150,30.6238461845187,PVC,2000.0,9.35,5,6,0,0,,
24,200,134.187854242937,PVC,2000.0,9.35,6,6,0,0,,
24,200,3.85746168231644,PVC,2000.0,9.35,0,6,0,0,,
24,200,1.9702185922335,PVC,2000.0,9.35,6,6,0,0,,
24,150,6.54118160530427,PVC,2000.0,9.35,6,6,0,0,,
24,200,6.15374929347031,PVC,2000.0,9.35,6,6,0,0,,
24,150,2.89960201364074,PVC,2000.0,9.35,0,6,0,0,,
24,150,3.19742759167129,PVC,2000.0,9.35,5,6,0,0,,
24,200,1.0520812611942,PVC,2000.0,9.35,6,6,0,0,,
24,200,12.8635026241181,PVC,2000.0,9.35,6,6,0,0,,
24,150,11.7553096636963,PVC,2000.0,9.35,5,6,0,0,,
16,150,0.57581247926046,PVC,2008.0,9.35,0,1,0,0,,
16,150,0.858315820786905,PVC,2008.0,9.35,0,1,0,0,,
56,300,10.1649877517541,DI,1968.0,8.5,7,1,0,0,,
42,150,2.70707318227758,DI,1982.0,9.1,6,1,0,0,,
15,450,16.6161358675084,PVC,2009.0,9.35,0,1,2,1,-80.5127665617753,43.4479295368103
50,300,118.375128813409,DI,1974.0,8.5,6,2,1,1,-80.443571750618,43.395006580503
26,300,47.120606347094,PVC,1998.0,9.35,7,1,0,0,,
32,150,0.960426999304639,DI,1992.0,9.1,6,2,0,0,,
32,150,89.2900700536579,DI,1992.0,9.1,6,2,0,0,,
33,300,6.53887760371508,DI,1991.0,9.1,7,1,6,1,-80.4566562154875,43.4344998008199
33,300,188.832644583088,DI,1991.0,9.1,6,1,0,0,,
34,300,3.13005351603391,DI,1990.0,9.1,6,1,0,0,,
34,300,7.85236981784665,DI,1990.0,9.1,6,1,0,0,,
14,300,10.1708611697923,PVC,2010.0,9.35,8,1,0,0,,
60,150,116.299889859374,DI,1964.0,8.05,6,1,3,1,-80.4856309480961,43.4310110680719
73,150,128.58283956629,CI,1951.0,7.75,7,1,1,1,-80.5117572611759,43.4396854835542
73,150,59.067132252415,CI,1951.0,7.75,7,1,1,1,-80.5117572611759,43.4396854835542
73,150,8.50209900882204,CI,1951.0,3.83,7,1,1,1,-80.5117572611759,43.4396854835542
48,100,0.610202587478408,DI,1976.0,8.5,6,2,1,1,-80.443571750618,43.395006580503
48,100,113.730410305163,DI,1976.0,6.9,7,2,1,1,-80.443571750618,43.395006580503
48,100,12.8596633720039,DI,1976.0,8.5,0,2,1,1,-80.443571750618,43.395006580503
17,300,3.23734880640928,HDPE,2007.0,10.0,6,0,0,0,,
17,300,139.290287945618,HDPE,2007.0,10.0,8,0,0,0,,
17,300,0.947080102557439,HDPE,2007.0,10.0,7,0,0,0,,
33,300,9.15479722359814,DI,1991.0,9.1,6,1,0,0,,
24,150,2.34758041322748,PVC,2000.0,9.35,0,1,0,0,,
24,150,8.95432760357203,PVC,2000.0,9.35,6,1,0,0,,
17,200,162.10187073253,PVC,2007.0,9.35,5,1,0,0,,
17,200,5.95895494521382,PVC,2007.0,9.35,0,1,0,0,,
17,200,6.95708244102477,PVC,2007.0,9.35,0,1,0,0,,
16,600,154.393527846036,PVC,2008.0,8.15,8,1,0,0,,
24,150,176.30194965503,PVC,2000.0,9.35,7,1,0,0,,
24,150,10.1122293001423,PVC,2000.0,9.35,7,1,0,0,,
24,150,3.50570553632989,PVC,2000.0,9.35,6,1,0,0,,
24,150,117.207177611211,PVC,2000.0,9.35,6,1,0,0,,
24,150,13.1123549444139,PVC,2000.0,9.35,6,1,0,0,,
14,150,2.27129825157365,PVC,2010.0,9.35,8,1,0,0,,
32,300,37.8177868090511,DI,1992.0,9.1,7,1,0,0,,
49,150,5.29494632195812,DI,1975.0,8.5,6,1,1,1,-80.4552018013187,43.4576055398552
49,150,21.6705263810162,DI,1975.0,8.5,6,1,0,0,,
56,300,2.82765330970771,DI,1968.0,8.5,7,1,0,0,,
17,200,8.00923121588568,PVC,2007.0,9.35,6,1,0,0,,
17,200,31.6164507251692,PVC,2007.0,9.35,6,1,0,0,,
11,50,10.7622635131911,PVC,2013.0,9.35,0,1,8,1,-80.5155740608119,43.4495333409789
12,300,0.999633318080557,PVC,2012.0,9.35,6,1,0,0,,
13,200,0.959605689099057,PVC,2011.0,9.35,6,1,0,0,,
12,300,176.938533433057,PVC,2012.0,9.35,6,1,0,0,,
12,300,129.95007656899,PVC,2012.0,9.35,6,1,0,0,,
13,200,1.01136377199786,PVC,2011.0,9.35,6,1,0,0,,
61,400,1.93629787176282,CI,1963.0,7.85,7,3,1,1,-80.5224608448573,43.4106967338158
61,400,0.960565334461672,CI,1963.0,7.85,0,1,1,1,-80.5224608448573,43.4106967338158
16,300,135.22655807252,PVC,2008.0,8.15,8,1,0,0,,
34,300,6.69722698972978,DI,1990.0,9.1,7,1,0,0,,
15,300,1.51298528631861,PVC,2009.0,9.35,0,1,8,1,-80.5155740608119,43.4495333409789
69,150,0.887353367535522,CI,1955.0,7.75,5,1,1,1,-80.4552018013187,43.4576055398552
15,450,0.711066761336037,PVC,2009.0,9.35,0,1,8,1,-80.5155740608119,43.4495333409789
15,450,0.277382227389768,PVC,2009.0,9.35,0,1,8,1,-80.5155740608119,43.4495333409789
15,450,0.891304044971784,PVC,2009.0,9.35,0,1,8,1,-80.5155740608119,43.4495333409789
34,300,0.910391370171332,DI,1990.0,9.1,7,1,0,0,,
17,300,0.91484762063233,HDPE,2007.0,10.0,7,0,0,0,,
12,300,1.00061001914021,PVC,2012.0,9.35,6,1,0,0,,
12,300,136.848664053736,PVC,2012.0,9.35,6,1,0,0,,
14,300,1.0107209756766,PVC,2010.0,9.35,7,1,0,0,,
19,300,71.1597816164956,HDPE,2005.0,10.0,6,1,0,0,,
19,300,1.75871598573728,HDPE,2005.0,10.0,6,1,0,0,,
16,150,1.12816177940325,PVC,2008.0,9.35,0,1,0,0,,
38,300,10.4524787072772,DI,1986.0,9.1,7,1,0,0,,
66,750,44.6449800118338,CPP,1958.0,8.95,9,1,0,0,,
66,750,387.484711055214,CPP,1958.0,8.95,9,1,0,0,,
66,750,217.672170524511,CPP,1958.0,8.95,9,1,0,0,,
16,150,2.90194732406962,PVC,2008.0,9.35,7,1,0,0,,
16,150,0.674966140134012,PVC,2008.0,9.35,0,1,0,0,,
29,300,135.302605784129,PVC,1995.0,9.35,6,1,0,0,,
47,600,278.58293371579,DI,1977.0,8.5,8,1,6,1,-80.4722224444702,43.4618208394298
55,600,273.375635990764,CPP,1969.0,8.75,7,1,1,1,-80.455566985255,43.4463240348548
43,450,66.6539577406821,DI,1981.0,8.5,7,1,0,0,,
87,450,305.481727434638,CI,1937.0,7.75,0,1,0,0,,
36,300,13.1187956645995,DI,1988.0,9.1,7,1,0,0,,
63,1200,6.45228762349972,PVC,1961.0,9.05,0,1,1,1,-80.5306258691107,43.4073064722364
38,450,80.0844669082069,DI,1986.0,9.1,7,0,0,0,,
14,300,1.07786860966948,DI,2010.0,9.1,7,1,0,0,,
22,300,223.0054110536,PVC,2002.0,9.35,7,1,0,0,,
37,300,9.84091365728426,PVC,1987.0,9.35,7,1,0,0,,
33,300,277.282353597823,PVC,1991.0,9.35,7,1,0,0,,
37,300,183.609770822553,PVC,1987.0,9.35,7,1,0,0,,
33,300,14.7003058411498,PVC,1991.0,9.35,6,1,0,0,,
69,450,87.1355162866479,CI,1955.0,7.75,7,1,0,0,,
14,300,2.73807095092443,DI,2010.0,9.1,0,1,0,0,,
22,300,6.39936228149437,PVC,2002.0,9.35,7,1,0,0,,
22,300,10.5373075071242,PVC,2002.0,9.35,7,1,0,0,,
22,300,4.26048164978058,PVC,2002.0,9.35,7,1,0,0,,
22,300,11.9093681128224,PVC,2002.0,9.35,7,1,0,0,,
14,200,138.193792959036,PVC,2010.0,9.35,7,1,0,0,,
14,200,0.908607963280429,PVC,2010.0,9.35,6,1,0,0,,
16,150,125.068459996374,PVC,2008.0,9.35,7,1,0,0,,
16,150,0.943685922555306,PVC,2008.0,9.35,0,1,0,0,,
22,300,168.540968168017,PVC,2002.0,9.35,7,3,0,0,,
22,300,0.841682719757532,PVC,2002.0,9.35,0,3,0,0,,
13,150,0.956210671693264,PVC,2011.0,9.35,5,1,0,0,,
18,300,1.11712385113775,PVC,2006.0,9.35,0,2,0,0,,
18,300,15.9227086952914,PVC,2006.0,9.35,6,2,0,0,,
19,300,89.0527341030473,HDPE,2005.0,10.0,6,1,0,0,,
19,300,0.952704581004823,HDPE,2005.0,10.0,0,1,0,0,,
18,300,39.0068217921257,PVC,2006.0,9.35,6,2,0,0,,
18,300,2.79845983601083,PVC,2006.0,9.35,0,2,0,0,,
18,300,9.09339075698257,PVC,2006.0,9.35,6,2,0,0,,
21,300,1.0445132689735,PVC,2003.0,9.35,0,1,0,0,,
21,300,7.53284468241551,PVC,2003.0,9.35,7,1,0,0,,
21,300,5.53721103801574,PVC,2003.0,9.35,0,1,0,0,,
13,300,1.079201186564,PVC,2011.0,9.35,0,2,0,0,,
13,300,4.85059685484365,PVC,2011.0,9.35,0,2,0,0,,
13,300,3.8630045054576,PVC,2011.0,9.35,0,2,0,0,,
13,300,42.4024407316276,PVC,2011.0,9.35,6,2,0,0,,
12,150,6.47381727971288,PVC,2012.0,9.35,8,1,0,0,,
11,150,0.952344418016627,PVC,2013.0,9.35,6,1,0,0,,
11,150,81.493662649959,PVC,2013.0,9.35,6,1,0,0,,
10,150,1.02293801345725,PVC,2014.0,9.35,0,1,0,0,,
10,150,14.622718971746,PVC,2014.0,5.55,0,1,0,0,,
10,300,3.75454246694521,PVC,2014.0,9.35,5,1,0,0,,
10,300,8.65001221848532,PVC,2014.0,9.35,5,1,0,0,,
21,300,8.14919840056393,PVC,2003.0,9.35,6,1,1,1,-80.4902409290116,43.4536683775822
21,300,6.44415226963045,PVC,2003.0,9.35,6,1,1,1,-80.4902409290116,43.4536683775822
60,300,87.4238622854045,CI,1964.0,7.85,6,7,0,0,,
14,150,43.324091862328,PVC,2010.0,9.35,7,7,0,0,,
14,150,31.6936218627688,PVC,2010.0,9.35,7,7,0,0,,
15,150,117.973749448551,PVC,2009.0,9.35,7,7,1,1,-80.4785313541062,43.4806419517673
14,150,6.50555649023099,PVC,2010.0,9.35,7,7,1,1,-80.4795139113859,43.482103372887
60,450,201.477799425806,CI,1964.0,7.45,9,7,0,0,,
11,150,71.4690801885946,PVC,2013.0,9.35,6,7,1,1,-80.4795139113859,43.482103372887
11,150,32.0183883724234,PVC,2013.0,9.35,0,7,1,1,-80.4795139113859,43.482103372887
11,150,0.639416586000697,PVC,2013.0,9.35,0,7,1,1,-80.4795139113859,43.482103372887
60,300,8.8134365786649,CI,1964.0,7.85,7,7,1,1,-80.4795139113859,43.482103372887
14,150,8.87504849419512,PVC,2010.0,9.35,7,7,1,1,-80.4795139113859,43.482103372887
60,300,3.31366545883245,CI,1964.0,7.85,6,7,0,0,,
53,150,193.053200720875,DI,1971.0,8.5,5,7,0,0,,
53,150,37.9507253360692,DI,1971.0,8.5,5,7,0,0,,
60,300,280.996994212051,CI,1964.0,7.0,7,7,1,1,-80.473862692104,43.4823251052901
60,300,124.196499963541,CI,1964.0,4.65,6,7,3,1,-80.4716858696467,43.483088058409
25,150,2.03999329469313,PVC,1999.0,9.35,6,7,1,1,-80.473862692104,43.4823251052901
67,300,72.2257170154481,CI,1957.0,4.15,7,1,4,1,-80.4983458070912,43.4290502428461
67,300,1.27057329586561,CI,1957.0,7.75,0,1,4,1,-80.4983458070912,43.4290502428461
19,300,1.24932565796384,PVC,2005.0,9.35,0,1,0,0,,
19,300,13.3925541260555,PVC,2005.0,9.35,7,1,0,0,,
19,300,17.3719754320998,PVC,2005.0,9.35,2,5,0,0,,
17,300,111.042302070468,PVC,2007.0,9.35,6,0,0,0,,
17,300,12.5480185211052,PVC,2007.0,9.35,6,0,0,0,,
79,150,129.130379214357,CI,1945.0,7.3,6,1,1,1,-80.4626549709052,43.4373052963538
79,150,4.985096768105,CI,1945.0,3.83,6,1,5,1,-80.4655914587121,43.4379387646759
17,200,2.92229162344216,PVC,2007.0,9.35,0,1,0,0,,
17,200,5.66399291136149,PVC,2007.0,9.35,6,1,0,0,,
17,200,274.371920977387,PVC,2007.0,9.35,7,1,0,0,,
18,150,1.85716653749584,PVC,2006.0,9.35,6,1,0,0,,
18,150,4.44477399742347,PVC,2006.0,9.35,6,1,0,0,,
18,150,4.5882758378781,PVC,2006.0,9.35,0,1,0,0,,
66,150,94.0235564484991,CI,1958.0,1.9,5,1,3,1,-80.458432347759,43.450903816472
66,150,1.30016898993068,CI,1958.0,7.75,5,1,3,1,-80.458432347759,43.450903816472
14,150,2.22976889066156,PVC,2010.0,9.35,6,1,0,0,,
13,150,1.67368158647044,PVC,2011.0,9.35,6,1,0,0,,
13,150,109.01401244739,PVC,2011.0,9.35,6,1,0,0,,
13,150,12.725209777404,PVC,2011.0,9.35,6,2,0,0,,
13,150,1.18039527196503,PVC,2011.0,9.35,0,2,0,0,,
13,150,12.9926861772692,PVC,2011.0,9.35,6,2,0,0,,
13,150,109.681535035322,PVC,2011.0,9.35,6,2,0,0,,
13,150,114.811427017382,PVC,2011.0,9.35,6,2,0,0,,
91,150,0.322217706242524,CI,1933.0,7.75,8,1,4,1,-80.5084701465376,43.4561093732593
91,150,6.00762620604113,CI,1933.0,7.75,6,1,4,1,-80.5084701465376,43.4561093732593
11,200,48.5894746292017,PVC,2013.0,9.35,7,1,0,0,,
11,200,5.80963548756001,PVC,2013.0,9.35,7,1,0,0,,
11,200,2.61731291958269,PVC,2013.0,9.35,7,1,0,0,,
11,200,46.9504144213349,PVC,2013.0,9.35,7,1,0,0,,
11,200,1.56266357597755,PVC,2013.0,9.35,7,1,0,0,,
11,150,1.55263364959959,PVC,2013.0,9.35,5,1,0,0,,
11,150,1.54857351382001,PVC,2013.0,9.35,5,1,0,0,,
11,150,194.189132972651,PVC,2013.0,9.35,5,1,0,0,,
11,150,1.83276861573895,PVC,2013.0,9.35,5,1,0,0,,
11,150,1.40166780651967,PVC,2013.0,9.35,5,1,0,0,,
11,150,176.52619826254,PVC,2013.0,9.35,5,1,0,0,,
23,300,3.57229113165039,PVC,2001.0,9.35,7,1,0,0,,
23,300,1.41565507768354,PVC,2001.0,9.35,0,1,0,0,,
23,300,315.412527092269,PVC,2001.0,9.35,7,3,1,1,-80.5306258691107,43.4073064722364
16,150,1.16416844977318,PVC,2008.0,9.35,0,1,0,0,,
25,150,73.651354178561,PVC,1999.0,9.35,6,7,0,0,,
60,300,287.232233926175,CI,1964.0,7.45,6,7,1,1,-80.4693647658431,43.4812341859548
60,300,10.5458130909641,CI,1964.0,7.85,6,7,3,1,-80.4716858696467,43.483088058409
60,300,14.3527304809045,CI,1964.0,7.85,6,7,1,1,-80.4696975602824,43.4837597663543
60,300,164.46103092742,CI,1964.0,6.2,6,7,1,1,-80.4696975602824,43.4837597663543
46,300,15.2410410172083,DI,1978.0,8.5,6,7,2,1,-80.4679308147675,43.4827802786735
60,150,113.241879695605,CI,1964.0,6.25,6,7,1,1,-80.4675479669321,43.4821900901985
44,150,100.138785090364,DI,1980.0,6.9,5,7,2,1,-80.4679308147675,43.4827802786735
44,150,66.1767891588889,DI,1980.0,6.1,5,7,2,1,-80.4679308147675,43.4827802786735
57,150,0.609518236088546,DI,1967.0,8.5,5,7,1,1,-80.4675479669321,43.4821900901985
44,150,0.609506817120737,DI,1980.0,8.5,5,7,1,1,-80.4675479669321,43.4821900901985
46,300,16.9473210010415,DI,1978.0,8.5,5,7,6,1,-80.4641190111273,43.4831298131283
46,300,8.55217231737471,DI,1978.0,8.5,6,7,0,0,,
60,150,2.22941301554908,CI,1964.0,7.85,5,7,0,0,,
46,300,271.471172859488,DI,1978.0,8.5,6,7,0,0,,
66,150,138.631497431034,CI,1958.0,6.55,5,1,2,1,-80.4619874637808,43.44840769867
66,150,1.85259613788609,CI,1958.0,3.83,5,1,2,1,-80.4619874637808,43.44840769867
13,150,6.27257105643122,PVC,2011.0,9.35,6,1,0,0,,
21,300,93.8514503221953,PVC,2003.0,9.35,8,1,0,0,,
21,300,2.41073325250419,PVC,2003.0,9.35,8,1,0,0,,
10,150,4.14604709997883,PVC,2014.0,9.35,0,1,0,0,,
10,150,7.39205204015854,PVC,2014.0,9.35,0,1,0,0,,
10,150,4.32115973902569,PVC,2014.0,9.35,0,1,2,1,-80.5011607858477,43.4357885812536
10,150,10.9770023897613,PVC,2014.0,9.35,0,1,2,1,-80.5011607858477,43.4357885812536
10,300,1.42666411606823,PVC,2014.0,9.35,0,1,1,1,-80.5008590669923,43.4343424488955
10,300,10.9516626466611,PVC,2014.0,9.35,8,1,0,0,,
10,300,19.6849269860047,PVC,2014.0,9.35,8,1,0,0,,
10,300,1.77035099611046,PVC,2014.0,9.35,8,1,0,0,,
10,300,2.36800111675984,PVC,2014.0,9.35,8,1,0,0,,
10,300,74.3385073482328,PVC,2014.0,9.35,8,1,0,0,,
60,150,96.1846130528354,CI,1964.0,7.85,5,7,0,0,,
60,200,210.697791842989,CI,1964.0,7.85,5,7,0,0,,
57,150,138.68402742549,CI,1967.0,4.65,5,7,3,1,-80.4618097097486,43.4845822739478
60,150,299.673214795264,CI,1964.0,4.6,5,7,6,1,-80.4641190111273,43.4831298131283
57,150,4.57209221239877,CI,1967.0,7.85,5,7,3,1,-80.4618097097486,43.4845822739478
57,150,180.805822679158,DI,1967.0,8.5,5,7,0,0,,
60,150,72.8045456490052,CI,1964.0,7.85,5,7,0,0,,
61,300,10.2592966252722,CI,1963.0,7.85,5,7,6,1,-80.4641190111273,43.4831298131283
60,150,15.5449196326389,CI,1964.0,7.85,5,7,0,0,,
60,200,4.57204479396999,CI,1964.0,7.85,5,7,0,0,,
60,150,15.240073801244,CI,1964.0,7.85,5,7,3,1,-80.4618097097486,43.4845822739478
60,150,8.1866961736908,CI,1964.0,7.85,5,7,0,0,,
21,150,13.0309242531802,PVC,2003.0,9.35,6,1,0,0,,
21,150,7.11306428554901,PVC,2003.0,9.35,6,1,0,0,,
21,150,210.981678246881,PVC,2003.0,9.35,6,1,0,0,,
19,150,11.2230047309692,PVC,2005.0,9.35,7,1,0,0,,
13,150,3.37898169492608,PVC,2011.0,9.35,7,1,0,0,,
13,150,1.63769002337947,PVC,2011.0,9.35,6,1,0,0,,
13,150,1.05736695996569,PVC,2011.0,9.35,7,1,0,0,,
13,150,77.1515456585681,PVC,2011.0,9.35,7,1,0,0,,
13,150,11.901141472449,PVC,2011.0,9.35,6,1,0,0,,
13,150,20.7602645690157,PVC,2011.0,9.35,6,1,0,0,,
13,150,75.7433091132147,PVC,2011.0,9.35,6,1,0,0,,
13,150,10.5644342154997,PVC,2011.0,9.35,6,1,0,0,,
13,150,56.7280445261334,PVC,2011.0,9.35,6,1,0,0,,
13,150,3.33011438943115,PVC,2011.0,9.35,7,1,0,0,,
13,150,72.41759598513,PVC,2011.0,5.55,7,1,0,0,,
13,150,10.5348010950865,PVC,2011.0,9.35,6,1,0,0,,
13,150,9.24791455460808,PVC,2011.0,9.35,6,1,0,0,,
13,150,118.713087574764,PVC,2011.0,9.35,6,1,0,0,,
20,300,70.8243602486162,PVC,2004.0,9.35,6,3,0,0,,
20,300,10.4690391711,PVC,2004.0,9.35,6,3,0,0,,
56,300,244.330651172384,DI,1968.0,8.5,7,1,0,0,,
21,150,10.9885397421212,PVC,2003.0,9.35,6,3,0,0,,
21,150,56.0932610457159,PVC,2003.0,9.35,6,3,0,0,,
21,200,89.6252006806546,PVC,2003.0,9.35,6,1,0,0,,
21,200,2.35365383957274,PVC,2003.0,9.35,6,1,0,0,,
13,150,13.8441948635812,PVC,2011.0,9.35,6,1,0,0,,
13,150,146.733106045679,PVC,2011.0,9.35,6,1,0,0,,
28,150,6.5628931097248,PVC,1996.0,9.35,7,1,0,0,,
13,150,111.169884843157,PVC,2011.0,9.35,7,1,0,0,,
13,150,1.15548695369159,PVC,2011.0,9.35,6,1,4,1,-80.5084701465376,43.4561093732593
13,150,145.978300292689,PVC,2011.0,8.15,6,1,0,0,,
13,150,39.6687454293795,PVC,2011.0,9.35,6,1,0,0,,
13,200,51.7837689314822,PVC,2011.0,9.35,6,6,0,0,,
13,200,72.6901154645626,PVC,2011.0,9.35,6,6,0,0,,
13,200,11.2788053448762,PVC,2011.0,9.35,5,6,0,0,,
13,200,5.85910027681241,PVC,2011.0,9.35,5,6,0,0,,
13,200,3.64372754043883,PVC,2011.0,9.35,5,6,0,0,,
13,200,11.4192582079291,PVC,2011.0,9.35,5,6,0,0,,
26,200,5.10226693160538,PVC,1998.0,9.35,6,4,0,0,,
26,200,5.7907022022601,PVC,1998.0,9.35,6,4,0,0,,
26,200,258.513629815448,PVC,1998.0,9.35,6,4,0,0,,
28,300,48.7486539151186,PVC,1996.0,9.35,6,1,0,0,,
55,200,100.644430652918,DI,1969.0,8.5,5,1,0,0,,
63,450,11.6073162937382,CI,1961.0,7.75,7,1,0,0,,
63,450,185.747754741096,CI,1961.0,7.75,8,1,0,0,,
78,150,13.1366679755978,CI,1946.0,7.75,6,1,0,0,,
27,150,14.7986997474253,PVC,1997.0,9.35,6,1,0,0,,
51,300,10.1020453399469,DI,1973.0,8.5,7,2,0,0,,
51,300,131.824022628364,DI,1973.0,8.5,7,2,0,0,,
51,300,7.45537132115713,DI,1973.0,8.5,6,2,0,0,,
51,300,211.525487333813,DI,1973.0,8.5,7,2,0,0,,
51,300,189.065403509904,DI,1973.0,8.5,7,2,0,0,,
55,300,100.00242314117,DI,1969.0,8.5,6,3,1,1,-80.532119879883,43.4447672637191
50,300,12.3107773927324,DI,1974.0,8.5,6,3,0,0,,
50,300,73.7041093715798,DI,1974.0,8.5,6,3,0,0,,
16,100,5.24436833768821,HDPE,2008.0,10.0,3,1,0,0,,
14,200,7.2111634373012,PVC,2010.0,9.35,6,1,0,0,,
50,200,9.50605543945731,DI,1974.0,8.5,6,3,1,1,-80.494490172426,43.4128268887012
50,200,171.815809058078,DI,1974.0,7.7,6,3,1,1,-80.494490172426,43.4128268887012
20,150,8.07783547242823,PVC,2004.0,9.35,6,1,0,0,,
20,150,114.277983331636,PVC,2004.0,9.35,6,1,0,0,,
27,200,12.5169608020044,PVC,1997.0,9.35,6,3,0,0,,
27,200,126.224679720862,PVC,1997.0,9.35,6,3,0,0,,
27,200,11.600475951964,PVC,1997.0,9.35,6,3,0,0,,
14,150,4.75265521834867,PVC,2010.0,9.35,7,1,0,0,,
14,150,57.824380177496,PVC,2010.0,9.35,7,1,0,0,,
20,150,27.7754627288824,PVC,2004.0,9.35,6,1,0,0,,
46,150,104.008742862272,DI,1978.0,6.9,6,0,1,1,-80.5465393379028,43.4188594971657
46,150,7.92192456256784,DI,1978.0,8.5,6,0,1,1,-80.5465393379028,43.4188594971657
53,200,6.01342818659403,DI,1971.0,8.5,6,2,0,0,,
53,200,157.002351199851,DI,1971.0,8.5,6,2,0,0,,
53,200,5.75506304605108,DI,1971.0,8.5,7,2,0,0,,
62,150,12.7013972216209,CI,1962.0,3.93,5,1,3,1,-80.5123779802288,43.4287838618066
62,150,12.3468019386426,CI,1962.0,7.85,5,1,5,1,-80.5155279099449,43.4288316711328
62,150,306.252217406583,CI,1962.0,5.05,5,1,5,1,-80.5155279099449,43.4288316711328
48,150,84.1597918755344,PVC,1976.0,9.35,6,1,0,0,,
48,150,270.457686607582,PVC,1976.0,8.9,6,1,0,0,,
48,150,12.1497012441825,PVC,1976.0,9.35,6,1,0,0,,
48,150,184.803798698657,PVC,1976.0,9.35,6,1,0,0,,
49,150,167.045807010578,DI,1975.0,8.5,5,0,0,0,,
49,150,27.9045381717034,DI,1975.0,8.5,4,0,0,0,,
73,100,84.6358000323282,CI,1951.0,5.75,5,1,1,1,-80.4996991352909,43.4602633204099
20,150,8.43357738064356,PVC,2004.0,9.35,6,1,0,0,,
20,150,11.4509021374783,PVC,2004.0,9.35,6,1,0,0,,
20,150,159.659752513656,PVC,2004.0,9.35,6,1,0,0,,
17,150,150.939650456694,PVC,2007.0,9.35,6,1,0,0,,
17,150,5.39015831461632,PVC,2007.0,9.35,6,1,0,0,,
17,150,141.841438984278,PVC,2007.0,9.35,6,1,0,0,,
56,200,70.0109495461048,DI,1968.0,4.7,5,3,3,1,-80.5043567203396,43.4195132331824
29,150,85.7552665126016,PVC,1995.0,9.35,6,1,0,0,,
29,150,99.0723961546933,PVC,1995.0,9.35,5,1,0,0,,
29,150,87.1323964700182,PVC,1995.0,9.35,5,1,0,0,,
53,200,7.61521075755645,DI,1971.0,8.5,7,1,0,0,,
53,200,102.679400753423,DI,1971.0,8.5,6,1,0,0,,
58,150,7.62107093800173,CI,1966.0,7.85,5,1,3,1,-80.4391790662296,43.458195399256
58,150,368.829242662884,CI,1966.0,7.05,7,1,3,1,-80.4391790662296,43.458195399256
58,150,14.5492837192745,CI,1966.0,7.85,5,1,3,1,-80.4391790662296,43.458195399256
65,150,101.090001884501,CI,1959.0,6.15,5,1,1,1,-80.4623170365178,43.4486860086638
48,150,78.4350116585941,PVC,1976.0,9.35,6,1,0,0,,
48,150,12.9810649738788,PVC,1976.0,9.35,6,1,0,0,,
38,150,6.30531481192184,DI,1986.0,9.1,6,0,0,0,,
38,150,180.7535202107,DI,1986.0,9.1,6,0,0,0,,
88,150,89.2245906645217,CI,1936.0,5.5,6,1,0,0,,
14,200,362.696308770066,HDPE,2010.0,9.2,6,1,1,1,-80.5108594854899,43.4264778731841
14,200,7.29111118052746,HDPE,2010.0,10.0,6,1,1,1,-80.5108594854899,43.4264778731841
34,150,14.3629475517782,PVC,1990.0,9.35,6,2,0,0,,
34,150,63.2539690628073,PVC,1990.0,9.35,6,2,0,0,,
59,300,100.491762581369,DI,1965.0,8.05,7,1,0,0,,
51,150,214.229387634823,DI,1973.0,8.1,6,3,2,1,-80.5295380766599,43.4204974427521
51,150,19.6830784622633,DI,1973.0,8.5,6,3,1,1,-80.5293096858979,43.4202925953502
35,300,32.7989494226959,DI,1989.0,9.1,6,1,0,0,,
35,300,186.682445080205,DI,1989.0,9.1,6,1,0,0,,
35,300,6.05196761391153,DI,1989.0,9.1,6,1,0,0,,
45,200,74.6964667188733,DI,1979.0,8.5,6,2,0,0,,
45,200,91.3720279427179,DI,1979.0,6.5,6,2,1,1,-80.4502808949119,43.3908690631087
45,200,1.15997241320425,DI,1979.0,8.5,0,2,0,0,,
45,200,16.805504420327,DI,1979.0,8.5,6,2,1,1,-80.4502808949119,43.3908690631087
56,150,8.20532553974168,DI,1968.0,8.5,5,1,0,0,,
56,150,108.246266451977,DI,1968.0,8.5,5,1,0,0,,
33,300,87.5713493767575,PVC,1991.0,9.35,7,1,0,0,,
33,300,4.43439951327451,PVC,1991.0,9.35,6,1,0,0,,
53,450,470.375088139318,DI,1971.0,8.5,7,1,0,0,,
53,450,15.9129800200863,DI,1971.0,8.5,7,1,0,0,,
48,150,3.04785073170117,DI,1976.0,8.5,6,1,0,0,,
48,150,73.1953465732543,DI,1976.0,8.5,5,1,2,1,-80.4413819535544,43.466202471982
30,150,90.5352545996494,PVC,1994.0,9.35,5,2,0,0,,
36,150,11.8420007522536,DI,1988.0,9.1,5,3,0,0,,
36,150,79.7788972828252,DI,1988.0,9.1,5,3,0,0,,
17,300,66.8725175833119,PVC,2007.0,9.35,7,1,0,0,,
17,300,144.021249420002,PVC,2007.0,9.35,7,1,0,0,,
17,300,5.98191836879581,PVC,2007.0,9.35,7,1,0,0,,
28,150,0.195853415537538,PVC,1996.0,9.35,6,1,0,0,,
28,150,14.484893241216,PVC,1996.0,9.35,6,1,0,0,,
28,150,186.42449138643,PVC,1996.0,9.35,6,1,0,0,,
20,200,5.49623327626726,PVC,2004.0,9.35,6,3,0,0,,
20,200,73.7901035266844,PVC,2004.0,9.35,6,3,0,0,,
29,150,0.6559923165147,PVC,1995.0,9.35,6,1,0,0,,
29,150,124.095349080925,PVC,1995.0,9.35,6,1,5,1,-80.4172863392139,43.4404518127176
29,150,95.0189345457092,PVC,1995.0,6.15,6,1,5,1,-80.4172863392139,43.4404518127176
29,150,42.3835466847696,PVC,1995.0,6.15,6,1,5,1,-80.4172863392139,43.4404518127176
29,150,64.4462627964496,PVC,1995.0,6.95,6,1,5,1,-80.4172863392139,43.4404518127176
29,150,1.74044633342259,PVC,1995.0,9.35,0,1,5,1,-80.4172863392139,43.4404518127176
29,150,4.45319884961661,PVC,1995.0,9.35,6,1,5,1,-80.4172863392139,43.4404518127176
29,150,85.394585878633,PVC,1995.0,7.35,6,1,5,1,-80.4172863392139,43.4404518127176
22,150,9.63061445197801,PVC,2002.0,9.35,5,4,0,0,,
22,150,80.8701480033271,PVC,2002.0,9.35,6,4,0,0,,
57,150,67.6195532238104,DI,1967.0,6.1,6,1,1,1,-80.4376435415417,43.4515310514577
57,150,7.1901647714341,DI,1967.0,8.5,6,1,1,1,-80.4376435415417,43.4515310514577
22,150,10.7235727898415,PVC,2002.0,9.35,6,3,0,0,,
22,150,155.072754201813,PVC,2002.0,9.35,6,3,0,0,,
22,150,93.3730134236108,PVC,2002.0,9.35,6,3,0,0,,
61,150,12.5355798588161,CI,1963.0,7.85,7,1,7,1,-80.4463155660596,43.4524739914038
61,150,353.962427667235,CI,1963.0,5.85,7,1,7,1,-80.4463155660596,43.4524739914038
44,300,7.77610310512659,DI,1980.0,8.5,6,3,0,0,,
44,300,135.647698261017,DI,1980.0,8.5,6,3,0,0,,
13,200,1.65913620840942,PVC,2011.0,9.35,6,6,0,0,,
13,200,63.2385651365361,PVC,2011.0,9.35,6,6,0,0,,
13,200,88.6790271924011,PVC,2011.0,9.35,6,6,0,0,,
13,200,38.4043307103197,PVC,2011.0,9.35,6,6,0,0,,
13,150,49.412859700764,PVC,2011.0,9.35,5,6,0,0,,
13,150,67.169272074364,PVC,2011.0,9.35,5,6,0,0,,
13,150,45.8713898893608,PVC,2011.0,9.35,5,6,0,0,,
13,150,73.364745793543,PVC,2011.0,9.35,5,6,0,0,,
13,150,95.918201936008,PVC,2011.0,9.35,5,6,0,0,,
13,150,2.24330003586726,PVC,2011.0,9.35,0,6,0,0,,
13,150,56.0800241041926,PVC,2011.0,9.35,6,6,0,0,,
13,150,56.4786569047588,PVC,2011.0,9.35,6,6,0,0,,
13,200,75.4014154365915,PVC,2011.0,9.35,5,6,0,0,,
13,150,2.63680826081755,PVC,2011.0,9.35,5,6,0,0,,
11,300,116.896236667949,PVC,2013.0,6.15,7,1,1,1,-80.4926408570753,43.4505335783786
11,300,60.7094144322995,PVC,2013.0,9.35,7,1,1,1,-80.4926408570753,43.4505335783786
11,300,12.4432441084475,PVC,2013.0,9.35,7,1,1,1,-80.4926408570753,43.4505335783786
11,150,0.429199278335085,PVC,2013.0,9.35,7,1,1,1,-80.4897977986159,43.4490799814751
11,150,58.7081242608193,PVC,2013.0,9.35,7,1,0,0,,
13,300,67.3296780323107,PVC,2011.0,9.35,6,2,0,0,,
13,200,44.4608935893167,PVC,2011.0,9.35,5,2,0,0,,
49,200,196.874278393947,DI,1975.0,7.7,7,1,2,1,-80.4857453119501,43.4601196215637
14,150,13.7794435191648,PVC,2010.0,9.35,5,1,1,1,-80.4684539970792,43.4509655795558
59,150,154.454352487564,AC,1965.0,8.7,5,1,0,0,,
20,200,13.0171296377037,PVC,2004.0,9.35,6,3,0,0,,
20,200,68.2783313505248,PVC,2004.0,9.35,6,3,0,0,,
20,200,5.46723908633011,PVC,2004.0,9.35,6,3,0,0,,
20,200,73.8723902018842,PVC,2004.0,9.35,6,3,0,0,,
16,150,3.27287350560049,PVC,2008.0,9.35,5,3,0,0,,
16,150,32.9817839348341,PVC,2008.0,9.35,4,3,0,0,,
18,300,248.286906226579,PVC,2006.0,9.35,6,1,0,0,,
16,600,78.2605041090479,PVC,2008.0,9.35,0,0,0,0,,
57,150,91.4624839237246,DI,1967.0,8.5,6,1,0,0,,
57,150,12.5779756522547,DI,1967.0,8.5,6,1,0,0,,
70,25,64.1722913942471,Other,1954.0,8.8,3,1,0,0,,
55,300,6.99163442990567,DI,1969.0,8.5,6,2,0,0,,
55,300,96.9427224517708,DI,1969.0,8.5,7,2,0,0,,
57,150,1.82179243628209,CI,1967.0,7.85,5,1,7,1,-80.4334795051511,43.4529784681391
57,150,80.5882657389957,CI,1967.0,4.05,5,1,7,1,-80.4334795051511,43.4529784681391
48,150,6.63211949229358,PVC,1976.0,9.35,6,1,0,0,,
48,150,201.660069619581,PVC,1976.0,9.35,6,1,0,0,,
39,150,10.6855853110704,DI,1985.0,9.1,6,0,0,0,,
39,150,199.897620409235,DI,1985.0,9.1,6,0,0,0,,
39,150,12.6111016292927,DI,1985.0,9.1,6,0,0,0,,
39,150,192.328429868672,DI,1985.0,9.1,6,0,0,0,,
21,300,10.7201609909521,PVC,2003.0,9.35,6,3,0,0,,
21,300,12.1248817965291,PVC,2003.0,9.35,7,3,0,0,,
21,300,117.993973739848,PVC,2003.0,9.35,7,3,0,0,,
28,300,3.68328172254222,DI,1996.0,9.1,7,1,0,0,,
25,200,100.864592336381,PVC,1999.0,9.35,6,1,0,0,,
25,200,14.7823832671834,PVC,1999.0,9.35,6,1,0,0,,
35,150,6.73622969222057,DI,1989.0,9.1,6,1,0,0,,
35,150,3.10454399334434,DI,1989.0,9.1,6,1,0,0,,
17,200,12.954866995645,PVC,2007.0,9.35,6,1,0,0,,
17,200,81.6027924250374,PVC,2007.0,9.35,6,1,0,0,,
17,200,5.59268210502098,PVC,2007.0,9.35,6,1,0,0,,
17,200,70.9417062361127,PVC,2007.0,9.35,6,1,0,0,,
50,150,75.7397686871082,CI,1974.0,7.75,7,1,0,0,,
19,150,14.3413389909699,PVC,2005.0,9.35,6,2,0,0,,
19,150,75.9927197598112,PVC,2005.0,9.35,6,2,0,0,,
43,150,19.2684521118223,DI,1981.0,8.5,5,2,0,0,,
43,150,8.43871816519221,DI,1981.0,8.5,5,2,0,0,,
64,150,2.65756896510487,CI,1960.0,7.75,6,1,0,0,,
64,150,1.26576470652252,CI,1960.0,7.75,0,1,0,0,,
67,100,1.43198625706117,CI,1957.0,7.75,0,1,0,0,,
67,100,98.5670867585653,CI,1957.0,7.75,4,1,0,0,,
36,300,69.260791697918,DI,1988.0,9.1,7,1,0,0,,
61,150,4.09641996193553,CI,1963.0,7.85,6,1,3,1,-80.4264809886046,43.4349490718271
61,150,188.205991332371,CI,1963.0,5.45,6,1,3,1,-80.4264809886046,43.4349490718271
61,150,11.6885244908644,CI,1963.0,3.93,6,1,3,1,-80.4264809886046,43.4349490718271
19,150,5.65618851985839,PVC,2005.0,9.35,6,4,0,0,,
19,150,55.3890576731621,PVC,2005.0,9.35,5,4,0,0,,
58,600,43.5319692017034,CPP,1966.0,9.15,8,1,3,1,-80.4585686086025,43.4381192028944
58,600,83.2510484346213,CPP,1966.0,6.75,7,1,3,1,-80.4585686086025,43.4381192028944
25,150,3.07954543755962,PVC,1999.0,9.35,7,1,1,1,-80.4570576780868,43.4380805453242
17,150,8.33205968326867,PVC,2007.0,9.35,7,1,0,0,,
48,150,190.65173488761,PVC,1976.0,9.35,6,1,0,0,,
48,150,11.8863624442167,PVC,1976.0,9.35,6,1,0,0,,
76,150,9.95088693981003,CI,1948.0,7.75,6,1,1,1,-80.4636547130796,43.4420183038052
76,150,125.879929631057,CI,1948.0,6.15,5,1,1,1,-80.4636547130796,43.4420183038052
27,150,12.5634162618037,PVC,1997.0,9.35,6,1,0,0,,
27,150,126.912344046797,PVC,1997.0,9.35,6,1,0,0,,
27,150,144.460707198503,PVC,1997.0,9.35,6,1,0,0,,
16,150,4.98451820889922,PVC,2008.0,9.35,6,1,1,1,-80.4615312104041,43.4439139469534
58,200,129.946284966027,DI,1966.0,8.5,6,1,2,1,-80.44094282559,43.4546158036442
67,150,1.01336303542915,CI,1957.0,7.75,6,1,1,1,-80.5020054919381,43.4321736581163
67,150,93.9040836459621,CI,1957.0,7.75,7,1,1,1,-80.5011383425045,43.4315365727353
46,150,12.7346171734861,DI,1978.0,8.5,6,1,0,0,,
46,150,111.106377229384,DI,1978.0,8.5,6,1,0,0,,
18,200,12.2806933809481,PVC,2006.0,9.35,5,4,0,0,,
18,200,94.9674998308354,PVC,2006.0,9.35,5,4,0,0,,
32,150,52.8082238441143,DI,1992.0,9.1,5,3,0,0,,
32,150,140.875382793533,DI,1992.0,7.9,5,3,0,0,,
38,150,7.24931874347703,DI,1986.0,9.1,6,0,0,0,,
38,150,193.841015492699,DI,1986.0,9.1,6,0,0,0,,
38,150,191.986091458304,DI,1986.0,9.1,6,0,0,0,,
38,150,8.20318055034584,DI,1986.0,9.1,6,0,0,0,,
15,150,29.2914113235995,PVC,2009.0,9.35,5,1,0,0,,
77,150,140.283827649726,CI,1947.0,4.15,6,1,4,1,-80.4610181066111,43.4411431863271
28,300,7.91747855871158,PVC,1996.0,9.35,7,1,0,0,,
28,300,105.072267813218,PVC,1996.0,9.35,7,1,0,0,,
64,150,8.36427311399949,CI,1960.0,7.75,5,1,4,1,-80.4506449280843,43.4512670249812
64,150,337.675169109142,CI,1960.0,5.75,5,1,4,1,-80.4506449280843,43.4512670249812
64,150,7.94618590283131,CI,1960.0,7.75,5,1,4,1,-80.4506449280843,43.4512670249812
25,150,12.4331298961904,PVC,1999.0,9.35,5,1,0,0,,
25,150,148.748852977069,PVC,1999.0,9.35,6,1,0,0,,
25,150,150.107503879695,PVC,1999.0,9.35,5,1,0,0,,
25,150,37.5619079374886,PVC,1999.0,9.35,5,1,0,0,,
25,150,11.5624091610884,PVC,1999.0,9.35,5,1,0,0,,
46,200,106.498194059245,DI,1978.0,8.5,6,0,0,0,,
63,150,7.00951602320279,CI,1961.0,7.75,6,1,0,0,,
63,150,79.8721373968123,CI,1961.0,7.75,5,1,0,0,,
23,300,11.2302020594798,PVC,2001.0,9.35,6,1,0,0,,
23,300,161.778779182648,PVC,2001.0,9.35,7,1,0,0,,
23,300,4.49183601976269,PVC,2001.0,9.35,6,1,0,0,,
62,150,11.720784990339,CI,1962.0,7.85,6,1,2,1,-80.437169242596,43.4339118613384
62,150,160.271531546578,CI,1962.0,5.45,5,1,2,1,-80.437169242596,43.4339118613384
62,150,11.7380017880988,CI,1962.0,7.85,5,1,2,1,-80.437169242596,43.4339118613384
50,150,12.0076311116938,DI,1974.0,8.5,5,1,0,0,,
50,150,210.851528401558,DI,1974.0,8.5,5,1,0,0,,
50,150,7.61998835739215,DI,1974.0,8.5,5,1,0,0,,
39,150,0.914403149727566,DI,1985.0,9.1,6,1,0,0,,
39,150,93.1632974764283,DI,1985.0,9.1,6,1,0,0,,
11,150,3.952682483446,PVC,2013.0,9.35,6,1,0,0,,
11,150,6.35435212263202,PVC,2013.0,9.35,6,1,0,0,,
64,150,52.0908939308776,CI,1960.0,3.95,7,1,3,1,-80.4489082105249,43.4496441636682
21,300,5.56286705890428,PVC,2003.0,9.35,7,1,0,0,,
38,300,6.25619239014644,DI,1986.0,9.1,7,1,0,0,,
38,300,74.3398826507225,DI,1986.0,9.1,7,1,0,0,,
38,300,5.99758124061683,DI,1986.0,9.1,7,1,0,0,,
66,150,0.875673729549168,CI,1958.0,7.75,5,1,5,1,-80.4598767355571,43.4511536603347
66,150,253.926220226385,CI,1958.0,6.9,5,1,1,1,-80.458774683856,43.4502702527716
66,150,12.8945834101397,CI,1958.0,7.75,5,1,1,1,-80.458774683856,43.4502702527716
33,300,43.3861511573185,PVC,1991.0,9.35,7,1,0,0,,
33,300,10.8070114015491,PVC,1991.0,9.35,7,1,0,0,,
43,100,5.03104412252872,DI,1981.0,8.5,5,2,0,0,,
43,100,78.7368250803432,DI,1981.0,8.5,5,2,0,0,,
17,300,118.767345262075,PVC,2007.0,9.35,6,1,0,0,,
37,150,160.901792102959,DI,1987.0,9.1,5,1,0,0,,
11,300,13.3220989005328,PVC,2013.0,9.35,7,1,0,0,,
11,300,43.9721018753646,PVC,2013.0,9.35,7,1,0,0,,
40,150,7.6944744956845,DI,1984.0,9.1,6,0,0,0,,
40,150,72.178863520943,DI,1984.0,9.1,6,0,0,0,,
40,150,5.0041473040342,DI,1984.0,9.1,6,0,0,0,,
31,200,89.7523148515332,PVC,1993.0,9.35,5,1,0,0,,
11,300,1.23044525266531,PVC,2013.0,9.35,0,1,1,1,-80.5162445962617,43.4522383174644
11,300,0.790719293275155,PVC,2013.0,9.35,0,1,1,1,-80.5162445962617,43.4522383174644
11,300,17.9638639525401,PVC,2013.0,9.35,0,1,1,1,-80.5162445962617,43.4522383174644
32,300,0.706892694642734,DI,1992.0,9.1,0,3,1,1,-80.5392000408656,43.4335525866539
11,300,14.6975278686058,PVC,2013.0,9.35,6,1,0,0,,
11,300,16.1997903425148,PVC,2013.0,9.35,7,1,0,0,,
11,300,107.384513131496,PVC,2013.0,6.55,7,1,0,0,,
11,450,8.05618559531744,PVC,2013.0,9.35,6,1,8,1,-80.5155740608119,43.4495333409789
11,450,3.40408922425411,PVC,2013.0,9.35,6,1,8,1,-80.5155740608119,43.4495333409789
21,250,8.09790019204438,PVC,2003.0,9.35,6,2,0,0,,
21,250,10.6384115808603,PVC,2003.0,9.35,6,2,0,0,,
21,250,288.376543583559,PVC,2003.0,9.35,6,2,0,0,,
53,150,7.66151133948096,DI,1971.0,8.5,6,2,0,0,,
53,150,9.88716983567019,DI,1971.0,8.5,6,2,0,0,,
53,150,203.891097321441,DI,1971.0,8.5,6,2,0,0,,
29,150,79.2599611943664,PVC,1995.0,9.35,6,1,0,0,,
46,300,16.0968781044356,DI,1978.0,4.7,7,0,2,1,-80.5395612739008,43.4185843386513
46,300,63.1417774137811,DI,1978.0,8.5,7,0,0,0,,
59,200,113.17160780802,CI,1965.0,6.25,6,1,1,1,-80.4426942687979,43.4583376711666
15,150,18.6091077417278,PVC,2009.0,9.35,5,3,0,0,,
15,150,18.1622509345457,PVC,2009.0,9.35,5,3,0,0,,
15,150,62.9429366903161,PVC,2009.0,9.35,5,3,0,0,,
15,150,94.9726380912278,PVC,2009.0,9.35,5,3,0,0,,
15,150,104.750080494827,PVC,2009.0,9.35,5,3,0,0,,
15,150,177.058913464792,PVC,2009.0,9.35,5,3,0,0,,
12,150,55.8441989591447,PVC,2012.0,9.35,6,0,0,0,,
13,150,6.13909359670607,PVC,2011.0,9.35,6,1,0,0,,
13,150,36.7067244200551,PVC,2011.0,9.35,6,1,0,0,,
13,200,5.10009695773677,PVC,2011.0,9.35,6,1,0,0,,
13,200,56.8800117209321,PVC,2011.0,9.35,5,1,0,0,,
13,200,6.10742516349125,PVC,2011.0,9.35,5,1,0,0,,
13,200,7.47277944834083,PVC,2011.0,9.35,5,1,0,0,,
13,200,87.9907386620573,PVC,2011.0,9.35,5,1,0,0,,
13,200,6.52601649287122,PVC,2011.0,9.35,5,1,0,0,,
13,200,76.4249315648671,PVC,2011.0,9.35,5,1,0,0,,
13,200,33.3397372555976,PVC,2011.0,9.35,5,1,0,0,,
13,200,12.9435657307225,PVC,2011.0,9.35,0,1,0,0,,
13,200,39.6130637355927,PVC,2011.0,9.35,6,1,0,0,,
13,200,56.6668210912648,PVC,2011.0,9.35,5,1,0,0,,
13,300,15.2310480066635,PVC,2011.0,9.35,6,0,0,0,,
13,200,13.3621748662313,PVC,2011.0,9.35,6,0,0,0,,
13,200,6.32356908520593,PVC,2011.0,9.35,6,0,0,0,,
13,200,184.479100770085,PVC,2011.0,9.35,6,0,0,0,,
13,200,13.13642360964,PVC,2011.0,9.35,6,0,0,0,,
13,200,152.928514800105,PVC,2011.0,9.35,6,0,0,0,,
13,200,58.9971944975193,PVC,2011.0,9.35,6,0,0,0,,
63,150,12.4415591264658,CI,1961.0,7.75,6,1,1,1,-80.4562761947933,43.462067421661
63,150,82.6250657543516,CI,1961.0,7.75,6,1,1,1,-80.4562761947933,43.462067421661
18,300,119.272270982194,PVC,2006.0,9.35,6,2,0,0,,
18,300,28.1301494626818,PVC,2006.0,9.35,6,2,0,0,,
70,150,12.9993323869903,CI,1954.0,7.75,5,1,1,1,-80.4514963185564,43.4240535298716
70,150,271.673677324833,CI,1954.0,7.35,5,1,1,1,-80.4514963185564,43.4240535298716
58,150,1.27055225737534,DI,1966.0,8.5,7,1,3,1,-80.4421710273144,43.4474101943469
58,150,94.3570437596933,DI,1966.0,4.9,7,1,3,1,-80.4421710273144,43.4474101943469
14,150,3.48215674805632,PVC,2010.0,9.35,6,1,0,0,,
14,150,122.58252279255,PVC,2010.0,9.35,7,1,0,0,,
14,150,0.934652298768024,PVC,2010.0,9.35,7,1,0,0,,
35,300,11.7152005533242,DI,1989.0,9.1,6,0,0,0,,
35,300,77.2150095826662,DI,1989.0,9.1,6,0,0,0,,
35,300,41.4941612401735,DI,1989.0,9.1,6,0,0,0,,
38,300,140.545272617119,DI,1986.0,9.1,6,0,0,0,,
22,300,158.894537054021,PVC,2002.0,9.35,7,3,0,0,,
22,300,16.6364975581807,PVC,2002.0,9.35,7,3,0,0,,
18,300,19.7554358457297,PVC,2006.0,9.35,6,2,0,0,,
50,150,14.2430034449402,DI,1974.0,8.5,5,3,0,0,,
50,150,13.1944259382965,DI,1974.0,8.5,5,3,0,0,,
50,150,266.47990862992,DI,1974.0,8.5,5,3,0,0,,
29,300,0.484529297443625,PVC,1995.0,9.35,7,1,0,0,,
29,300,41.9754187853872,PVC,1995.0,9.35,7,1,0,0,,
15,300,128.440737571557,PVC,2009.0,7.75,7,1,0,0,,
48,200,120.315911648381,DI,1976.0,8.5,7,1,0,0,,
55,100,7.66920817858037,DI,1969.0,8.5,6,1,0,0,,
55,100,48.7743833001627,DI,1969.0,8.5,5,1,0,0,,
23,150,7.53872694875845,PVC,2001.0,9.35,6,1,0,0,,
23,150,15.4409687983035,PVC,2001.0,9.35,6,1,0,0,,
18,150,7.6809681318017,PVC,2006.0,9.35,7,1,0,0,,
18,150,121.273938469436,PVC,2006.0,9.35,7,1,0,0,,
24,150,2.27126329633885,PVC,2000.0,9.35,0,3,0,0,,
24,150,136.692902712643,PVC,2000.0,9.35,6,3,0,0,,
24,150,7.73300804774275,PVC,2000.0,9.35,6,3,0,0,,
57,300,38.268720938416,CI,1967.0,7.85,7,1,0,0,,
57,300,84.3099450973498,CI,1967.0,7.85,8,1,0,0,,
57,300,192.242761895679,CI,1967.0,7.85,6,1,0,0,,
57,300,124.754944325344,CI,1967.0,7.85,7,1,0,0,,
24,300,0.523566997140396,PVC,2000.0,9.35,0,1,0,0,,
24,300,7.24624946731699,PVC,2000.0,9.35,7,1,0,0,,
24,300,8.57662629304579,PVC,2000.0,9.35,7,1,0,0,,
20,300,12.4419789239754,PVC,2004.0,9.35,6,3,0,0,,
20,300,49.2776194634501,PVC,2004.0,9.35,6,3,0,0,,
72,150,12.7902292651863,CI,1952.0,7.75,6,1,0,0,,
72,150,231.833105890431,CI,1952.0,7.75,6,1,0,0,,
27,150,0.790000158264548,PVC,1997.0,9.35,6,1,0,0,,
27,150,126.92121527454,PVC,1997.0,9.35,6,1,0,0,,
55,300,23.3646909099353,DI,1969.0,8.5,6,2,0,0,,
55,300,254.728077109444,DI,1969.0,8.5,7,2,2,1,-80.4093954503426,43.3933512450511
22,150,9.77611066186217,PVC,2002.0,9.35,5,4,0,0,,
22,150,71.9142544156452,PVC,2002.0,9.35,5,4,0,0,,
14,300,3.66574591867479,PVC,2010.0,9.35,6,2,0,0,,
14,300,8.64686423541788,PVC,2010.0,9.35,6,2,0,0,,
23,150,8.37102434932527,PVC,2001.0,9.35,6,1,0,0,,
23,150,24.8578368003759,PVC,2001.0,9.35,5,1,0,0,,
71,150,11.0410463544571,CI,1953.0,7.75,5,1,3,1,-80.4694454480174,43.4574385239474
71,150,90.4316341792178,CI,1953.0,4.55,5,1,3,1,-80.4694454480174,43.4574385239474
57,150,181.517405968197,CI,1967.0,5.85,6,1,3,1,-80.4490281899675,43.4603213258192
57,150,13.4099036219354,CI,1967.0,7.85,6,1,3,1,-80.4490281899675,43.4603213258192
22,200,6.45220320273428,PVC,2002.0,9.35,6,2,0,0,,
22,200,128.949172537269,PVC,2002.0,9.35,6,2,0,0,,
22,200,7.10692004286229,PVC,2002.0,9.35,6,2,0,0,,
56,300,68.7077288230099,DI,1968.0,8.5,6,1,0,0,,
75,200,178.975963127628,CI,1949.0,7.75,7,1,0,0,,
18,150,208.970774479551,PVC,2006.0,9.35,5,4,0,0,,
18,150,7.57156536313176,PVC,2006.0,9.35,5,4,0,0,,
18,150,114.06509765774,PVC,2006.0,9.35,5,4,0,0,,
58,150,11.5726037029979,CI,1966.0,7.85,6,1,3,1,-80.4440130465034,43.4617939694256
58,150,95.8376365493449,CI,1966.0,4.25,6,1,3,1,-80.4440130465034,43.4617939694256
14,150,11.864489821054,PVC,2010.0,9.35,6,1,0,0,,
14,150,192.408112084405,PVC,2010.0,9.35,6,1,0,0,,
14,150,12.9059206347538,PVC,2010.0,9.35,5,1,0,0,,
45,600,27.5142532824287,DI,1979.0,8.5,6,1,0,0,,
45,600,0.833799256266996,DI,1979.0,8.5,0,1,0,0,,
65,150,148.415024422953,CI,1959.0,5.35,5,1,4,1,-80.4593759979052,43.4609163848347
65,150,215.169200986025,CI,1959.0,5.7,5,1,4,1,-80.4593759979052,43.4609163848347
17,300,39.5945640047059,PVC,2007.0,9.35,7,1,0,0,,
13,150,10.9955959564012,PVC,2011.0,9.35,7,1,0,0,,
9,150,110.683228653974,PVC,2015.0,7.75,7,1,0,0,,
13,300,2.02661661755247,PVC,2011.0,9.35,7,1,0,0,,
13,300,12.0245052548329,PVC,2011.0,9.35,8,1,0,0,,
13,150,2.73026654361485,PVC,2011.0,9.35,7,1,0,0,,
13,150,7.40422956058934,PVC,2011.0,9.35,8,1,0,0,,
13,150,7.56103597332134,PVC,2011.0,9.35,8,1,0,0,,
13,150,4.069163704302,PVC,2011.0,9.35,8,1,0,0,,
9,150,8.42307945773973,PVC,2015.0,9.35,7,1,0,0,,
9,150,188.418993044022,PVC,2015.0,9.35,8,1,0,0,,
9,150,113.965557414173,PVC,2015.0,9.35,7,1,0,0,,
13,150,2.31818874350113,PVC,2011.0,9.35,6,1,0,0,,
13,150,12.8172977961853,PVC,2011.0,9.35,7,1,1,1,-80.4906766002015,43.4449165136999
13,150,98.8641440505387,PVC,2011.0,7.35,7,1,1,1,-80.4906766002015,43.4449165136999
13,150,3.57505412462299,PVC,2011.0,9.35,7,1,0,0,,
13,150,16.0036150649376,PVC,2011.0,9.35,7,1,0,0,,
13,150,15.9573736803444,PVC,2011.0,9.35,7,1,0,0,,
13,150,113.812150890277,PVC,2011.0,7.75,7,1,0,0,,
20,150,5.28534421740963,PVC,2004.0,9.35,0,1,0,0,,
61,300,47.5442893803359,CI,1963.0,7.85,7,1,2,1,-80.4740942095003,43.4340195657681
61,300,4.65177184906122,CI,1963.0,7.85,7,1,2,1,-80.4740942095003,43.4340195657681
61,300,152.888227682038,CI,1963.0,5.45,7,1,2,1,-80.4740942095003,43.4340195657681
14,600,8.74786578140501,PVC,2010.0,9.35,0,8,0,0,,
14,600,154.503041100332,PVC,2010.0,9.35,5,8,0,0,,
27,150,21.0396222150348,PVC,1997.0,9.35,7,1,0,0,,
27,150,4.14421734282926,PVC,1997.0,9.35,7,1,3,1,-80.4844724587781,43.4758387261803
56,450,4.81336503712477,DI,1968.0,8.5,7,1,3,1,-80.4844724587781,43.4758387261803
34,300,0.850108808999874,DI,1990.0,9.1,7,1,0,0,,
34,300,43.4804314742101,DI,1990.0,9.1,7,1,0,0,,
18,300,6.9683537171451,PVC,2006.0,9.35,8,1,0,0,,
47,600,2.52131604750947,DI,1977.0,8.5,7,1,1,1,-80.4826823665788,43.4585675608453
33,300,4.10065815543185,DI,1991.0,9.1,7,1,0,0,,
41,300,8.1602032566439,DI,1983.0,9.1,7,1,0,0,,
41,300,79.0990213123846,DI,1983.0,9.1,7,1,0,0,,
41,300,8.56691320886225,DI,1983.0,9.1,7,1,0,0,,
121,300,0.609822138334882,CI,1903.0,7.75,7,1,1,1,-80.4878770018377,43.4567066169048
20,300,83.4886712194991,PVC,2004.0,9.35,7,1,0,0,,
55,300,0.749514622381446,DI,1969.0,8.5,7,1,0,0,,
16,600,2.97877304493382,PVC,2008.0,9.35,7,1,0,0,,
16,300,11.5141371271751,PVC,2008.0,5.43,7,1,0,0,,
48,200,6.58133804368572,DI,1976.0,8.5,7,1,0,0,,
48,200,12.2394173068147,DI,1976.0,8.5,7,1,1,1,-80.4878770018377,43.4567066169048
55,300,13.5040960956981,DI,1969.0,8.5,7,1,0,0,,
13,300,0.999434163734938,PVC,2011.0,9.35,6,2,0,0,,
17,100,9.98405355184987,PVC,2007.0,9.35,7,0,0,0,,
13,150,4.2586125881089,PVC,2011.0,9.35,6,1,0,0,,
9,450,82.1240581038886,PVC,2015.0,9.35,0,2,0,0,,
13,450,2.35285711738462,PVC,2011.0,9.35,6,2,0,0,,
11,450,587.642156702216,PVC,2013.0,9.35,0,1,0,0,,
13,150,84.2957210327373,PVC,2011.0,9.35,6,2,0,0,,
13,150,11.3052386487861,PVC,2011.0,9.35,5,2,0,0,,
13,150,44.8548051727978,PVC,2011.0,9.35,6,2,0,0,,
9,200,15.4997946282009,PVC,2015.0,9.35,0,2,0,0,,
17,150,7.45647085901904,PVC,2007.0,9.35,0,1,0,0,,
17,150,36.7204722379797,PVC,2007.0,9.35,6,1,0,0,,
16,300,11.3588906112009,PVC,2008.0,9.35,6,1,0,0,,
16,300,229.291857873467,PVC,2008.0,9.35,6,1,0,0,,
32,300,42.8900546605501,DI,1992.0,9.1,6,1,0,0,,
32,300,213.792258863271,DI,1992.0,9.1,6,1,0,0,,
32,300,1.86072429210268,DI,1992.0,9.1,6,1,0,0,,
32,300,62.7782983679249,DI,1992.0,9.1,6,1,0,0,,
12,450,5.13622425939972,PVC,2012.0,9.35,0,1,8,1,-80.5155740608119,43.4495333409789
12,450,2.30803817145753,PVC,2012.0,9.35,0,1,8,1,-80.5155740608119,43.4495333409789
9,150,4.27906495900813,PVC,2015.0,9.35,0,1,0,0,,
9,150,185.513247074869,PVC,2015.0,6.15,8,1,0,0,,
31,300,6.32387029169168,DI,1993.0,9.1,7,1,0,0,,
31,300,0.867579828849756,DI,1993.0,9.1,6,1,0,0,,
13,150,6.04823647321053,PVC,2011.0,9.35,0,1,2,1,-80.4789354452969,43.4412556181755
11,150,16.8220650457074,PVC,2013.0,9.35,6,1,0,0,,
11,150,7.7511605989331,PVC,2013.0,9.35,6,1,0,0,,
11,150,8.39600630970165,PVC,2013.0,9.35,5,1,0,0,,
11,150,2.49349217118921,PVC,2013.0,9.35,0,1,0,0,,
11,150,48.2764287816639,PVC,2013.0,9.35,6,1,0,0,,
11,150,3.79386092670088,PVC,2013.0,9.35,0,1,0,0,,
10,200,0.941315191485971,PVC,2014.0,9.35,5,2,0,0,,
10,200,0.94701560705321,PVC,2014.0,9.35,5,2,0,0,,
21,250,7.41638847884525,PVC,2003.0,9.35,0,3,0,0,,
21,250,85.6740057344112,PVC,2003.0,9.35,6,3,0,0,,
21,250,119.091541641482,PVC,2003.0,9.35,5,3,0,0,,
9,300,9.1946202710318,PVC,2015.0,9.35,0,2,0,0,,
12,150,83.9187512313513,PVC,2012.0,6.15,6,1,0,0,,
9,300,3.99313273112335,PVC,2015.0,9.35,0,2,0,0,,
9,200,1.37277558104596,PVC,2015.0,9.35,0,2,0,0,,
9,300,1.43642730392925,PVC,2015.0,9.35,0,2,0,0,,
9,300,2.78588002893746,PVC,2015.0,9.35,0,2,0,0,,
13,150,35.893036434189,PVC,2011.0,9.35,5,1,0,0,,
13,150,6.59476870629532,PVC,2011.0,9.35,5,1,0,0,,
13,200,71.2518206313027,PVC,2011.0,9.35,5,1,0,0,,
12,150,63.7639258364272,PVC,2012.0,9.35,6,1,0,0,,
12,150,4.75658656686424,PVC,2012.0,9.35,6,1,0,0,,
12,150,2.2800467766983,PVC,2012.0,9.35,5,1,1,1,-80.4608266171939,43.4293007378162
66,150,173.814893250888,CI,1958.0,7.75,5,1,1,1,-80.4608266171939,43.4293007378162
66,150,7.60484520234204,CI,1958.0,7.75,5,1,1,1,-80.4608266171939,43.4293007378162
13,150,1.26557450786395,PVC,2011.0,9.35,7,1,2,1,-80.4789354452969,43.4412556181755
11,300,7.05329984425803,PVC,2013.0,5.43,7,1,0,0,,
13,300,51.2741100322214,PVC,2011.0,9.35,6,0,0,0,,
13,300,5.61301400143406,PVC,2011.0,9.35,6,0,0,0,,
16,300,9.48644342713776,PVC,2008.0,9.35,8,1,0,0,,
16,200,16.5482581941976,PVC,2008.0,9.35,8,1,0,0,,
16,300,4.80748845160429,PVC,2008.0,9.35,0,1,0,0,,
17,300,7.15233906396356,PVC,2007.0,9.35,7,1,0,0,,
17,300,179.325375298969,PVC,2007.0,9.35,6,1,0,0,,
17,300,11.46135577839,PVC,2007.0,9.35,7,1,0,0,,
23,150,7.49722667689491,PVC,2001.0,9.35,6,2,0,0,,
23,150,0.276604572630802,PVC,2001.0,9.35,0,2,0,0,,
23,150,162.20605482316,PVC,2001.0,9.35,6,2,0,0,,
23,150,71.0437934033076,PVC,2001.0,9.35,6,2,0,0,,
23,150,15.0031796450467,PVC,2001.0,9.35,7,2,0,0,,
94,150,153.078118589906,CI,1930.0,5.5,5,1,0,0,,
72,150,138.692689188569,CI,1952.0,7.75,5,1,1,1,-80.4651174789676,43.4619923725693
72,150,12.9072844599698,CI,1952.0,3.83,5,1,1,1,-80.4651174789676,43.4619923725693
16,300,205.272508101233,PVC,2008.0,9.35,8,1,0,0,,
19,150,0.509674346045081,PVC,2005.0,9.35,0,1,0,0,,
19,150,1.13335588524077,PVC,2005.0,9.35,8,1,0,0,,
16,300,0.385090340061121,PVC,2008.0,9.35,8,1,0,0,,
19,150,0.278036849599385,PVC,2005.0,9.35,0,1,0,0,,
19,150,0.616973532651768,PVC,2005.0,9.35,8,1,0,0,,
69,150,236.539683413392,CI,1955.0,6.15,4,1,2,1,-80.519328183593,43.4479113969285
69,150,12.6997645973663,CI,1955.0,7.75,5,1,2,1,-80.519328183593,43.4479113969285
53,150,3.76814082523026,DI,1971.0,8.5,7,2,1,1,-80.4199967918687,43.3883211207016
15,450,8.43230338266989,PVC,2009.0,9.35,0,1,2,1,-80.5127665617753,43.4479295368103
53,150,0.344941270355714,DI,1971.0,8.5,6,2,1,1,-80.4199967918687,43.3883211207016
15,450,1.15735931250751,PVC,2009.0,9.35,0,1,2,1,-80.5127665617753,43.4479295368103
15,450,0.152488852463206,PVC,2009.0,9.35,0,1,2,1,-80.5127665617753,43.4479295368103
15,450,0.198051634807034,PVC,2009.0,9.35,0,1,2,1,-80.5127665617753,43.4479295368103
18,300,5.21816452355695,PVC,2006.0,9.35,7,1,1,1,-80.5156778596301,43.4415014582893
18,300,10.1803828936482,PVC,2006.0,9.35,7,1,0,0,,
17,150,1.11413148311351,PVC,2007.0,9.35,7,1,1,1,-80.5156778596301,43.4415014582893
50,300,35.160885432599,DI,1974.0,8.5,7,1,1,1,-80.5162445962617,43.4522383174644
50,300,79.0985500336029,DI,1974.0,6.1,8,1,1,1,-80.5162445962617,43.4522383174644
33,300,11.3105364621169,DI,1991.0,9.1,7,3,0,0,,
33,300,223.571468802511,DI,1991.0,9.1,7,3,0,0,,
33,300,190.511270272106,DI,1991.0,9.1,7,3,0,0,,
33,300,11.703076056011,DI,1991.0,9.1,7,3,0,0,,
56,150,1.09651492502031,DI,1968.0,8.5,6,1,0,0,,
9,150,12.15763052841,PVC,2015.0,9.35,7,1,0,0,,
19,150,7.46185170608698,PVC,2005.0,9.35,6,2,0,0,,
19,150,141.516009134744,PVC,2005.0,9.35,6,2,0,0,,
66,200,191.358406411655,CI,1958.0,3.7,7,1,7,1,-80.4583691674127,43.4287718836459
66,200,106.251063452353,CI,1958.0,6.15,7,1,7,1,-80.4583691674127,43.4287718836459
23,300,19.3148851373809,PVC,2001.0,9.35,7,1,0,0,,
15,300,1.57764757164178,PVC,2009.0,9.35,0,1,8,1,-80.5155740608119,43.4495333409789
50,300,0.439081187869808,CI,1974.0,8.35,0,1,8,1,-80.5155740608119,43.4495333409789
24,200,13.4130274962046,PVC,2000.0,9.35,6,3,0,0,,
24,200,102.224368849478,PVC,2000.0,9.35,6,3,0,0,,
16,150,3.21330649011232,PVC,2008.0,9.35,8,1,0,0,,
16,200,5.82259523700235,PVC,2008.0,9.35,0,1,0,0,,
16,200,242.408323234838,PVC,2008.0,9.35,6,1,0,0,,
24,200,11.6680202189157,PVC,2000.0,9.35,6,3,0,0,,
24,200,123.576179443416,PVC,2000.0,9.35,6,3,0,0,,
24,200,10.6891412866941,PVC,2000.0,9.35,6,3,0,0,,
16,300,18.5089357520758,PVC,2008.0,9.35,8,1,0,0,,
16,150,0.668590531589062,PVC,2008.0,9.35,8,1,0,0,,
16,150,0.798078963272409,PVC,2008.0,9.35,8,1,0,0,,
16,150,0.563761545661113,PVC,2008.0,9.35,0,1,0,0,,
19,300,26.5408991855843,PVC,2005.0,9.35,8,1,0,0,,
16,150,2.99053985917517,PVC,2008.0,9.35,8,1,0,0,,
95,450,4.68798777370828,CI,1929.0,7.75,7,1,0,0,,
40,300,0.958958267262012,DI,1984.0,9.1,7,1,0,0,,
95,450,2.48906065116407,CI,1929.0,7.75,7,1,0,0,,
23,300,96.3682296515982,PVC,2001.0,9.35,7,1,0,0,,
23,300,11.1011969214009,PVC,2001.0,9.35,7,1,0,0,,
20,450,278.916473097232,PVC,2004.0,8.95,10,3,0,0,,
20,450,494.07641733259,PVC,2004.0,9.35,9,3,0,0,,
20,150,0.613504042300176,PVC,2004.0,9.35,7,3,0,0,,
20,150,4.99067470428461,PVC,2004.0,9.35,7,3,0,0,,
19,300,0.738755285590327,PVC,2005.0,9.35,8,1,0,0,,
74,150,65.7387818474424,CI,1950.0,7.3,6,1,0,0,,
20,300,1.23869313779536,PVC,2004.0,9.35,8,1,0,0,,
20,300,25.6864822429552,PVC,2004.0,9.35,8,1,0,0,,
51,200,54.4536089942079,DI,1973.0,8.5,6,1,1,1,-80.5174894694011,43.435708702329
51,200,112.096405136106,DI,1973.0,8.5,7,1,1,1,-80.5174894694011,43.435708702329
51,200,236.665509086036,DI,1973.0,8.1,6,1,1,1,-80.5174894694011,43.435708702329
51,200,6.735978143083,DI,1973.0,8.5,7,1,1,1,-80.5174894694011,43.435708702329
37,200,7.72196821387823,DI,1987.0,9.1,6,1,0,0,,
37,200,78.3112722480005,DI,1987.0,9.1,6,1,0,0,,
37,200,0.700760844556628,DI,1987.0,9.1,6,1,0,0,,
18,200,73.7527490086576,PVC,2006.0,9.35,5,3,0,0,,
74,150,252.46910571653,CI,1950.0,7.3,6,1,0,0,,
74,150,4.11984871494218,CI,1950.0,7.75,6,1,0,0,,
69,150,0.762381111834981,CI,1955.0,7.75,6,1,1,1,-80.4543590518824,43.4386583137708
69,150,87.9687765612706,CI,1955.0,5.75,6,1,1,1,-80.4543590518824,43.4386583137708
65,150,21.7671452878599,CI,1959.0,7.75,6,1,4,1,-80.4544905749487,43.4393925475539
65,150,149.869344005774,CI,1959.0,4.1,7,1,4,1,-80.4544905749487,43.4393925475539
69,150,0.764787611416883,CI,1955.0,7.75,6,1,1,1,-80.4551502886221,43.438688504413
33,150,22.0222681562483,DI,1991.0,9.1,6,1,0,0,,
33,150,160.488332154824,DI,1991.0,8.65,6,1,0,0,,
28,200,135.705681999533,PVC,1996.0,9.35,7,1,0,0,,
28,200,8.56159996999547,PVC,1996.0,9.35,7,1,0,0,,
20,300,0.840767862897315,PVC,2004.0,9.35,8,1,0,0,,
20,300,4.45411291852036,PVC,2004.0,9.35,8,1,0,0,,
19,150,0.797945944425978,PVC,2005.0,9.35,7,1,0,0,,
20,300,60.7675164949949,PVC,2004.0,9.35,7,1,0,0,,
20,300,77.6971207894297,PVC,2004.0,6.5,8,1,0,0,,
20,300,19.2812289409821,PVC,2004.0,9.35,0,1,0,0,,
71,150,13.8909218415102,CI,1953.0,7.75,5,1,0,0,,
71,150,84.3929942177748,CI,1953.0,7.75,5,1,0,0,,
92,150,73.6410192437848,CI,1932.0,7.75,5,1,0,0,,
71,150,86.2056233572663,CI,1953.0,7.75,5,1,0,0,,
71,150,5.08804088018226,CI,1953.0,7.75,5,1,0,0,,
30,150,9.34790618764938,PVC,1994.0,9.35,6,1,0,0,,
30,150,13.1924544479598,PVC,1994.0,9.35,6,1,0,0,,
65,300,19.8623096380286,CI,1959.0,7.75,8,1,1,1,-80.4360328615764,43.4298966053768
65,300,76.1055286001123,CI,1959.0,7.75,8,1,1,1,-80.4360328615764,43.4298966053768
65,300,7.77239956162845,CI,1959.0,7.75,7,1,0,0,,
32,300,94.5892674171607,DI,1992.0,9.1,5,7,0,0,,
30,150,19.2847939659852,PVC,1994.0,9.35,6,1,0,0,,
39,150,44.3917905259259,DI,1985.0,9.1,6,1,0,0,,
75,150,6.92502390143972,CI,1949.0,7.75,6,1,0,0,,
39,150,17.4722811642348,DI,1985.0,9.1,6,1,0,0,,
101,150,4.74591625808176,CI,1923.0,7.75,6,1,0,0,,
75,150,4.33625460499647,CI,1949.0,7.75,5,1,1,1,-80.4849617434165,43.4625128638186
77,150,1.46150694814793,CI,1947.0,7.75,7,1,0,0,,
77,150,4.32493086699566,CI,1947.0,7.75,7,1,0,0,,
18,450,2.90783148380519,HDPE,2006.0,10.0,8,9,0,0,,
61,150,7.7718067413331,CI,1963.0,7.85,5,1,2,1,-80.4644319776438,43.4267167095616
61,150,199.79864186915,CI,1963.0,5.85,5,1,2,1,-80.4644319776438,43.4267167095616
61,150,44.1811758729655,CI,1963.0,7.85,5,1,2,1,-80.4644319776438,43.4267167095616
45,300,10.9030543138608,DI,1979.0,8.5,0,5,1,1,-80.4147159478408,43.4330244520583
45,300,123.18801572495,DI,1979.0,6.9,5,5,1,1,-80.4147159478408,43.4330244520583
14,150,108.99065752456,PVC,2010.0,9.35,6,1,0,0,,
14,150,121.551738356567,PVC,2010.0,9.35,6,1,0,0,,
14,150,121.561496666102,PVC,2010.0,9.35,6,1,0,0,,
39,200,14.7026880123794,DI,1985.0,9.1,5,2,0,0,,
39,200,9.31252638566898,DI,1985.0,9.1,0,2,0,0,,
39,200,132.807509576253,DI,1985.0,9.1,5,2,0,0,,
39,200,16.3569354011807,DI,1985.0,9.1,5,2,0,0,,
37,150,0.746377384418117,DI,1987.0,9.1,0,3,0,0,,
37,150,0.952276262823315,DI,1987.0,9.1,6,3,0,0,,
37,150,107.994950828654,DI,1987.0,9.1,6,3,0,0,,
39,200,154.385424774951,DI,1985.0,9.1,6,1,0,0,,
39,200,12.2670783471969,DI,1985.0,9.1,6,1,0,0,,
48,600,310.529121191835,DI,1976.0,8.5,7,1,0,0,,
22,150,1.23386641561584,PVC,2002.0,9.35,6,3,0,0,,
22,150,55.1971575803221,PVC,2002.0,9.35,6,3,0,0,,
29,200,16.5569737546808,PVC,1995.0,9.35,6,1,0,0,,
29,200,86.6796498512321,PVC,1995.0,9.35,6,1,0,0,,
29,200,94.7562714356038,PVC,1995.0,9.35,6,1,0,0,,
29,200,11.7901107737221,PVC,1995.0,9.35,6,1,0,0,,
27,150,8.48794812037841,PVC,1997.0,9.35,6,1,0,0,,
27,150,90.4601881575177,PVC,1997.0,9.35,6,1,0,0,,
25,200,12.8682955628929,PVC,1999.0,9.35,6,3,0,0,,
25,200,3.78927145219081,PVC,1999.0,9.35,6,3,0,0,,
25,200,114.285702893853,PVC,1999.0,9.35,6,3,0,0,,
48,100,129.845300088321,DI,1976.0,8.5,4,2,1,1,-80.443571750618,43.395006580503
48,100,131.461967439781,DI,1976.0,8.5,4,2,1,1,-80.443571750618,43.395006580503
21,200,1.02038431988049,PVC,2003.0,9.35,0,3,0,0,,
21,200,6.33363416646579,PVC,2003.0,9.35,6,3,0,0,,
101,200,39.9713500279846,CI,1923.0,7.75,7,1,1,1,-80.5138584638292,43.4568092119606
91,300,102.509735037236,CI,1933.0,7.75,7,1,0,0,,
55,200,38.8399355640826,DI,1969.0,8.5,6,1,0,0,,
55,200,196.072772772243,DI,1969.0,8.5,6,1,0,0,,
55,200,0.918199630845848,DI,1969.0,8.5,6,1,2,1,-80.4404313412233,43.4519781764115
53,150,2.02840761234126,DI,1971.0,8.5,6,3,0,0,,
53,150,108.018180975422,DI,1971.0,8.5,6,3,0,0,,
53,150,68.6463372184222,DI,1971.0,8.5,5,3,0,0,,
53,150,10.6832886108666,DI,1971.0,8.5,5,3,0,0,,
19,150,6.1894835463157,PVC,2005.0,9.35,6,1,0,0,,
19,150,96.9211424231284,PVC,2005.0,9.35,6,1,0,0,,
19,150,7.66074395623516,PVC,2005.0,9.35,5,1,0,0,,
19,150,2.28369801217643,PVC,2005.0,9.35,0,1,0,0,,
19,150,58.940899327401,PVC,2005.0,9.35,5,1,0,0,,
19,150,5.93299671300135,PVC,2005.0,9.35,6,1,0,0,,
26,150,13.0646129734852,PVC,1998.0,9.35,5,1,0,0,,
26,150,77.0829357652704,PVC,1998.0,9.35,5,1,0,0,,
34,150,47.2133607748253,DI,1990.0,9.1,6,0,0,0,,
46,300,8.67028415631205,DI,1978.0,8.5,7,1,0,0,,
46,300,155.192529206013,DI,1978.0,8.5,6,1,0,0,,
58,150,43.9575564270792,CI,1966.0,4.05,5,1,3,1,-80.4393250983489,43.4580798981049
58,150,9.43711255690105,CI,1966.0,3.93,5,1,3,1,-80.4393250983489,43.4580798981049
45,150,235.125370386749,DI,1979.0,8.5,6,2,0,0,,
45,150,18.1815350752038,DI,1979.0,8.5,5,2,0,0,,
45,150,181.825347713022,DI,1979.0,8.5,5,2,0,0,,
39,150,6.2890422173505,DI,1985.0,9.1,5,1,0,0,,
39,150,107.577165292356,DI,1985.0,9.1,5,1,0,0,,
10,150,5.82715799016594,PVC,2014.0,9.35,5,6,0,0,,
10,150,54.179924992556,PVC,2014.0,9.35,5,6,0,0,,
10,150,5.80637815453848,PVC,2014.0,9.35,5,6,0,0,,
10,200,12.0626238874976,PVC,2014.0,9.35,5,6,0,0,,
10,150,11.8574691080145,PVC,2014.0,9.35,5,6,0,0,,
10,150,35.9647223643143,PVC,2014.0,9.35,5,6,0,0,,
10,150,5.98508985857082,PVC,2014.0,9.35,5,6,0,0,,
10,150,26.967830158412,PVC,2014.0,9.35,5,6,0,0,,
10,150,65.7419043089412,PVC,2014.0,9.35,5,6,0,0,,
10,200,75.233082394046,PVC,2014.0,9.35,5,6,0,0,,
10,150,20.0252566715046,PVC,2014.0,9.35,5,6,0,0,,
10,150,6.0000935452451,PVC,2014.0,9.35,5,6,0,0,,
57,150,30.8748913651835,DI,1967.0,8.5,5,1,3,1,-80.436715213319,43.4453986655384
10,150,25.018723309001,PVC,2014.0,9.35,0,1,0,0,,
10,150,39.4343510160847,PVC,2014.0,9.35,5,1,0,0,,
10,150,11.7397633072636,PVC,2014.0,9.35,5,1,0,0,,
10,150,11.7837236709397,PVC,2014.0,9.35,4,1,0,0,,
10,150,10.0542488081816,PVC,2014.0,9.35,0,1,0,0,,
10,150,32.0102158093016,PVC,2014.0,9.35,4,1,0,0,,
11,300,32.5025808487652,PVC,2013.0,9.35,5,3,0,0,,
35,300,13.2165255529917,DI,1989.0,9.1,7,1,0,0,,
35,300,10.9707290302836,DI,1989.0,9.1,7,1,0,0,,
35,300,114.456875034555,DI,1989.0,9.1,7,1,0,0,,
35,300,12.5001116696393,DI,1989.0,9.1,7,1,0,0,,
35,300,75.8396739871368,DI,1989.0,9.1,6,1,0,0,,
35,300,5.69838166536869,DI,1989.0,9.1,6,1,0,0,,
35,300,148.001755598336,DI,1989.0,9.1,7,1,0,0,,
35,300,12.5588380864203,DI,1989.0,9.1,7,1,0,0,,
10,200,15.2120800167225,PVC,2014.0,9.35,6,6,0,0,,
10,200,17.5648406850006,PVC,2014.0,9.35,5,6,0,0,,
10,150,0.847040045719206,PVC,2014.0,9.35,5,6,0,0,,
10,150,16.4833315264833,PVC,2014.0,9.35,5,6,0,0,,
10,200,72.0644928931258,PVC,2014.0,9.35,5,6,0,0,,
20,300,32.5943617334669,PVC,2004.0,9.35,6,1,0,0,,
20,300,6.07989101213438,PVC,2004.0,9.35,6,1,0,0,,
36,450,1.19915410586268,CPP,1988.0,9.35,0,1,5,1,-80.4189661503071,43.4250620931865
6,450,2.10002229044935,PVC,2018.0,9.35,0,1,5,1,-80.4189661503071,43.4250620931865
53,300,5.12085433630222,DI,1971.0,8.5,8,1,0,0,,
53,300,807.056990309546,DI,1971.0,8.5,8,1,0,0,,
51,450,58.2989027563482,DI,1973.0,8.5,6,1,0,0,,
46,450,62.026498255027,DI,1978.0,8.5,6,1,0,0,,
18,300,92.3438603198763,PVC,2006.0,9.35,7,1,0,0,,
18,300,5.01715103204878,PVC,2006.0,9.35,7,1,0,0,,
35,300,82.5350663588254,DI,1989.0,9.1,6,1,1,1,-80.4310791119219,43.4786695404499
35,300,26.5486640827612,DI,1989.0,9.1,6,1,1,1,-80.4310791119219,43.4786695404499
18,300,94.2998606152992,PVC,2006.0,9.35,6,1,0,0,,
18,300,1.73238794585078,PVC,2006.0,9.35,7,1,0,0,,
18,300,11.3665557287085,PVC,2006.0,9.35,7,1,0,0,,
35,300,6.83405665776847,DI,1989.0,9.1,7,1,0,0,,
20,300,57.0867591411109,PVC,2004.0,9.35,7,1,0,0,,
20,300,9.87335028127994,PVC,2004.0,9.35,7,1,0,0,,
20,300,79.6185985340036,PVC,2004.0,9.35,7,1,0,0,,
46,300,10.9733265993513,DI,1978.0,8.5,7,1,0,0,,
20,300,11.4238536333429,PVC,2004.0,9.35,7,1,0,0,,
20,300,9.12335784662246,PVC,2004.0,9.35,7,1,0,0,,
20,300,6.83544696374344,PVC,2004.0,9.35,7,2,0,0,,
20,300,99.7444384615567,PVC,2004.0,9.35,7,2,0,0,,
47,600,31.6579933673938,DI,1977.0,8.5,7,1,0,0,,
14,300,4.14114132955256,PVC,2010.0,9.35,8,1,0,0,,
43,450,10.8907852608862,DI,1981.0,8.5,7,1,0,0,,
17,150,3.47650331429999,PVC,2007.0,9.35,0,1,0,0,,
55,450,76.6108413027127,DI,1969.0,6.1,7,2,1,1,-80.4281345996526,43.3886988677299
41,300,124.454479518473,DI,1983.0,9.1,7,1,0,0,,
33,300,0.647380623587531,DI,1991.0,9.1,7,1,0,0,,
33,300,3.784819064485,DI,1991.0,9.1,7,1,0,0,,
58,200,256.064771958341,DI,1966.0,6.9,7,1,3,1,-80.5107913471909,43.4331836945587
58,200,1.63824979994503,DI,1966.0,8.5,6,1,3,1,-80.5107913471909,43.4331836945587
15,150,151.462180332153,PVC,2009.0,9.35,0,1,0,0,,
56,450,197.235010489056,DI,1968.0,8.5,8,1,0,0,,
34,300,88.6150232515881,DI,1990.0,9.1,7,1,0,0,,
72,150,5.74688915598847,CI,1952.0,3.83,7,1,3,1,-80.4716421622662,43.4419737007663
72,150,107.86581782695,CI,1952.0,6.15,7,1,3,1,-80.4716421622662,43.4419737007663
57,150,1.55589269688547,CI,1967.0,7.85,6,1,1,1,-80.4653992200684,43.4296429486096
57,150,223.29935110345,CI,1967.0,7.85,7,1,0,0,,
39,50,23.7365822602513,DI,1985.0,9.1,5,1,0,0,,
61,200,2.43814782183683,CI,1963.0,7.85,7,1,1,1,-80.4640176976984,43.4645223916355
61,200,231.563749415334,CI,1963.0,7.85,7,1,1,1,-80.4565642030857,43.4664672784482
61,200,245.878166097897,CI,1963.0,4.55,7,1,3,1,-80.4607520332058,43.4655310603459
48,200,54.9588904537735,DI,1976.0,8.5,6,2,1,1,-80.4554733955392,43.3946566608843
5,300,67.5366700137814,PVC,2019.0,9.35,7,1,0,0,,
5,300,9.62261408936357,PVC,2019.0,9.35,7,1,0,0,,
18,300,36.8754512221537,PVC,2006.0,9.35,8,1,0,0,,
36,450,12.850011125721,CPP,1988.0,5.43,6,1,5,1,-80.4189661503071,43.4250620931865
19,300,3.44822392155586,PVC,2005.0,9.35,7,1,0,0,,
19,300,24.241221260561,PVC,2005.0,9.35,7,1,0,0,,
19,300,73.0795175804761,PVC,2005.0,9.35,7,1,0,0,,
20,150,12.1003793040056,PVC,2004.0,9.35,7,1,0,0,,
13,150,11.3857856694282,PVC,2011.0,9.35,8,1,0,0,,
13,150,8.21484958159442,PVC,2011.0,9.35,8,1,0,0,,
13,300,3.22652116310975,PVC,2011.0,9.35,8,1,0,0,,
13,300,4.62262194010327,PVC,2011.0,9.35,8,1,0,0,,
13,200,25.4265512036467,PVC,2011.0,9.35,8,1,0,0,,
13,300,2.03767371893927,PVC,2011.0,9.35,8,1,0,0,,
13,300,12.5597523040556,PVC,2011.0,9.35,8,1,0,0,,
13,300,0.914557799317596,PVC,2011.0,9.35,8,1,0,0,,
50,200,6.06089889407148,DI,1974.0,8.5,6,3,1,1,-80.4978475795598,43.4144994336289
50,200,78.0233659750269,DI,1974.0,6.1,6,3,1,1,-80.4978475795598,43.4144994336289
61,300,218.292798999805,CI,1963.0,7.85,7,1,0,0,,
31,300,90.5472253651093,DI,1993.0,9.1,7,1,0,0,,
28,200,2.739769147053,DI,1996.0,9.1,5,1,0,0,,
24,150,89.9797070943536,PVC,2000.0,9.35,5,1,0,0,,
24,150,10.8405452364831,PVC,2000.0,9.35,5,1,0,0,,
62,450,7.93465756676362,CI,1962.0,7.85,7,1,3,1,-80.5107913471909,43.4331836945587
25,300,18.8049436035009,PVC,1999.0,9.35,7,1,0,0,,
25,300,1.33531599329941,PVC,1999.0,9.35,7,1,0,0,,
34,150,8.10245691122288,PVC,1990.0,9.35,6,2,0,0,,
34,150,84.5470016456302,PVC,1990.0,9.35,6,2,0,0,,
48,300,6.84986406095987,DI,1976.0,8.5,6,3,0,0,,
48,300,47.6465117312452,DI,1976.0,8.5,6,3,0,0,,
20,150,135.650903093568,PVC,2004.0,9.35,5,2,0,0,,
20,150,6.73207929862548,PVC,2004.0,9.35,5,2,0,0,,
20,150,127.429218936785,PVC,2004.0,9.35,5,2,0,0,,
30,300,63.8700292639907,DI,1994.0,9.1,8,1,0,0,,
30,300,9.10813423297676,DI,1994.0,9.1,8,1,0,0,,
25,150,13.1679431170749,PVC,1999.0,9.35,6,1,0,0,,
25,150,223.707793204858,PVC,1999.0,9.35,7,1,0,0,,
25,150,12.7461585245379,PVC,1999.0,9.35,6,1,0,0,,
25,300,10.5028725263208,PVC,1999.0,9.35,7,1,0,0,,
25,300,194.973900489759,PVC,1999.0,9.35,7,1,0,0,,
20,200,10.7944985340726,PVC,2004.0,9.35,6,3,0,0,,
20,200,68.4901107122153,PVC,2004.0,9.35,6,3,0,0,,
17,200,129.125764701311,PVC,2007.0,9.35,6,1,0,0,,
17,200,41.6545732852487,PVC,2007.0,9.35,6,1,0,0,,
17,200,6.11627538302016,PVC,2007.0,9.35,6,1,0,0,,
70,150,78.1610582473578,CI,1954.0,4.55,6,1,2,1,-80.4517301265783,43.4375887444781
70,150,8.53427674568624,CI,1954.0,7.75,6,1,2,1,-80.4517301265783,43.4375887444781
19,150,13.9186399132018,PVC,2005.0,9.35,6,1,0,0,,
19,150,127.516178052526,PVC,2005.0,9.35,6,1,0,0,,
19,150,129.029053067311,PVC,2005.0,9.35,6,1,0,0,,
19,150,101.451246286631,PVC,2005.0,9.35,6,1,0,0,,
19,150,13.5742497986939,PVC,2005.0,9.35,6,1,0,0,,
53,150,12.8016809203907,DI,1971.0,8.5,5,3,0,0,,
53,150,8.98510519552267,DI,1971.0,8.5,5,3,0,0,,
53,150,160.648798711085,DI,1971.0,8.5,5,3,0,0,,
22,300,122.648239487605,PVC,2002.0,9.35,7,3,0,0,,
22,300,4.37438465692271,PVC,2002.0,9.35,6,3,0,0,,
13,450,38.0054829427147,PVC,2011.0,9.35,6,1,0,0,,
70,150,202.079727443968,CI,1954.0,5.7,5,1,2,1,-80.4530639406386,43.4227791340047
70,150,13.2586253227039,CI,1954.0,7.75,5,1,2,1,-80.4530639406386,43.4227791340047
55,150,77.7161668767655,DI,1969.0,8.5,5,1,2,1,-80.4995015362553,43.4289343851517
55,150,9.05686977683152,DI,1969.0,8.5,5,1,2,1,-80.4995015362553,43.4289343851517
29,150,3.78909065624271,DI,1995.0,9.1,7,1,0,0,,
29,150,1.3891359617358,DI,1995.0,9.1,0,1,0,0,,
29,150,67.4606883187167,DI,1995.0,9.1,7,1,0,0,,
63,300,2.73610250197774,DI,1961.0,8.5,6,10,1,1,-80.5224608448573,43.4106967338158
57,150,12.1820441898436,CI,1967.0,7.85,5,1,1,1,-80.4506654263925,43.4443820762282
57,150,132.035115963829,CI,1967.0,6.25,7,1,1,1,-80.4506654263925,43.4443820762282
66,200,1.31897201238926,CI,1958.0,7.75,0,1,1,1,-80.4558925288367,43.4283932424839
66,200,5.75003543599452,CI,1958.0,7.75,7,1,1,1,-80.4558925288367,43.4283932424839
66,200,48.6125963208687,CI,1958.0,4.55,7,1,1,1,-80.4558925288367,43.4283932424839
66,200,4.42277282872955,CI,1958.0,7.75,0,1,1,1,-80.4558925288367,43.4283932424839
18,450,1.45172848666852,DI,2006.0,9.1,0,3,0,0,,
18,450,114.496517648143,DI,2006.0,9.1,6,3,0,0,,
22,150,5.54114145649944,PVC,2002.0,9.35,6,3,0,0,,
22,150,252.656096738186,PVC,2002.0,9.35,6,3,0,0,,
22,150,8.3926870363549,PVC,2002.0,9.35,5,3,0,0,,
43,150,93.5224193610926,DI,1981.0,8.5,5,2,0,0,,
43,150,8.867683808598,DI,1981.0,8.5,5,2,0,0,,
48,200,8.14357981170857,DI,1976.0,8.5,6,3,0,0,,
48,200,74.9825040226099,DI,1976.0,8.5,7,3,0,0,,
29,300,35.6373608801142,PVC,1995.0,9.35,6,1,0,0,,
29,300,3.17369879000674,PVC,1995.0,9.35,6,1,0,0,,
51,150,69.3741870273723,DI,1973.0,8.5,5,1,1,1,-80.4753299948803,43.4148853246876
28,300,6.44054420740333,PVC,1996.0,9.35,6,0,0,0,,
28,300,75.8995891454302,PVC,1996.0,9.35,7,0,0,0,,
31,300,62.2510708621279,PVC,1993.0,9.35,7,0,0,0,,
14,200,13.3370345466898,PVC,2010.0,9.35,6,2,0,0,,
14,200,129.698765316347,PVC,2010.0,9.35,6,2,0,0,,
48,200,12.1900451059345,DI,1976.0,8.5,6,3,0,0,,
48,200,111.870630338254,DI,1976.0,8.5,6,3,0,0,,
28,300,92.7518327172707,PVC,1996.0,9.35,6,5,0,0,,
28,300,9.58819758613802,PVC,1996.0,9.35,5,5,0,0,,
33,150,83.2990680679975,DI,1991.0,9.1,5,1,0,0,,
51,300,144.460935213966,DI,1973.0,8.5,6,3,0,0,,
51,300,1.70708082994243,DI,1973.0,8.5,0,1,0,0,,
17,300,16.3545267280446,PVC,2007.0,9.35,7,5,0,0,,
17,300,2.22986969344725,PVC,2007.0,9.35,7,5,0,0,,
43,100,13.2149241321084,DI,1981.0,8.5,5,2,0,0,,
43,100,21.2251786140035,DI,1981.0,8.5,5,2,0,0,,
40,200,9.0792444327415,DI,1984.0,9.1,7,1,0,0,,
40,200,13.4250476723999,DI,1984.0,9.1,6,1,0,0,,
16,150,0.571207631635967,PVC,2008.0,9.35,5,1,0,0,,
16,150,19.0366550094013,PVC,2008.0,9.35,6,1,0,0,,
37,300,73.4336396897157,DI,1987.0,9.1,6,1,0,0,,
37,300,87.2719638030451,DI,1987.0,9.1,6,1,0,0,,
37,300,78.9852765399406,DI,1987.0,9.1,6,1,0,0,,
37,300,25.3780691516988,DI,1987.0,9.1,6,1,0,0,,
37,300,17.9589000119918,DI,1987.0,9.1,6,1,0,0,,
72,150,6.69206961107328,CI,1952.0,7.75,7,1,0,0,,
72,150,97.4917264135576,CI,1952.0,7.75,7,1,0,0,,
67,150,6.58207657254579,CI,1957.0,7.75,5,1,4,1,-80.447595009757,43.4271450276406
67,150,240.262106484163,CI,1957.0,5.35,6,1,4,1,-80.447595009757,43.4271450276406
18,150,14.4822767931886,PVC,2006.0,9.35,6,0,0,0,,
18,150,137.921077544522,PVC,2006.0,9.35,6,0,0,0,,
18,150,156.79936845917,PVC,2006.0,9.35,6,0,0,0,,
18,150,117.680286089437,PVC,2006.0,9.35,6,0,0,0,,
18,150,93.882802918658,PVC,2006.0,9.35,6,0,0,0,,
18,150,7.60478170629884,PVC,2006.0,9.35,6,0,0,0,,
18,150,128.491918642065,PVC,2006.0,9.35,6,0,0,0,,
59,200,58.3036224303271,DI,1965.0,5.7,6,1,2,1,-80.442714376102,43.4568539790871
59,200,13.1043240941503,DI,1965.0,8.5,6,1,2,1,-80.442714376102,43.4568539790871
26,150,7.26266650535544,PVC,1998.0,9.35,6,2,0,0,,
26,150,176.629157041243,PVC,1998.0,9.35,6,2,0,0,,
31,300,86.2630349907975,DI,1993.0,9.1,6,1,1,1,-80.4733497303023,43.4721678261305
24,200,13.1564815364482,PVC,2000.0,9.35,6,4,0,0,,
24,200,100.276860113904,PVC,2000.0,9.35,6,4,0,0,,
44,300,118.173485115786,DI,1980.0,8.5,6,7,0,0,,
26,150,10.2964614433193,PVC,1998.0,9.35,6,1,0,0,,
25,150,78.6867665324975,PVC,1999.0,9.35,6,1,0,0,,
48,100,84.8231820472355,DI,1976.0,8.5,6,2,1,1,-80.443571750618,43.395006580503
51,150,20.0373208789406,DI,1973.0,8.5,6,3,6,1,-80.5297661860309,43.4249884672488
51,150,1.31400736704401,DI,1973.0,8.5,6,3,6,1,-80.5297661860309,43.4249884672488
24,300,6.0717376102896,PVC,2000.0,9.35,6,3,0,0,,
24,300,39.4331729660625,PVC,2000.0,9.35,6,3,0,0,,
24,300,12.4000690644127,PVC,2000.0,9.35,6,3,0,0,,
39,300,13.9842689105458,DI,1985.0,9.1,7,1,0,0,,
39,300,117.531885995327,DI,1985.0,9.1,7,1,0,0,,
48,150,12.9643581625908,PVC,1976.0,9.35,5,1,0,0,,
48,150,167.453434879512,PVC,1976.0,9.35,6,1,0,0,,
64,200,258.746499986968,CI,1960.0,5.75,6,1,5,1,-80.4511484919615,43.4492316254602
64,200,0.755280822107755,CI,1960.0,7.75,6,1,5,1,-80.4511484919615,43.4492316254602
16,150,5.9584746745693,PVC,2008.0,9.35,6,1,0,0,,
29,150,5.90276827899317,PVC,1995.0,9.35,6,1,0,0,,
20,150,15.4134553718707,PVC,2004.0,9.35,5,4,0,0,,
20,150,34.8251807668984,PVC,2004.0,9.35,5,4,0,0,,
20,150,123.546558004956,PVC,2004.0,9.35,6,4,0,0,,
20,200,3.87614508809167,PVC,2004.0,9.35,5,3,0,0,,
20,200,13.6807642323342,PVC,2004.0,9.35,6,3,0,0,,
20,200,103.559815591876,PVC,2004.0,9.35,6,3,0,0,,
64,150,8.71739399633495,CI,1960.0,7.75,7,3,0,0,,
64,150,67.8347132684175,CI,1960.0,7.75,7,3,0,0,,
58,150,12.4971151441771,DI,1966.0,8.5,5,1,4,1,-80.4443033712375,43.4631839990736
58,150,58.6166820667249,DI,1966.0,5.7,5,1,1,1,-80.4430219994361,43.4628234279127
28,200,130.220701830246,PVC,1996.0,9.35,7,1,0,0,,
22,150,8.73380386293241,PVC,2002.0,9.35,6,1,0,0,,
22,150,79.8371434621576,PVC,2002.0,9.35,6,1,0,0,,
46,150,79.8411174449696,DI,1978.0,8.5,5,1,0,0,,
46,150,13.0259815459952,DI,1978.0,8.5,5,1,0,0,,
18,200,7.6379633415748,PVC,2006.0,9.35,6,1,0,0,,
18,200,51.0611576999379,PVC,2006.0,9.35,5,1,0,0,,
22,300,1.53606796791247,PVC,2002.0,9.35,7,1,0,0,,
22,300,243.367957449692,PVC,2002.0,9.35,6,1,0,0,,
22,150,9.36585212779144,PVC,2002.0,9.35,6,3,0,0,,
22,150,7.58447705302438,PVC,2002.0,9.35,6,3,0,0,,
22,150,131.235812251664,PVC,2002.0,9.35,6,3,0,0,,
22,150,181.200525292504,PVC,2002.0,9.35,6,3,0,0,,
22,150,138.035793039319,PVC,2002.0,9.35,6,3,0,0,,
22,150,46.8890435721225,PVC,2002.0,9.35,6,3,0,0,,
22,150,130.814459720058,PVC,2002.0,9.35,6,3,0,0,,
21,150,106.473356640226,PVC,2003.0,9.35,5,3,0,0,,
21,150,13.6169149713333,PVC,2003.0,9.35,5,3,0,0,,
21,150,55.0974183472909,PVC,2003.0,9.35,5,3,0,0,,
48,150,14.630712354301,PVC,1976.0,9.35,5,1,0,0,,
48,150,226.821499841012,PVC,1976.0,9.35,5,1,0,0,,
48,150,10.0586227935614,PVC,1976.0,9.35,5,1,1,1,-80.4385142980483,43.4650632209623
65,300,14.3932533327568,CI,1959.0,7.75,6,1,0,0,,
65,300,222.915737403126,CI,1959.0,7.75,7,1,1,1,-80.4788588830589,43.4280370031009
65,300,356.155655311549,CI,1959.0,7.35,7,1,1,1,-80.4788588830589,43.4280370031009
73,150,0.611840109898177,CI,1951.0,7.75,7,1,1,1,-80.4859825331505,43.4348193340196
73,150,85.7066564198153,CI,1951.0,5.75,6,1,1,1,-80.4859825331505,43.4348193340196
33,300,35.917634331739,DI,1991.0,9.1,7,5,0,0,,
33,300,37.9911404231959,DI,1991.0,9.1,7,5,1,1,-80.394211669086,43.406454567421
33,300,94.7564420671158,DI,1991.0,9.1,6,5,1,1,-80.394211669086,43.406454567421
33,300,96.6606227651437,DI,1991.0,9.1,6,5,1,1,-80.394211669086,43.406454567421
33,300,113.688636109064,DI,1991.0,6.7,7,5,1,1,-80.394211669086,43.406454567421
33,300,107.311840173172,DI,1991.0,9.1,6,5,0,0,,
52,150,7.62461459203403,DI,1972.0,8.5,6,1,0,0,,
52,150,118.192323781663,DI,1972.0,8.5,6,1,0,0,,
23,150,14.074224772947,PVC,2001.0,9.35,5,0,0,0,,
23,150,73.2615112801942,PVC,2001.0,9.35,5,0,0,0,,
71,150,7.65860170097991,CI,1953.0,7.75,7,1,4,1,-80.4724466500222,43.4552564268435
71,150,93.2338983073151,CI,1953.0,3.95,7,1,4,1,-80.4724466500222,43.4552564268435
21,150,69.1014777465466,PVC,2003.0,9.35,5,3,0,0,,
21,150,9.03188790902004,PVC,2003.0,9.35,5,3,0,0,,
33,300,10.4316928328251,DI,1991.0,9.1,6,1,0,0,,
33,300,79.1982598672838,DI,1991.0,9.1,6,1,0,0,,
56,200,132.093345845862,DI,1968.0,6.9,6,1,1,1,-80.4506121187247,43.4620841674066
56,200,9.24016167151194,DI,1968.0,8.5,6,1,1,1,-80.4506121187247,43.4620841674066
44,150,62.7423979842305,DI,1980.0,8.5,5,3,0,0,,
66,150,0.914585808037403,CI,1958.0,7.75,5,1,2,1,-80.5076476970794,43.4315070738918
66,150,174.58483765883,CI,1958.0,4.55,5,1,4,1,-80.5059399779251,43.4308982070931
39,200,10.3618032382598,DI,1985.0,9.1,6,1,0,0,,
39,200,148.631222801032,DI,1985.0,9.1,6,1,0,0,,
24,300,1.61727523941719,DI,2000.0,9.1,7,1,0,0,,
24,300,133.608659651093,DI,2000.0,9.1,7,1,0,0,,
56,150,6.15900256791178,DI,1968.0,8.5,6,3,0,0,,
56,150,155.244857513084,DI,1968.0,8.5,6,3,0,0,,
39,150,121.376758852671,DI,1985.0,9.1,5,0,0,0,,
38,150,6.90873647373118,DI,1986.0,9.1,6,0,0,0,,
38,150,28.7814053633961,DI,1986.0,9.1,6,0,0,0,,
38,150,141.272660643828,DI,1986.0,9.1,6,0,0,0,,
38,150,162.810192915313,DI,1986.0,9.1,6,0,0,0,,
35,300,1.66491518121381,DI,1989.0,9.1,6,0,1,1,-80.5414917653935,43.4345299728912
56,300,10.3913068575954,DI,1968.0,8.5,7,1,1,1,-80.4420327895094,43.4601803626597
56,300,226.714650883368,DI,1968.0,8.5,7,1,1,1,-80.4420327895094,43.4601803626597
66,150,3.85126462122552,CI,1958.0,7.75,5,1,1,1,-80.4552018013187,43.4576055398552
66,150,79.9573951506126,CI,1958.0,5.35,5,1,1,1,-80.4577962340592,43.4519931169086
69,150,90.9130693943332,CI,1955.0,5.75,6,1,2,1,-80.4586806034784,43.4580130731415
69,150,170.448312071897,CI,1955.0,6.95,6,1,0,0,,
50,150,90.1593609682765,DI,1974.0,8.5,5,3,0,0,,
50,150,3.1085058012492,DI,1974.0,8.5,6,3,0,0,,
78,200,6.37361796801666,CI,1946.0,7.3,6,1,1,1,-80.4869932749298,43.4727581492157
78,200,83.1675813812449,CI,1946.0,4.9,6,1,1,1,-80.4869932749298,43.4727581492157
14,150,0.373020871094555,PVC,2010.0,9.35,7,1,0,0,,
14,150,2.21071263261791,PVC,2010.0,9.35,7,1,0,0,,
60,150,7.76991279912049,CI,1964.0,7.85,6,1,2,1,-80.4502087055513,43.4560414798366
60,150,150.241729829527,CI,1964.0,5.45,6,1,2,1,-80.4502087055513,43.4560414798366
52,200,6.24926007699637,DI,1972.0,8.5,6,5,0,0,,
52,200,154.811405237518,DI,1972.0,8.5,6,5,0,0,,
63,450,119.594964681314,CI,1961.0,6.15,8,1,1,1,-80.4328218263638,43.4299361741499
50,300,106.222507030904,DI,1974.0,8.5,7,1,0,0,,
50,300,14.4756235956257,DI,1974.0,8.5,6,1,0,0,,
14,300,80.5916066531412,PVC,2010.0,9.35,7,2,0,0,,
14,300,12.8963288071143,PVC,2010.0,9.35,7,2,0,0,,
45,150,4.9940541454454,DI,1979.0,8.5,5,2,0,0,,
45,150,77.0249544980856,DI,1979.0,8.5,5,2,0,0,,
17,150,51.330075127056,PVC,2007.0,9.35,7,1,0,0,,
61,150,87.0002142515119,CI,1963.0,7.85,6,1,0,0,,
61,150,7.40586029608695,CI,1963.0,7.85,6,1,0,0,,
72,150,160.660232688804,CI,1952.0,7.75,5,1,0,0,,
48,200,12.3622031815122,DI,1976.0,8.5,6,3,1,1,-80.5307192900962,43.4153845461166
48,200,80.2121516723921,DI,1976.0,6.1,6,3,1,1,-80.5307192900962,43.4153845461166
66,150,7.04264670959134,CI,1958.0,7.75,6,1,6,1,-80.5051970951575,43.4285243812285
66,150,67.5078178354248,CI,1958.0,7.75,5,1,6,1,-80.5051970951575,43.4285243812285
51,150,8.86600748736577,DI,1973.0,8.5,5,1,0,0,,
51,150,228.676301100283,DI,1973.0,8.5,5,1,0,0,,
28,300,14.3039922260236,PVC,1996.0,9.35,6,3,0,0,,
28,300,113.192284893032,PVC,1996.0,9.35,6,3,0,0,,
28,300,110.013685741941,PVC,1996.0,9.35,6,3,0,0,,
55,150,19.3005471751756,DI,1969.0,8.5,5,2,0,0,,
55,150,11.8736080095473,DI,1969.0,8.5,5,2,0,0,,
32,300,54.1066145314539,DI,1992.0,9.1,7,1,1,1,-80.4968054769311,43.4557482065692
53,150,138.733993828988,DI,1971.0,8.5,6,3,0,0,,
55,150,2.03085137350986,DI,1969.0,8.5,6,3,0,0,,
22,200,11.8512018699707,PVC,2002.0,9.35,6,2,0,0,,
22,200,79.1466948288331,PVC,2002.0,9.35,6,2,0,0,,
49,300,147.384694594046,DI,1975.0,8.5,6,1,0,0,,
49,300,1.64722408908015,DI,1975.0,8.5,7,1,0,0,,
37,450,114.766776420872,DI,1987.0,9.1,7,0,0,0,,
37,450,14.3036692767878,DI,1987.0,9.1,7,0,0,0,,
77,150,71.4627115796472,CI,1947.0,7.75,5,1,0,0,,
23,200,12.2231398882316,PVC,2001.0,9.35,6,0,0,0,,
23,200,133.349487240629,PVC,2001.0,9.35,6,0,0,0,,
23,200,103.765261499871,PVC,2001.0,9.35,6,0,0,0,,
23,200,61.7252039360657,PVC,2001.0,9.35,6,0,0,0,,
23,200,87.7575243006069,PVC,2001.0,9.35,6,0,0,0,,
17,200,11.666189956055,PVC,2007.0,9.35,6,0,0,0,,
14,200,35.7016181968203,PVC,2010.0,9.35,6,0,0,0,,
14,150,4.2783518675986,PVC,2010.0,9.35,6,1,0,0,,
36,300,4.85392215824166,DI,1988.0,9.1,6,1,0,0,,
29,200,12.725793621391,DI,1995.0,9.1,6,1,0,0,,
29,200,128.334767620129,DI,1995.0,9.1,6,1,0,0,,
21,150,5.96393214087236,PVC,2003.0,9.35,6,5,0,0,,
21,150,92.5298797716385,PVC,2003.0,9.35,6,5,0,0,,
21,150,68.6080146481869,PVC,2003.0,9.35,6,5,0,0,,
37,200,8.02808498293234,DI,1987.0,9.1,6,1,0,0,,
37,200,73.4645126688961,DI,1987.0,9.1,6,1,0,0,,
52,300,7.61992719100792,DI,1972.0,8.5,7,1,0,0,,
52,300,3.57066254860628,DI,1972.0,8.5,7,1,0,0,,
52,300,138.025264667821,DI,1972.0,8.5,6,1,0,0,,
19,200,18.123616768532,PVC,2005.0,9.35,7,2,1,1,-80.4040462703145,43.392423763597
19,200,0.994400050236917,PVC,2005.0,9.35,7,2,1,1,-80.4040462703145,43.392423763597
19,200,475.915358356431,PVC,2005.0,8.95,7,2,1,1,-80.4040462703145,43.392423763597
23,150,138.752118258731,PVC,2001.0,9.35,6,1,0,0,,
21,300,12.5717858594851,PVC,2003.0,9.35,7,1,0,0,,
21,300,12.6451877520859,PVC,2003.0,9.35,7,1,0,0,,
70,150,7.41780234820333,CI,1954.0,7.75,6,1,0,0,,
70,150,136.014532271245,CI,1954.0,5.5,5,1,0,0,,
21,250,13.5403852112198,PVC,2003.0,9.35,7,3,0,0,,
21,250,75.6822551513851,PVC,2003.0,9.35,7,3,0,0,,
21,250,76.4506844551419,PVC,2003.0,9.35,6,3,0,0,,
34,300,91.7691001555803,DI,1990.0,9.1,6,1,0,0,,
34,300,22.8227673130919,DI,1990.0,9.1,6,1,0,0,,
48,300,1.52742994488448,DI,1976.0,8.5,7,3,0,0,,
48,300,307.838308409903,DI,1976.0,8.5,7,3,0,0,,
26,200,49.809107745199,PVC,1998.0,9.35,5,4,0,0,,
44,300,59.0811171031386,DI,1980.0,8.5,6,0,0,0,,
44,300,10.8094396459573,DI,1980.0,8.5,6,0,0,0,,
52,300,2.10051556790621,DI,1972.0,8.5,0,2,0,0,,
27,150,1.8413353848033,PVC,1997.0,9.35,6,1,0,0,,
27,150,8.25412236385757,PVC,1997.0,9.35,6,1,0,0,,
46,300,0.609497367303257,DI,1978.0,8.5,0,3,0,0,,
46,300,106.686436593452,DI,1978.0,8.5,6,1,0,0,,
47,150,113.120258296318,DI,1977.0,8.5,5,1,1,1,-80.4524717874543,43.4663478519637
47,150,17.5998520531,DI,1977.0,8.5,5,1,1,1,-80.4524717874543,43.4663478519637
25,150,13.336459070708,PVC,1999.0,9.35,6,1,1,1,-80.4461985300375,43.4353963280436
25,150,6.40871468093707,PVC,1999.0,9.35,6,1,1,1,-80.4461985300375,43.4353963280436
37,150,1.73807677588007,DI,1987.0,9.1,5,1,0,0,,
15,100,106.978129969793,HDPE,2009.0,10.0,5,1,0,0,,
15,100,0.328146080306605,HDPE,2009.0,10.0,0,1,0,0,,
17,150,7.36674795043053,PVC,2007.0,9.35,5,1,0,0,,
17,150,32.4335353879284,PVC,2007.0,9.35,5,1,0,0,,
46,150,8.57004391152785,DI,1978.0,8.5,5,1,0,0,,
46,150,12.7746559397326,DI,1978.0,8.5,5,1,0,0,,
46,150,196.017207404147,DI,1978.0,8.5,6,1,0,0,,
48,150,7.70136631991194,PVC,1976.0,9.35,6,1,0,0,,
48,150,7.29223661652332,PVC,1976.0,9.35,6,1,0,0,,
48,150,66.5938662583956,PVC,1976.0,9.35,7,1,0,0,,
96,150,107.211009169317,CI,1928.0,7.75,5,1,0,0,,
59,300,158.812469670204,CI,1965.0,6.65,7,1,0,0,,
59,300,5.38475334699241,CI,1965.0,7.85,8,1,0,0,,
48,150,97.7116732313207,DI,1976.0,8.5,5,1,0,0,,
53,200,13.697750986855,DI,1971.0,8.5,6,1,0,0,,
53,200,213.193716627694,DI,1971.0,8.5,6,1,0,0,,
53,200,13.703552648217,DI,1971.0,8.5,6,1,0,0,,
53,200,118.468123219234,DI,1971.0,8.5,6,1,0,0,,
36,150,12.5956200129994,DI,1988.0,9.1,6,1,0,0,,
36,150,11.8975169749175,DI,1988.0,9.1,6,1,0,0,,
36,150,131.488078735328,DI,1988.0,9.1,6,1,0,0,,
15,150,0.935479090952327,PVC,2009.0,9.35,5,1,4,1,-80.5062436982316,43.4362915221534
29,150,163.375397234001,DI,1995.0,9.1,7,1,0,0,,
46,150,78.5691552533279,DI,1978.0,6.1,6,1,1,1,-80.4777447931709,43.4088219415085
46,150,5.87469816712533,DI,1978.0,8.5,6,1,1,1,-80.4777447931709,43.4088219415085
48,150,26.5437043324,PVC,1976.0,9.35,7,1,0,0,,
48,150,5.58306965361074,PVC,1976.0,9.35,6,1,0,0,,
48,150,318.846102042149,PVC,1976.0,9.35,7,1,0,0,,
72,150,89.3425017055709,CI,1952.0,7.75,5,1,0,0,,
72,150,8.97692980140274,CI,1952.0,7.75,6,1,0,0,,
55,150,14.3254180246078,DI,1969.0,8.5,5,3,0,0,,
55,150,145.051298821622,DI,1969.0,8.5,5,3,0,0,,
98,150,13.8052608875579,CI,1926.0,7.75,7,1,0,0,,
48,150,6.70522987572517,PVC,1976.0,9.35,6,1,0,0,,
48,150,75.8956360652434,PVC,1976.0,9.35,6,1,0,0,,
56,150,21.073785811811,CI,1968.0,4.05,6,1,1,1,-80.4420327895094,43.4601803626597
70,150,194.710008597651,CI,1954.0,6.5,6,1,1,1,-80.4592783112182,43.4563493908576
70,150,7.62066348809828,CI,1954.0,7.75,6,1,1,1,-80.4592783112182,43.4563493908576
40,150,12.1919887472446,DI,1984.0,9.1,5,1,0,0,,
40,150,41.4208364061315,DI,1984.0,9.1,6,1,0,0,,
16,300,21.3934818588841,PVC,2008.0,9.35,7,3,0,0,,
44,300,7.36816068480422,DI,1980.0,8.5,6,3,0,0,,
44,300,128.598106988002,DI,1980.0,8.5,7,3,0,0,,
20,150,7.36597823609516,PVC,2004.0,9.35,6,3,0,0,,
20,150,98.9803490275289,PVC,2004.0,9.35,6,3,0,0,,
20,150,7.16670775204353,PVC,2004.0,9.35,6,3,0,0,,
20,150,110.779724952617,PVC,2004.0,9.35,6,3,0,0,,
46,300,7.39519097157876,DI,1978.0,8.5,7,1,0,0,,
46,300,63.0557048391628,DI,1978.0,8.5,7,1,0,0,,
46,300,0.925996545512163,DI,1978.0,8.5,0,1,0,0,,
70,200,12.972288940616,CI,1954.0,7.75,7,1,0,0,,
70,200,89.6419381184587,CI,1954.0,7.75,7,1,0,0,,
19,150,13.5785847837396,PVC,2005.0,9.35,6,1,0,0,,
19,200,9.3416321604669,PVC,2005.0,9.35,6,1,0,0,,
19,200,84.9500595140693,PVC,2005.0,9.35,6,1,0,0,,
52,150,0.934172964719541,DI,1972.0,8.5,7,1,0,0,,
52,150,7.64395600044738,DI,1972.0,8.5,6,1,0,0,,
52,150,86.0265139676632,DI,1972.0,8.5,6,1,0,0,,
70,150,7.77310916106479,CI,1954.0,7.75,6,1,0,0,,
70,150,88.4489066620158,CI,1954.0,7.75,6,1,0,0,,
49,300,5.47777584863115,DI,1975.0,8.5,6,1,0,0,,
33,300,51.1097981880254,DI,1991.0,9.1,7,1,0,0,,
33,300,3.18977619869708,DI,1991.0,9.1,7,1,0,0,,
59,200,1.82014970980443,DI,1965.0,8.5,7,1,3,1,-80.4431082805091,43.4592183743837
59,200,76.0598291602741,DI,1965.0,5.3,6,1,3,1,-80.4431082805091,43.4592183743837
19,200,63.8951148306055,PVC,2005.0,9.35,6,3,0,0,,
19,200,10.0641187031632,PVC,2005.0,9.35,6,3,0,0,,
21,300,73.732856656922,PVC,2003.0,9.35,6,3,0,0,,
21,300,6.52197806819903,PVC,2003.0,9.35,6,3,0,0,,
75,150,200.592515053729,CI,1949.0,7.3,6,1,0,0,,
75,150,0.668342067372927,CI,1949.0,7.75,6,1,2,1,-80.4688989145601,43.446852806817
35,150,7.49970683108939,DI,1989.0,9.1,5,1,0,0,,
35,150,152.893401080363,DI,1989.0,9.1,6,1,0,0,,
73,450,10.2635449701886,CI,1951.0,7.75,0,1,2,1,-80.5064032467737,43.4421469412875
73,450,94.3303887040642,CI,1951.0,7.75,6,1,1,1,-80.5042021763691,43.4431668821553
56,150,80.6149433466378,DI,1968.0,5.3,5,3,2,1,-80.5202999904844,43.4187520585408
50,150,0.922613679469655,DI,1974.0,8.5,0,1,0,0,,
50,150,1.21878168615035,DI,1974.0,8.5,6,1,0,0,,
50,150,6.69742996854024,DI,1974.0,8.5,6,1,0,0,,
50,150,379.504548883605,DI,1974.0,8.5,6,1,0,0,,
60,150,170.325733617918,CI,1964.0,4.65,5,1,4,1,-80.4338208202518,43.4345870187024
71,150,88.0680777220779,CI,1953.0,7.75,6,1,0,0,,
48,150,238.204388862642,PVC,1976.0,9.35,7,1,0,0,,
77,150,257.038426771216,CI,1947.0,5.25,7,1,2,1,-80.4824019268087,43.4671578742031
66,150,229.603547900723,CI,1958.0,4.95,6,1,4,1,-80.46333219769,43.4334419913955
42,300,13.5362418003587,DI,1982.0,9.1,7,1,4,1,-80.4851390435598,43.4577660799576
26,200,4.75509407822782,PVC,1998.0,9.35,6,4,0,0,,
26,200,10.110225478447,PVC,1998.0,9.35,6,4,0,0,,
26,200,98.4823511223325,PVC,1998.0,9.35,6,4,0,0,,
39,200,13.3229224578004,DI,1985.0,9.1,7,0,0,0,,
39,200,172.783699662164,DI,1985.0,9.1,5,0,0,0,,
51,300,5.35170824818171,DI,1973.0,8.5,7,1,0,0,,
34,150,0.643747278972729,DI,1990.0,9.1,6,0,0,0,,
34,150,138.226232796398,DI,1990.0,9.1,6,0,0,0,,
34,150,13.4394603199849,DI,1990.0,9.1,7,0,0,0,,
34,150,139.516090171681,DI,1990.0,9.1,7,0,0,0,,
34,150,90.3733125024189,DI,1990.0,9.1,6,0,0,0,,
34,150,177.085859140715,DI,1990.0,9.1,6,0,0,0,,
48,150,218.835343106149,PVC,1976.0,8.95,6,1,1,1,-80.4476461702638,43.4670949983774
48,150,7.92501010194858,PVC,1976.0,9.35,5,1,1,1,-80.4476461702638,43.4670949983774
37,150,166.007149279517,DI,1987.0,7.9,5,1,1,1,-80.4503291740519,43.449517864488
37,150,5.75946247410786,DI,1987.0,9.1,5,1,1,1,-80.4503291740519,43.449517864488
45,150,10.658483561536,DI,1979.0,8.5,6,2,0,0,,
45,150,77.8970436758746,DI,1979.0,8.5,6,2,0,0,,
45,150,272.936566846476,DI,1979.0,8.5,6,2,0,0,,
29,450,34.8266362502212,PVC,1995.0,9.35,6,0,0,0,,
29,450,6.36164794076365,PVC,1995.0,9.35,6,0,0,0,,
53,200,14.3434805832875,DI,1971.0,8.5,6,3,0,0,,
53,200,69.2050654520748,DI,1971.0,8.5,6,3,0,0,,
37,150,6.43756329029414,DI,1987.0,9.1,5,3,0,0,,
37,150,57.6896498353497,DI,1987.0,9.1,6,3,0,0,,
37,150,5.00629248821572,DI,1987.0,9.1,5,3,0,0,,
58,600,578.984479164434,CPP,1966.0,9.15,6,1,1,1,-80.4580765245719,43.4404674929673
13,150,11.5892828697511,PVC,2011.0,9.35,5,2,0,0,,
13,150,35.6163894903316,PVC,2011.0,9.35,6,2,0,0,,
56,300,80.5619561957977,DI,1968.0,6.1,7,3,1,1,-80.5264040229187,43.4402826124187
29,200,4.23351080804922,PVC,1995.0,9.35,6,3,0,0,,
29,200,214.777911260484,PVC,1995.0,9.35,6,3,0,0,,
14,150,11.7069847907157,PVC,2010.0,9.35,6,1,0,0,,
39,300,65.2153606362302,DI,1985.0,9.1,6,0,0,0,,
39,300,124.79103668883,DI,1985.0,9.1,7,0,0,0,,
37,150,10.8133217092324,DI,1987.0,9.1,7,0,0,0,,
37,150,65.1659693081927,DI,1987.0,9.1,6,0,0,0,,
37,150,12.3756890070713,DI,1987.0,9.1,6,0,0,0,,
37,150,161.269458856062,DI,1987.0,9.1,6,0,0,0,,
37,150,205.162516303016,DI,1987.0,9.1,6,0,0,0,,
21,300,136.661138134859,PVC,2003.0,9.35,6,3,0,0,,
21,300,24.9308267181033,PVC,2003.0,9.35,6,3,0,0,,
39,150,63.600027542508,DI,1985.0,9.1,5,1,0,0,,
39,150,6.0897739455377,DI,1985.0,9.1,5,1,0,0,,
49,150,1.52396456717402,DI,1975.0,8.5,6,0,0,0,,
49,150,59.3651412136786,DI,1975.0,8.5,7,0,0,0,,
65,150,304.822886384952,CI,1959.0,5.35,6,1,6,1,-80.5311855666512,43.4509565925793
66,150,12.496777689263,CI,1958.0,7.75,5,1,1,1,-80.4647620134979,43.4328999023655
66,150,200.827247336423,CI,1958.0,4.9,5,1,3,1,-80.4642699243863,43.4325422102442
23,150,19.0333576889274,PVC,2001.0,9.35,6,1,0,0,,
99,150,12.3532401720765,CI,1925.0,7.75,6,1,0,0,,
99,150,5.78573915083343,CI,1925.0,7.75,6,1,0,0,,
24,150,11.741547706905,PVC,2000.0,9.35,7,2,0,0,,
24,150,153.613987804006,PVC,2000.0,9.35,6,2,0,0,,
24,150,5.09278674288809,PVC,2000.0,9.35,6,2,0,0,,
58,150,218.383289805114,CI,1966.0,7.45,5,1,0,0,,
56,100,7.66722814560492,DI,1968.0,8.5,6,1,0,0,,
56,100,42.0112738849,DI,1968.0,4.7,5,1,0,0,,
14,200,12.0793280564656,PVC,2010.0,9.35,6,5,0,0,,
14,200,124.588846149701,PVC,2010.0,9.35,6,5,0,0,,
74,25,40.5909793014554,Other,1950.0,5.6,3,1,1,1,-80.5055375590037,43.4397257629907
74,25,11.5592901370301,Other,1950.0,8.8,3,1,1,1,-80.5055375590037,43.4397257629907
65,200,115.047909755808,CI,1959.0,7.75,7,1,0,0,,
65,200,4.57186150271852,CI,1959.0,7.75,6,1,1,1,-80.4653992200684,43.4296429486096
26,300,5.70115076015377,PVC,1998.0,9.35,7,0,0,0,,
50,150,12.3779405804352,DI,1974.0,8.5,5,3,0,0,,
50,150,70.9790533816566,DI,1974.0,8.5,5,3,0,0,,
64,200,95.3689433911988,CI,1960.0,4.15,6,1,3,1,-80.4517153002349,43.4524734620514
64,200,12.1297171646335,CI,1960.0,7.75,6,1,3,1,-80.4517153002349,43.4524734620514
32,200,9.81158049067939,PVC,1992.0,9.35,6,1,0,0,,
32,200,139.750822675782,PVC,1992.0,9.35,6,1,0,0,,
32,200,1.14195131293894,PVC,1992.0,9.35,0,1,0,0,,
32,200,10.0372225173331,PVC,1992.0,9.35,7,1,0,0,,
19,200,11.1063244330293,PVC,2005.0,9.35,7,1,0,0,,
19,200,44.0976564588406,PVC,2005.0,9.35,7,1,0,0,,
19,200,11.2759001422043,PVC,2005.0,9.35,7,1,0,0,,
36,150,78.9346626206123,DI,1988.0,9.1,7,1,0,0,,
25,300,12.941645059867,PVC,1999.0,9.35,6,0,0,0,,
25,300,41.7903958306346,PVC,1999.0,9.35,6,0,0,0,,
25,300,8.77995970223755,PVC,1999.0,9.35,6,0,0,0,,
44,300,40.1520013362829,DI,1980.0,8.5,6,0,0,0,,
44,300,96.9916120234765,DI,1980.0,8.5,6,0,0,0,,
16,150,206.506035042283,PVC,2008.0,8.95,7,1,0,0,,
47,150,10.39971621868,DI,1977.0,8.5,5,1,1,1,-80.45308632556,43.4670892246768
47,150,5.50021972271317,DI,1977.0,8.5,6,1,0,0,,
55,150,173.687237519256,DI,1969.0,8.5,5,1,0,0,,
55,150,7.70294452793695,DI,1969.0,8.5,5,1,0,0,,
22,300,11.9741550133745,PVC,2002.0,9.35,6,1,0,0,,
22,300,3.75724922270204,PVC,2002.0,9.35,6,1,0,0,,
42,150,79.99653039545,DI,1982.0,6.25,6,1,1,1,-80.4717459865334,43.4506320913567
42,150,14.9181985911105,DI,1982.0,9.1,7,1,1,1,-80.4717459865334,43.4506320913567
65,150,123.949395457924,CI,1959.0,6.15,5,1,2,1,-80.4628191559073,43.4501978981749
65,150,1.81177746968086,CI,1959.0,7.75,5,1,2,1,-80.4628191559073,43.4501978981749
57,150,7.33742539014487,CI,1967.0,3.93,6,1,6,1,-80.4307259319285,43.4337984734724
57,150,10.9710433941182,CI,1967.0,7.85,6,1,6,1,-80.4307259319285,43.4337984734724
57,150,195.170100436269,CI,1967.0,5.85,6,1,6,1,-80.4307259319285,43.4337984734724
57,150,194.887859893713,CI,1967.0,5.45,6,1,6,1,-80.4307259319285,43.4337984734724
33,300,78.9538289073603,DI,1991.0,8.65,6,1,0,0,,
35,150,65.1443510640563,DI,1989.0,9.1,5,0,0,0,,
68,100,1.82236179630248,CI,1956.0,7.75,5,1,7,1,-80.5270546735077,43.4500019605405
68,100,1.5275509837655,CI,1956.0,7.75,5,1,7,1,-80.5270546735077,43.4500019605405
68,100,201.45975167572,CI,1956.0,4.9,5,1,7,1,-80.5270546735077,43.4500019605405
58,200,102.773299654486,DI,1966.0,6.9,6,1,1,1,-80.4395901553103,43.4449762001373
56,300,13.3779499180414,DI,1968.0,8.5,6,1,2,1,-80.5159857146913,43.4442348726347
53,150,4.71499864224672,DI,1971.0,8.5,5,2,0,0,,
53,150,327.601583063742,DI,1971.0,8.5,5,2,0,0,,
53,150,7.1520967567485,DI,1971.0,8.5,6,2,0,0,,
50,300,12.515055247933,DI,1974.0,8.5,6,3,0,0,,
50,300,110.507895412901,DI,1974.0,8.5,6,3,0,0,,
63,100,13.6989098479694,CI,1961.0,7.75,5,1,1,1,-80.4477371823279,43.4519759153936
63,100,72.7863988985934,CI,1961.0,4.55,5,1,1,1,-80.4477371823279,43.4519759153936
26,150,135.150895447224,PVC,1998.0,9.35,5,0,0,0,,
26,150,117.795444945338,PVC,1998.0,9.35,5,0,0,0,,
19,200,9.86050028865318,PVC,2005.0,9.35,6,1,0,0,,
19,200,27.9929829038189,PVC,2005.0,9.35,6,1,0,0,,
37,450,84.6189151955791,DI,1987.0,9.1,7,0,0,0,,
21,150,138.445126941186,PVC,2003.0,9.35,6,1,0,0,,
96,150,257.680467175519,CI,1928.0,7.75,5,1,0,0,,
96,150,18.367981968817,CI,1928.0,7.75,5,1,0,0,,
38,200,12.7784068309093,DI,1986.0,9.1,6,1,0,0,,
38,200,76.7143305707143,DI,1986.0,9.1,6,1,0,0,,
38,200,12.6687162722428,DI,1986.0,9.1,6,1,0,0,,
68,150,8.67661018673704,CI,1956.0,7.75,5,1,4,1,-80.4621604785223,43.4448864167595
68,150,70.7949070596709,CI,1956.0,7.75,5,1,0,0,,
72,150,3.39745306974399,CI,1952.0,7.75,6,1,0,0,,
30,200,40.5310214478026,DI,1994.0,9.1,7,1,0,0,,
30,200,1.204968635562,DI,1994.0,9.1,0,1,0,0,,
30,200,10.1073933671967,DI,1994.0,9.1,6,1,0,0,,
59,150,313.422528192944,DI,1965.0,8.5,6,1,0,0,,
48,150,12.6661495901991,PVC,1976.0,9.35,6,1,0,0,,
48,150,12.5130169738445,PVC,1976.0,9.35,6,1,0,0,,
48,150,194.112849602274,PVC,1976.0,9.35,6,1,0,0,,
25,150,15.1419567504821,PVC,1999.0,5.55,6,1,2,1,-80.4496702276782,43.4347306472907
25,150,1.08473923106773,PVC,1999.0,9.35,0,1,2,1,-80.4496702276782,43.4347306472907
54,600,174.054088586416,CPP,1970.0,9.15,7,1,0,0,,
54,600,129.44154041604,CPP,1970.0,9.15,6,1,0,0,,
39,150,94.1510896122303,DI,1985.0,9.1,5,1,0,0,,
92,300,4.89162639684043,CI,1932.0,7.75,6,1,2,1,-80.4838718855096,43.4417713081279
36,200,6.01828137627064,DI,1988.0,9.1,6,1,0,0,,
36,200,88.021120728933,DI,1988.0,9.1,6,1,0,0,,
50,150,12.8504557196147,DI,1974.0,8.5,5,3,0,0,,
50,150,229.13879537005,DI,1974.0,8.5,5,3,0,0,,
50,150,10.7424915202589,DI,1974.0,8.5,5,3,0,0,,
67,150,156.112902769019,CI,1957.0,6.55,5,1,4,1,-80.504296290557,43.4268699865673
67,150,1.55005161204932,CI,1957.0,7.75,7,1,4,1,-80.504296290557,43.4268699865673
67,150,70.9472141473379,CI,1957.0,7.75,5,1,4,1,-80.504296290557,43.4268699865673
67,150,224.831903346684,CI,1957.0,6.15,6,1,4,1,-80.504296290557,43.4268699865673
67,150,35.523601080152,CI,1957.0,7.75,5,1,4,1,-80.504296290557,43.4268699865673
26,300,20.1812624589799,DI,1998.0,9.1,7,1,0,0,,
26,300,108.230556830113,DI,1998.0,9.1,7,1,0,0,,
26,300,66.9892411882279,DI,1998.0,9.1,7,1,0,0,,
26,300,100.121017751393,DI,1998.0,9.1,7,1,0,0,,
26,300,86.6383140479585,DI,1998.0,9.1,7,1,0,0,,
26,300,158.404705001687,DI,1998.0,9.1,8,1,0,0,,
65,150,7.79480181945978,CI,1959.0,7.75,6,1,4,1,-80.5088498205204,43.4288916837733
65,150,189.228980986351,CI,1959.0,5.75,6,1,4,1,-80.5088498205204,43.4288916837733
65,150,184.755040899304,CI,1959.0,5.75,6,1,4,1,-80.5088498205204,43.4288916837733
65,150,5.8608167916448,CI,1959.0,7.75,6,1,4,1,-80.5088498205204,43.4288916837733
104,150,1.64380832108789,CI,1920.0,7.75,7,1,0,0,,
104,150,7.49590124885511,CI,1920.0,7.75,7,1,0,0,,
32,300,96.8034536280036,DI,1992.0,9.1,7,1,0,0,,
32,300,8.65213948703016,DI,1992.0,9.1,6,1,0,0,,
52,150,1.5783882909986,DI,1972.0,8.5,6,1,0,0,,
52,150,15.795149134099,DI,1972.0,8.5,6,1,0,0,,
59,150,113.011166341409,DI,1965.0,6.9,5,1,8,1,-80.4459079104776,43.4596030238599
59,150,205.6249351269,DI,1965.0,6.1,5,1,8,1,-80.4459079104776,43.4596030238599
59,150,235.668916280223,DI,1965.0,5.7,5,1,8,1,-80.4459079104776,43.4596030238599
49,300,73.0393524526528,DI,1975.0,8.5,6,3,1,1,-80.5416079489811,43.4443783868149
49,300,11.9960157588298,DI,1975.0,8.5,6,3,1,1,-80.5416079489811,43.4443783868149
49,300,232.038614793047,DI,1975.0,8.5,6,3,1,1,-80.5416079489811,43.4443783868149
30,150,5.7984322587148,PVC,1994.0,9.35,6,2,0,0,,
30,150,104.311312221884,PVC,1994.0,9.35,6,2,0,0,,
30,150,95.7682200792695,PVC,1994.0,9.35,6,2,0,0,,
20,150,7.57562783640047,PVC,2004.0,9.35,6,3,0,0,,
20,150,7.56000783027311,PVC,2004.0,9.35,6,3,0,0,,
20,150,210.57723237615,PVC,2004.0,9.35,6,3,0,0,,
26,150,44.798749432509,PVC,1998.0,9.35,6,5,0,0,,
26,150,8.07953165353228,PVC,1998.0,9.35,6,5,0,0,,
92,150,11.7547176501383,CI,1932.0,7.75,5,1,0,0,,
92,150,262.993715174193,CI,1932.0,7.3,5,1,0,0,,
37,150,5.68465292462663,DI,1987.0,9.1,5,3,0,0,,
37,150,38.2969354495603,DI,1987.0,9.1,5,3,0,0,,
54,150,14.6676082839553,PVC,1970.0,9.35,5,3,3,1,-80.532871162154,43.4396237017718
54,150,99.690407150313,PVC,1970.0,7.05,5,3,3,1,-80.532871162154,43.4396237017718
49,300,3.52018956171641,DI,1975.0,8.5,7,1,0,0,,
61,600,3.45294023455666,CPP,1963.0,9.15,0,1,0,0,,
61,600,68.196084709397,CPP,1963.0,9.15,7,1,0,0,,
88,150,109.350926979068,CI,1936.0,5.5,6,1,0,0,,
28,150,127.813181499551,DI,1996.0,9.1,7,1,0,0,,
33,300,2.06071133344886,DI,1991.0,9.1,7,5,0,0,,
33,300,41.392460557335,DI,1991.0,9.1,7,5,0,0,,
33,300,115.193765379189,DI,1991.0,9.1,7,5,0,0,,
33,300,92.4498772923544,DI,1991.0,9.1,7,5,0,0,,
33,300,39.6410762940445,DI,1991.0,9.1,7,5,0,0,,
33,300,119.331058414059,DI,1991.0,9.1,7,5,0,0,,
37,150,10.1009835982414,DI,1987.0,9.1,6,1,0,0,,
37,150,173.789594418223,DI,1987.0,9.1,6,1,0,0,,
30,300,139.821227711782,DI,1994.0,9.1,6,1,0,0,,
30,300,7.35989358580973,DI,1994.0,9.1,6,1,0,0,,
62,150,58.653830109197,CI,1962.0,7.85,6,1,0,0,,
37,600,297.305092392407,CPP,1987.0,9.35,8,5,0,0,,
37,600,415.022810626956,CPP,1987.0,9.35,7,5,0,0,,
37,600,277.587574822186,CPP,1987.0,9.35,0,5,0,0,,
46,300,89.7890768272118,DI,1978.0,8.5,7,1,0,0,,
46,300,17.0058861126435,DI,1978.0,8.5,6,1,0,0,,
15,150,214.976634835335,PVC,2009.0,9.35,7,1,0,0,,
15,150,4.76216966695501,PVC,2009.0,9.35,7,1,0,0,,
50,150,7.50736082517396,DI,1974.0,8.5,6,2,0,0,,
50,150,55.7335024879182,DI,1974.0,8.5,6,2,0,0,,
35,300,116.770576841483,DI,1989.0,7.5,6,1,1,1,-80.4310791119219,43.4786695404499
62,450,1.19284299010365,CI,1962.0,7.85,6,1,1,1,-80.5078210818357,43.4322618857906
62,450,19.4987176684897,CI,1962.0,7.85,6,1,0,0,,
62,450,0.940789966362096,CI,1962.0,7.85,0,1,1,1,-80.5078210818357,43.4322618857906
62,450,1.0915208467449,CI,1962.0,7.85,0,1,1,1,-80.5078210818357,43.4322618857906
56,200,1.22986080442546,DI,1968.0,8.5,7,1,0,0,,
56,200,7.69248419791184,DI,1968.0,8.5,7,1,0,0,,
56,200,162.100523529919,DI,1968.0,8.5,7,1,0,0,,
88,150,1.84757440878462,CI,1936.0,7.75,0,1,0,0,,
88,150,87.026461696455,CI,1936.0,7.75,6,1,0,0,,
46,150,7.73214092858983,DI,1978.0,8.5,6,1,0,0,,
46,150,156.278094578212,DI,1978.0,8.5,7,1,0,0,,
38,150,7.16618854385015,DI,1986.0,9.1,6,0,0,0,,
38,150,46.33121722002,DI,1986.0,9.1,6,0,0,0,,
38,150,181.521873943347,DI,1986.0,9.1,6,0,0,0,,
38,150,7.61981267940239,DI,1986.0,9.1,6,0,0,0,,
17,150,8.80961503826068,PVC,2007.0,9.35,6,1,0,0,,
42,300,10.839457263665,DI,1982.0,9.1,6,1,0,0,,
42,300,9.97966689857741,DI,1982.0,9.1,6,1,0,0,,
42,300,75.6535853973516,DI,1982.0,9.1,6,1,0,0,,
50,150,7.62052082033898,DI,1974.0,8.5,6,3,0,0,,
50,150,184.241227874494,DI,1974.0,8.5,6,3,0,0,,
50,150,147.3093984555,DI,1974.0,8.5,6,3,0,0,,
50,150,12.6346899288644,DI,1974.0,8.5,6,3,0,0,,
73,300,18.3095804802423,CI,1951.0,7.75,7,1,1,1,-80.4685007635211,43.4435491995888
50,150,13.1030491098694,DI,1974.0,8.5,5,3,0,0,,
50,150,0.873708601728969,DI,1974.0,8.5,5,3,0,0,,
50,150,159.077006732214,DI,1974.0,8.5,5,3,0,0,,
17,200,6.40485735052184,PVC,2007.0,9.35,6,0,0,0,,
17,200,6.20750886456922,PVC,2007.0,9.35,6,0,0,0,,
17,200,164.993028220131,PVC,2007.0,9.35,6,0,0,0,,
30,0,309.275692757632,CI,1994.0,7.75,7,1,0,0,,
21,150,99.6226432397303,PVC,2003.0,9.35,6,1,0,0,,
40,150,14.1273873533036,DI,1984.0,9.1,6,0,0,0,,
40,150,57.7714158654917,DI,1984.0,9.1,6,0,0,0,,
40,150,11.146292013921,DI,1984.0,9.1,6,0,0,0,,
40,150,256.515274403434,DI,1984.0,9.1,6,0,0,0,,
37,200,11.6396659811509,DI,1987.0,9.1,6,2,0,0,,
37,200,5.19072465108911,DI,1987.0,9.1,6,2,0,0,,
49,300,15.2399467610482,DI,1975.0,8.5,7,0,0,0,,
49,300,76.7646200996956,DI,1975.0,8.5,6,0,0,0,,
62,150,12.5048254951876,CI,1962.0,7.85,6,1,1,1,-80.5117968921198,43.4250084807285
62,150,87.6511595685196,CI,1962.0,5.85,5,1,1,1,-80.5117968921198,43.4250084807285
41,300,10.656108887758,DI,1983.0,9.1,6,0,0,0,,
41,300,132.555044356328,DI,1983.0,9.1,6,0,0,0,,
34,300,10.9306126357479,DI,1990.0,9.1,7,0,0,0,,
34,300,118.351567647758,DI,1990.0,9.1,7,0,0,0,,
30,300,5.29971653585003,DI,1994.0,9.1,6,1,0,0,,
24,150,7.99511337781678,PVC,2000.0,9.35,6,3,0,0,,
24,150,75.0158421010087,PVC,2000.0,9.35,6,3,0,0,,
61,300,90.9695647590804,CI,1963.0,4.65,7,1,2,1,-80.4490651049484,43.445671388562
61,300,14.3804475548249,CI,1963.0,4.05,7,1,2,1,-80.4490651049484,43.445671388562
61,150,98.0081111105128,CI,1963.0,7.85,7,1,0,0,,
49,150,30.1779390921961,PVC,1975.0,9.35,6,1,0,0,,
49,150,17.5631244245232,PVC,1975.0,9.35,6,1,0,0,,
55,150,142.793755980954,DI,1969.0,8.5,5,3,0,0,,
55,150,9.04559807180432,DI,1969.0,8.5,5,3,0,0,,
34,150,105.827840745465,DI,1990.0,9.1,6,2,0,0,,
34,150,0.685401254892821,DI,1990.0,9.1,5,2,0,0,,
34,300,3.38805857339812,DI,1990.0,9.1,7,1,0,0,,
61,150,307.521683972395,CI,1963.0,5.05,6,1,6,1,-80.4440014834427,43.4430213376153
61,150,7.76002619477431,CI,1963.0,7.85,5,1,6,1,-80.4440014834427,43.4430213376153
52,200,3.6605127739725,DI,1972.0,8.5,6,5,0,0,,
52,200,2.75897778227423,DI,1972.0,8.5,0,5,0,0,,
52,200,161.361328870992,DI,1972.0,8.5,6,5,0,0,,
15,100,1.10140278301065,HDPE,2009.0,10.0,5,1,0,0,,
15,100,115.763777010545,HDPE,2009.0,10.0,5,1,0,0,,
62,150,170.852304158605,CI,1962.0,5.85,6,1,2,1,-80.4380208123169,43.4334820436404
62,150,12.1926657683586,CI,1962.0,7.85,6,1,2,1,-80.4380208123169,43.4334820436404
55,150,93.6328509221457,DI,1969.0,8.5,5,1,0,0,,
49,300,14.5060115815953,DI,1975.0,8.5,6,1,0,0,,
15,150,90.7341491016984,PVC,2009.0,9.35,5,7,0,0,,
16,150,71.4711126095492,PVC,2008.0,9.35,6,1,0,0,,
21,150,80.8005003535515,PVC,2003.0,9.35,6,3,0,0,,
15,150,143.112573300667,PVC,2009.0,8.15,6,1,0,0,,
15,150,52.3472612005116,PVC,2009.0,9.35,6,1,0,0,,
15,150,19.9585598917777,PVC,2009.0,9.35,6,1,0,0,,
46,300,79.776682661993,DI,1978.0,8.5,7,0,0,0,,
37,300,88.1682349169334,DI,1987.0,9.1,6,1,0,0,,
37,300,15.1830598360917,DI,1987.0,9.1,6,1,0,0,,
22,150,11.8694105708224,PVC,2002.0,9.35,6,2,0,0,,
22,150,122.31815603804,PVC,2002.0,9.35,6,2,0,0,,
23,150,2.12218007163794,PVC,2001.0,9.35,6,1,0,0,,
28,300,100.208632706975,PVC,1996.0,9.35,7,1,0,0,,
28,300,5.04047946915933,PVC,1996.0,9.35,6,1,0,0,,
17,150,167.870729377098,PVC,2007.0,9.35,6,1,0,0,,
44,300,76.3241603178821,DI,1980.0,8.5,6,0,0,0,,
44,300,6.09639826780504,DI,1980.0,8.5,6,0,0,0,,
33,150,10.0709056515516,DI,1991.0,9.1,6,1,0,0,,
33,200,3.27004075672354,DI,1991.0,9.1,0,1,0,0,,
33,150,86.8682033001217,DI,1991.0,9.1,6,1,0,0,,
71,200,7.62016618183266,CI,1953.0,7.75,6,1,2,1,-80.454803635307,43.4268087991031
71,200,204.577240183534,CI,1953.0,7.35,6,1,2,1,-80.454803635307,43.4268087991031
51,150,7.61867668250864,DI,1973.0,8.5,5,3,0,0,,
51,150,106.71149267632,DI,1973.0,8.5,5,3,0,0,,
50,150,153.51318274373,DI,1974.0,8.5,5,3,0,0,,
50,150,12.0017570588593,DI,1974.0,8.5,5,3,0,0,,
26,300,92.0641205457059,PVC,1998.0,9.35,6,4,0,0,,
26,300,5.39035740515861,PVC,1998.0,9.35,6,4,0,0,,
75,150,159.186747999368,CI,1949.0,5.35,7,1,4,1,-80.4752223511478,43.4379296193973
75,150,13.3681866359882,CI,1949.0,7.75,6,1,4,1,-80.4752223511478,43.4379296193973
25,150,10.6719095423022,PVC,1999.0,9.35,6,3,0,0,,
25,150,201.143525476681,PVC,1999.0,9.35,6,3,0,0,,
25,150,130.362553555186,PVC,1999.0,9.35,6,3,0,0,,
25,150,7.88930132226995,PVC,1999.0,9.35,6,3,0,0,,
56,150,14.3998097766589,DI,1968.0,8.5,5,3,0,0,,
56,150,165.125844909411,DI,1968.0,8.5,5,3,0,0,,
56,150,12.7903382160899,DI,1968.0,8.5,5,3,0,0,,
56,150,148.356976184444,DI,1968.0,8.5,5,3,0,0,,
39,150,11.7266264815363,DI,1985.0,9.1,5,1,0,0,,
39,150,92.0422460481713,DI,1985.0,9.1,5,1,0,0,,
56,300,7.96755051900726,DI,1968.0,8.5,6,1,0,0,,
56,150,7.9270082223057,DI,1968.0,8.5,6,1,0,0,,
56,150,8.61696522550091,DI,1968.0,8.5,6,1,0,0,,
56,150,146.146076297705,DI,1968.0,8.5,6,1,0,0,,
56,150,156.784366778926,DI,1968.0,8.5,6,1,0,0,,
56,150,222.88415068564,DI,1968.0,8.5,6,1,0,0,,
50,200,7.06697338291963,DI,1974.0,8.5,7,1,0,0,,
50,200,74.0630449858584,DI,1974.0,8.5,7,1,0,0,,
34,300,25.2095619312087,DI,1990.0,9.1,6,1,0,0,,
34,300,8.85449096028733,DI,1990.0,9.1,6,1,0,0,,
72,150,199.188857947261,CI,1952.0,5.3,6,1,2,1,-80.4686710503224,43.4578159409506
72,150,11.454564663284,CI,1952.0,7.75,6,1,0,0,,
41,300,1.92876005771735,DI,1983.0,9.1,7,0,0,0,,
41,300,10.677179971583,DI,1983.0,9.1,6,0,0,0,,
36,150,69.0829041751672,DI,1988.0,9.1,5,1,0,0,,
59,150,12.7985980549726,CI,1965.0,7.85,5,3,7,1,-80.5150745372266,43.422742260155
59,150,12.4002945708114,CI,1965.0,7.85,5,3,7,1,-80.5150745372266,43.422742260155
59,150,168.28053597208,CI,1965.0,4.25,5,3,7,1,-80.5150745372266,43.422742260155
59,150,212.37109576941,CI,1965.0,7.45,5,3,7,1,-80.5150745372266,43.422742260155
62,150,7.92483111267153,CI,1962.0,7.85,6,1,3,1,-80.4543423622358,43.4613329004388
62,150,159.467785198445,CI,1962.0,5.45,6,1,3,1,-80.4543423622358,43.4613329004388
66,150,230.624996389801,CI,1958.0,5.35,5,1,4,1,-80.4927630466301,43.4278552085369
66,150,14.0595665534395,CI,1958.0,7.75,5,1,4,1,-80.4927630466301,43.4278552085369
29,150,14.5693949486254,DI,1995.0,9.1,6,1,2,1,-80.4789354452969,43.4412556181755
29,150,14.2873393102237,DI,1995.0,9.1,6,1,2,1,-80.4789354452969,43.4412556181755
20,200,10.602625919883,PVC,2004.0,9.35,6,4,0,0,,
20,200,154.612043440008,PVC,2004.0,9.35,6,4,0,0,,
20,200,11.915349919611,PVC,2004.0,9.35,6,4,0,0,,
20,200,99.9375927403087,PVC,2004.0,9.35,6,4,0,0,,
50,200,93.8182995871572,DI,1974.0,8.5,6,1,0,0,,
50,200,5.16703280473498,DI,1974.0,8.5,6,1,0,0,,
68,150,84.1990446504829,CI,1956.0,5.75,5,1,1,1,-80.5020054919381,43.4321736581163
68,150,1.06673520585422,CI,1956.0,7.75,5,1,1,1,-80.5020054919381,43.4321736581163
44,150,8.30880024117838,DI,1980.0,8.5,7,3,0,0,,
31,300,38.0016915110784,PVC,1993.0,9.1,7,1,0,0,,
27,150,95.1102505434855,PVC,1997.0,9.35,6,1,0,0,,
27,150,8.52442216442808,PVC,1997.0,9.35,6,1,0,0,,
23,250,12.197142932882,PVC,2001.0,9.35,7,2,0,0,,
23,250,70.6578306076425,PVC,2001.0,9.35,6,2,0,0,,
23,250,11.48869938611,PVC,2001.0,9.35,6,2,0,0,,
73,450,80.1118856787146,CI,1951.0,7.75,7,1,0,0,,
66,150,13.0320816886803,CI,1958.0,7.75,5,1,0,0,,
66,150,42.6911936116381,CI,1958.0,7.75,5,1,0,0,,
50,150,7.84202387245135,DI,1974.0,8.5,5,1,1,1,-80.474243723383,43.4083693286734
50,150,226.145749763666,DI,1974.0,8.1,5,1,1,1,-80.474243723383,43.4083693286734
50,150,80.6728556479256,DI,1974.0,8.5,5,1,1,1,-80.474243723383,43.4083693286734
42,300,6.63139850729244,DI,1982.0,9.1,7,1,0,0,,
42,300,62.4353882266628,DI,1982.0,9.1,7,1,0,0,,
42,300,21.9037405360513,DI,1982.0,9.1,7,1,0,0,,
28,200,20.7564995619104,PVC,1996.0,9.35,6,3,0,0,,
28,200,79.5895805771199,PVC,1996.0,9.35,6,3,0,0,,
55,150,101.873287779629,DI,1969.0,8.5,6,2,0,0,,
55,150,8.82129044638295,DI,1969.0,8.5,6,2,0,0,,
16,150,143.910162760366,PVC,2008.0,9.35,6,1,0,0,,
43,150,62.1137725907996,DI,1981.0,8.5,5,1,0,0,,
43,150,5.01827371114497,DI,1981.0,8.5,5,1,0,0,,
26,150,9.85894104414299,PVC,1998.0,9.35,5,2,0,0,,
26,150,117.610436791375,PVC,1998.0,9.35,5,2,0,0,,
26,150,5.47234881974374,PVC,1998.0,9.35,6,2,0,0,,
29,150,12.095093353062,PVC,1995.0,9.35,7,3,0,0,,
29,150,72.5097849782852,PVC,1995.0,9.35,6,3,0,0,,
24,300,79.7056388215188,PVC,2000.0,9.35,7,1,0,0,,
24,300,99.777347725304,PVC,2000.0,9.35,7,1,0,0,,
24,300,67.355071971785,PVC,2000.0,9.35,7,1,0,0,,
20,200,4.3386670597976,PVC,2004.0,9.35,5,1,1,1,-80.5001847032869,43.4573161929359
48,150,75.9575176627309,DI,1976.0,8.5,5,2,0,0,,
48,150,10.0387095419222,DI,1976.0,8.5,5,2,0,0,,
45,200,80.8375660185968,DI,1979.0,8.5,6,2,0,0,,
45,200,12.2658461873631,DI,1979.0,8.5,6,2,0,0,,
10,200,6.23947001788095,PVC,2014.0,9.35,6,2,0,0,,
10,200,91.3168528513473,PVC,2014.0,9.35,5,2,0,0,,
35,300,14.8682634665317,DI,1989.0,9.1,7,1,0,0,,
35,300,582.262735029293,DI,1989.0,9.1,7,1,1,1,-80.4385960155825,43.4155639796677
35,300,124.918579170014,DI,1989.0,9.1,7,1,1,1,-80.4369438744806,43.4155716642521
12,200,6.89868136116342,PVC,2012.0,9.35,0,2,0,0,,
12,200,74.5090506710503,PVC,2012.0,9.35,6,2,0,0,,
11,300,13.3219783422414,PVC,2013.0,9.35,6,2,0,0,,
11,300,75.5069900081746,PVC,2013.0,9.35,6,2,0,0,,
60,150,95.9691484515609,DI,1964.0,8.5,5,1,1,1,-80.5290063872312,43.4498436522503
60,150,1.70618245190501,DI,1964.0,8.5,5,1,0,0,,
32,300,126.701227065205,PVC,1992.0,9.35,7,3,0,0,,
56,150,0.433001245780622,DI,1968.0,8.5,6,1,0,0,,
56,150,2.61588095847128,DI,1968.0,8.5,6,1,0,0,,
20,300,69.1710092468454,PVC,2004.0,9.35,6,3,0,0,,
20,300,10.1148093102461,PVC,2004.0,9.35,6,3,0,0,,
55,150,120.284098488879,DI,1969.0,6.9,5,1,1,1,-80.4811290269372,43.4231714657766
55,150,13.0996924161644,DI,1969.0,8.5,5,1,1,1,-80.4811290269372,43.4231714657766
38,150,37.5882505065542,DI,1986.0,9.1,5,1,0,0,,
45,300,66.3521419680752,DI,1979.0,8.5,6,5,0,0,,
61,300,79.5018594610343,CI,1963.0,7.85,7,1,0,0,,
55,150,11.0196718752397,DI,1969.0,8.5,5,1,0,0,,
55,150,74.144142510942,DI,1969.0,8.5,5,1,1,1,-80.5013813188074,43.4306819171759
51,200,1.52431817839018,DI,1973.0,8.5,6,3,1,1,-80.5293096858979,43.4202925953502
51,200,111.464425858371,DI,1973.0,8.5,7,3,1,1,-80.5293096858979,43.4202925953502
36,150,3.80973040481527,DI,1988.0,9.1,4,1,0,0,,
36,150,40.3543024156098,DI,1988.0,9.1,4,1,0,0,,
36,300,11.7504948519427,DI,1988.0,9.1,6,1,0,0,,
36,300,57.4432938274584,DI,1988.0,9.1,5,1,0,0,,
68,150,12.4897231275088,CI,1956.0,7.75,5,1,1,1,-80.4831399119355,43.4340791406352
68,150,242.053350760941,CI,1956.0,6.9,5,1,1,1,-80.4831399119355,43.4340791406352
68,150,113.510056538559,CI,1956.0,7.75,0,1,1,1,-80.4831399119355,43.4340791406352
64,150,4.25124862643537,CI,1960.0,7.75,6,1,3,1,-80.4971058664168,43.4405376299192
50,300,202.037319739348,DI,1974.0,6.9,7,1,2,1,-80.466952214054,43.4130554007434
50,300,7.61931797526998,DI,1974.0,8.5,6,1,2,1,-80.466952214054,43.4130554007434
64,300,1.21627135094402,CI,1960.0,7.75,7,1,1,1,-80.4533875131536,43.4584172269627
64,300,291.490725181795,CI,1960.0,7.35,6,1,1,1,-80.4533875131536,43.4584172269627
42,450,3.66619883839655,AC,1982.0,8.9,7,3,0,0,,
42,450,23.228231265475,AC,1982.0,8.9,7,3,0,0,,
63,450,17.5544021859503,CI,1961.0,7.75,6,1,0,0,,
63,450,198.569807891717,CI,1961.0,7.75,7,1,0,0,,
24,300,63.9029858428951,PVC,2000.0,9.35,7,1,0,0,,
63,750,20.0544332360875,CPP,1961.0,9.15,0,1,1,1,-80.5306258691107,43.4073064722364
63,750,81.1300485660522,CPP,1961.0,9.15,9,1,1,1,-80.5306258691107,43.4073064722364
27,300,10.6441401041828,PVC,1997.0,9.35,7,1,0,0,,
25,300,84.491398334717,PVC,1999.0,9.35,7,1,0,0,,
55,150,13.8183588718852,CI,1969.0,7.85,6,3,2,1,-80.5267756982305,43.4199077772851
55,150,168.688597584259,CI,1969.0,7.05,6,3,2,1,-80.5255316511009,43.4203687169179
15,150,10.2873390048121,PVC,2009.0,9.35,5,1,0,0,,
53,150,13.2070069280076,CI,1971.0,7.85,5,3,2,1,-80.5279800314122,43.4210096088745
53,150,225.11681916689,CI,1971.0,7.85,5,3,2,1,-80.5279800314122,43.4210096088745
53,150,147.797897873683,CI,1971.0,7.85,5,3,2,1,-80.5279800314122,43.4210096088745
53,150,68.0126310629126,CI,1971.0,4.25,5,3,2,1,-80.5279800314122,43.4210096088745
53,150,13.1405030278883,CI,1971.0,7.85,5,3,2,1,-80.5279800314122,43.4210096088745
39,150,12.1734840015651,DI,1985.0,9.1,5,1,0,0,,
39,150,86.9989638768741,DI,1985.0,9.1,5,1,0,0,,
26,150,18.5944405602953,PVC,1998.0,9.35,6,1,0,0,,
26,150,5.99336786788009,PVC,1998.0,9.35,6,1,0,0,,
50,200,137.342537967586,DI,1974.0,8.5,6,1,0,0,,
50,200,234.026080303135,DI,1974.0,8.5,6,1,0,0,,
46,150,40.7482354020631,DI,1978.0,8.5,6,0,1,1,-80.5435660738886,43.4178308145095
46,150,138.356710619612,DI,1978.0,7.3,6,0,1,1,-80.5435660738886,43.4178308145095
46,150,6.50179175278681,DI,1978.0,8.5,6,0,1,1,-80.5435660738886,43.4178308145095
53,150,104.245154816842,DI,1971.0,8.5,5,3,0,0,,
53,150,8.99963446199113,DI,1971.0,8.5,5,3,0,0,,
53,150,126.813440546998,DI,1971.0,8.5,6,3,0,0,,
48,300,11.3944627385915,DI,1976.0,8.5,7,1,1,1,-80.4800641631084,43.4678751965881
48,300,252.21517342346,DI,1976.0,7.65,7,1,1,1,-80.4800641631084,43.4678751965881
36,200,2.29440458747656,DI,1988.0,9.1,0,1,0,0,,
36,200,7.8097081125365,DI,1988.0,9.1,7,1,0,0,,
36,200,1.87069445150688,DI,1988.0,9.1,6,1,0,0,,
36,200,173.563230773758,DI,1988.0,9.1,7,1,0,0,,
20,150,9.81238699272917,PVC,2004.0,9.35,6,1,0,0,,
94,300,78.3451299968096,CI,1930.0,7.75,6,1,0,0,,
62,150,213.754556383376,DI,1962.0,6.1,5,1,3,1,-80.4575775763232,43.4502765770418
65,150,27.9651604821282,DI,1959.0,8.5,6,1,0,0,,
62,150,243.893740649921,DI,1962.0,8.5,5,1,3,1,-80.4575775763232,43.4502765770418
44,150,15.4383910530218,DI,1980.0,8.5,6,3,0,0,,
44,150,267.520931795872,DI,1980.0,8.5,6,3,0,0,,
44,150,158.959947572198,DI,1980.0,8.5,6,3,0,0,,
44,150,8.7111148205627,DI,1980.0,8.5,6,3,0,0,,
23,300,76.1578356901755,PVC,2001.0,9.35,6,1,0,0,,
23,300,94.4775925497287,PVC,2001.0,9.35,6,1,0,0,,
23,300,6.60456320155253,PVC,2001.0,9.35,7,1,0,0,,
70,150,75.9845178904028,CI,1954.0,7.75,5,1,0,0,,
19,150,115.069673980861,PVC,2005.0,9.35,6,1,0,0,,
29,200,60.7328524755039,DI,1995.0,9.1,5,1,0,0,,
29,200,11.7469697944395,DI,1995.0,9.1,5,1,0,0,,
29,200,113.192344967353,DI,1995.0,9.1,5,1,0,0,,
55,150,67.5056577409562,DI,1969.0,6.1,5,3,4,1,-80.5241993207147,43.4178730552075
55,150,7.820141817333,DI,1969.0,8.5,5,3,4,1,-80.5241993207147,43.4178730552075
29,200,72.8888100456458,DI,1995.0,9.1,6,1,0,0,,
72,150,47.7132364519508,CI,1952.0,4.55,5,1,4,1,-80.5062436982316,43.4362915221534
72,150,7.31528066371325,CI,1952.0,7.75,5,1,4,1,-80.5062436982316,43.4362915221534
53,300,19.4958985389852,DI,1971.0,8.5,7,1,0,0,,
94,300,70.0623806839163,CI,1930.0,7.75,6,1,0,0,,
65,150,7.77072787448671,CI,1959.0,7.75,6,1,12,1,-80.4476571512762,43.4423887617807
65,150,4.46284756570262,CI,1959.0,7.75,6,1,5,1,-80.453280933076,43.4410921800946
65,150,394.762657680913,CI,1959.0,4.1,7,1,12,1,-80.4476571512762,43.4423887617807
50,300,12.4901848751055,DI,1974.0,8.5,8,1,0,0,,
50,300,122.229299151145,DI,1974.0,8.5,7,1,0,0,,
25,200,15.495239645424,PVC,1999.0,9.35,8,1,0,0,,
25,200,3.74339345525713,PVC,1999.0,9.35,0,1,0,0,,
25,200,71.895724655919,PVC,1999.0,9.35,7,1,0,0,,
64,200,77.7106434740417,CI,1960.0,5.35,6,1,1,1,-80.509735703306,43.4308388270631
64,200,1.82924237192795,CI,1960.0,7.75,6,1,1,1,-80.509735703306,43.4308388270631
23,300,58.2776100776483,PVC,2001.0,9.35,7,3,0,0,,
23,300,7.62088857810946,PVC,2001.0,9.35,6,3,0,0,,
22,200,209.327509661693,PVC,2002.0,9.35,5,4,0,0,,
22,200,9.15038259287341,PVC,2002.0,9.35,5,4,0,0,,
26,300,6.42553791812338,PVC,1998.0,9.35,7,3,0,0,,
26,300,59.7290612579106,PVC,1998.0,9.35,7,3,0,0,,
48,200,4.93365519741584,DI,1976.0,8.5,6,2,0,0,,
48,200,70.3105097654497,DI,1976.0,8.5,6,2,0,0,,
64,200,146.573255746909,CI,1960.0,5.35,6,1,2,1,-80.4517910355447,43.4522436054295
64,200,0.597924143807755,CI,1960.0,7.75,6,1,2,1,-80.4517910355447,43.4522436054295
33,300,3.72764786180169,DI,1991.0,9.1,6,3,0,0,,
33,300,80.219523018836,DI,1991.0,9.1,6,3,0,0,,
43,100,81.7664661319258,DI,1981.0,8.5,4,1,0,0,,
63,200,7.0703942304732,CI,1961.0,3.83,7,1,8,1,-80.4573945597013,43.4639729510261
63,200,204.69843180641,CI,1961.0,4.9,7,1,8,1,-80.4573945597013,43.4639729510261
49,300,5.53732496574933,DI,1975.0,8.5,6,3,0,0,,
50,300,214.114508292111,DI,1974.0,8.5,6,3,0,0,,
50,300,12.2888890135569,DI,1974.0,8.5,6,3,0,0,,
22,150,114.407131126481,PVC,2002.0,9.35,6,1,0,0,,
22,150,8.53538986698106,PVC,2002.0,9.35,0,1,0,0,,
18,150,139.797847149274,PVC,2006.0,9.35,6,0,0,0,,
18,150,6.65562185222796,PVC,2006.0,9.35,6,0,0,0,,
26,300,57.9099036367213,PVC,1998.0,9.35,5,4,0,0,,
26,300,6.70212802898335,PVC,1998.0,9.35,5,4,0,0,,
15,200,10.2845207931336,PVC,2009.0,9.35,6,1,0,0,,
56,150,167.626105526836,DI,1968.0,6.5,6,1,2,1,-80.5159857146913,43.4442348726347
56,150,1.28260890324554,DI,1968.0,8.5,6,1,2,1,-80.5159857146913,43.4442348726347
61,150,11.4562406421947,CI,1963.0,7.85,5,1,2,1,-80.4416635093809,43.4434655166335
61,150,160.219775641176,CI,1963.0,5.05,5,1,2,1,-80.4416635093809,43.4434655166335
63,450,684.81248364685,CI,1961.0,7.75,6,1,0,0,,
63,450,20.0275219642499,CI,1961.0,7.75,7,1,0,0,,
59,300,79.45415249722,DI,1965.0,8.5,7,1,1,1,-80.4478447662772,43.4581961058512
59,300,2.13805986789719,DI,1965.0,8.5,7,1,3,1,-80.4464146861472,43.4586846465217
59,150,12.8786272830138,DI,1965.0,8.5,6,1,3,1,-80.4431082805091,43.4592183743837
59,150,12.1971804616385,DI,1965.0,8.5,6,1,0,0,,
59,150,306.797144225924,DI,1965.0,6.25,6,1,0,0,,
59,150,149.911853303865,DI,1965.0,8.5,6,1,0,0,,
72,150,8.52960983955171,CI,1952.0,7.75,6,1,0,0,,
72,150,55.0934545907426,CI,1952.0,7.75,6,1,0,0,,
52,150,1.21032808731712,CI,1972.0,8.35,7,1,0,0,,
24,300,62.1781002727941,PVC,2000.0,9.35,6,3,0,0,,
24,300,7.49689438618778,PVC,2000.0,9.35,6,3,0,0,,
58,200,30.213709790881,DI,1966.0,4.58,6,1,3,1,-80.439222561125,43.4529429835776
58,200,57.7838222945085,DI,1966.0,8.5,7,1,3,1,-80.439222561125,43.4529429835776
67,300,8.41774486607279,CI,1957.0,7.75,6,1,1,1,-80.4934528059506,43.4264192930346
67,300,1.36811640559019,CI,1957.0,7.75,6,1,1,1,-80.4934528059506,43.4264192930346
52,300,101.229063779057,CI,1972.0,6.25,6,1,1,1,-80.5302089626602,43.4451873150675
19,200,8.5082811909402,PVC,2005.0,9.35,6,3,0,0,,
19,200,71.0644892411635,PVC,2005.0,9.35,6,3,0,0,,
11,150,1.69544635461414,PVC,2013.0,9.35,4,2,0,0,,
11,150,1.7198076928753,PVC,2013.0,9.35,0,2,0,0,,
11,150,1.86738153611787,PVC,2013.0,9.35,0,2,0,0,,
11,150,5.67508935074796,PVC,2013.0,9.35,4,2,0,0,,
11,50,5.78491749311681,Other,2013.0,9.4,4,2,0,0,,
24,300,13.9135279689076,PVC,2000.0,9.35,6,1,0,0,,
44,450,0.6686063864112,DI,1980.0,8.5,0,0,0,0,,
44,450,1.47571421707189,DI,1980.0,8.5,6,3,0,0,,
38,150,2.31840834464012,DI,1986.0,9.1,5,0,0,0,,
38,150,2.28800059670805,DI,1986.0,9.1,5,0,0,0,,
61,300,10.3769418460423,CI,1963.0,7.85,7,1,0,0,,
15,150,2.27052014563937,PVC,2009.0,9.35,6,1,0,0,,
15,150,63.1672115664916,PVC,2009.0,9.35,6,1,0,0,,
11,150,13.7103169118905,PVC,2013.0,9.35,5,1,0,0,,
11,150,15.2374669529596,PVC,2013.0,9.35,5,1,0,0,,
14,200,7.71378626551062,PVC,2010.0,9.35,6,1,0,0,,
15,150,5.95128572741896,PVC,2009.0,9.35,5,1,0,0,,
13,150,7.20476414155058,PVC,2011.0,9.35,5,1,0,0,,
35,150,6.58439366949872,DI,1989.0,9.1,7,3,0,0,,
35,150,82.8203674886797,DI,1989.0,9.1,7,3,0,0,,
60,200,77.6063778509393,DI,1964.0,8.5,7,1,0,0,,
60,200,1.53928177594805,DI,1964.0,8.5,7,1,0,0,,
31,300,26.4146583949904,DI,1993.0,9.1,8,1,0,0,,
14,200,6.3231501962777,PVC,2010.0,9.35,6,1,0,0,,
44,450,323.835518100511,AC,1980.0,8.3,8,3,1,1,-80.5225329014624,43.4272265885811
15,450,220.942257780914,PVC,2009.0,9.35,8,3,0,0,,
39,150,106.840214814526,DI,1985.0,9.1,5,1,0,0,,
43,300,75.5702850865152,DI,1981.0,8.5,6,1,0,0,,
14,300,17.5922724304157,PVC,2010.0,9.35,8,1,0,0,,
14,300,0.735987839592493,PVC,2010.0,9.35,8,1,0,0,,
60,300,24.8738289080458,CI,1964.0,7.85,7,1,1,1,-80.5174894694011,43.435708702329
60,300,111.813419051734,CI,1964.0,7.85,7,1,0,0,,
55,300,3.74617766769741,DI,1969.0,8.5,7,1,0,0,,
34,300,54.5207789963165,DI,1990.0,9.1,7,1,0,0,,
34,300,10.6994995391799,DI,1990.0,9.1,7,1,0,0,,
53,200,154.621527608048,DI,1971.0,8.5,7,1,1,1,-80.5183902521637,43.4403971689753
53,200,8.38565793660539,DI,1971.0,8.5,7,1,1,1,-80.5183902521637,43.4403971689753
62,450,8.34770075227142,CI,1962.0,7.85,7,1,0,0,,
62,450,99.9251176007521,CI,1962.0,7.4,7,1,0,0,,
41,200,2.09028859277218,DI,1983.0,9.1,0,3,1,1,-80.5399256495246,43.4438442905157
41,200,4.6106201577524,DI,1983.0,9.1,6,3,1,1,-80.5399256495246,43.4438442905157
41,200,41.9014570093256,DI,1983.0,5.9,6,3,1,1,-80.5399256495246,43.4438442905157
33,600,397.491489326004,CPP,1991.0,9.35,8,1,0,0,,
21,300,73.4288585602548,PVC,2003.0,9.35,8,1,0,0,,
23,150,106.247246126438,PVC,2001.0,9.35,6,1,0,0,,
16,300,7.68240639184327,PVC,2008.0,9.35,7,3,0,0,,
27,300,32.2299604068082,PVC,1997.0,9.35,6,1,0,0,,
27,300,7.93135853708,PVC,1997.0,9.35,6,1,0,0,,
55,450,4.81848920814089,AC,1969.0,8.7,7,1,5,1,-80.5249174036821,43.442783261796
19,300,1.20792538274141,HDPE,2005.0,10.0,0,1,0,0,,
19,300,88.1830606519375,HDPE,2005.0,10.0,7,1,0,0,,
19,300,144.557179017778,HDPE,2005.0,10.0,7,1,0,0,,
19,300,2.55412017122878,HDPE,2005.0,10.0,7,1,0,0,,
19,300,123.338397628854,HDPE,2005.0,10.0,7,1,0,0,,
16,0,226.307560230383,PVC,2008.0,9.35,8,3,0,0,,
102,150,109.838575452316,CI,1922.0,5.5,7,1,0,0,,
55,450,401.158406921007,DI,1969.0,8.5,6,2,0,0,,
18,450,10.0963806568934,PVC,2006.0,9.35,7,0,0,0,,
18,450,549.860272054188,PVC,2006.0,9.35,7,0,0,0,,
58,200,7.32449071090434,DI,1966.0,8.5,6,1,0,0,,
58,200,105.906461739868,DI,1966.0,8.5,6,1,0,0,,
16,450,322.963479397788,PVC,2008.0,9.35,8,0,0,0,,
56,300,5.63882803407557,DI,1968.0,8.5,7,1,0,0,,
56,300,84.6761527635045,DI,1968.0,8.5,7,1,0,0,,
56,300,106.470830527169,DI,1968.0,8.5,7,1,1,1,-80.443345026205,43.4597327062183
33,300,5.60913163259203,DI,1991.0,9.1,6,1,0,0,,
33,300,49.1488130610208,DI,1991.0,9.1,7,1,0,0,,
23,300,7.43168469632302,PVC,2001.0,9.35,7,3,0,0,,
23,300,79.0166028706444,PVC,2001.0,9.35,7,3,0,0,,
64,150,12.9685016760621,DI,1960.0,8.5,6,3,0,0,,
45,150,304.085044374734,DI,1979.0,8.5,6,3,0,0,,
22,150,12.200327349431,PVC,2002.0,9.35,6,0,0,0,,
22,150,13.3175039157202,PVC,2002.0,9.35,6,0,0,0,,
22,150,132.987571870893,PVC,2002.0,9.35,6,0,0,0,,
22,150,93.073257720283,PVC,2002.0,9.35,6,0,0,0,,
53,150,11.5515802206344,CI,1971.0,7.75,5,3,3,1,-80.5108921865469,43.4189678146765
53,150,146.829114427221,CI,1971.0,4.1,5,3,3,1,-80.5108921865469,43.4189678146765
24,150,4.2976146892604,PVC,2000.0,9.35,6,5,0,0,,
24,150,98.0656951453261,PVC,2000.0,9.35,6,5,0,0,,
66,750,457.099837119601,CPP,1958.0,8.95,8,1,2,1,-80.5040095501192,43.4221181043167
55,450,117.109857065733,DI,1969.0,8.5,6,2,1,1,-80.4199967918687,43.3883211207016
55,450,6.30569043295017,DI,1969.0,8.5,7,2,1,1,-80.4199967918687,43.3883211207016
19,300,12.363246792759,PVC,2005.0,9.35,7,1,0,0,,
19,300,83.678714416175,PVC,2005.0,9.35,6,1,0,0,,
46,150,9.05093449345513,DI,1978.0,8.5,6,1,0,0,,
46,150,204.033393590699,DI,1978.0,8.5,5,1,0,0,,
46,150,248.831586116716,DI,1978.0,8.5,6,1,0,0,,
46,150,95.6180885642591,DI,1978.0,8.5,5,1,0,0,,
16,150,8.22880326433438,PVC,2008.0,9.35,5,1,0,0,,
18,150,8.40930017223326,PVC,2006.0,9.35,5,1,0,0,,
53,200,2.12077912478711,DI,1971.0,8.5,6,3,0,0,,
53,200,82.8252564344856,DI,1971.0,8.5,6,3,0,0,,
72,150,12.5956925500792,CI,1952.0,7.75,5,1,0,0,,
72,150,232.224696662143,CI,1952.0,7.75,6,1,0,0,,
14,150,9.13225518931453,PVC,2010.0,9.35,7,1,0,0,,
14,150,82.8383675262456,PVC,2010.0,9.35,7,1,0,0,,
27,150,9.38588836897303,PVC,1997.0,9.35,6,1,0,0,,
27,150,109.936294819804,PVC,1997.0,9.35,7,1,0,0,,
44,150,25.428509551511,DI,1980.0,8.5,6,3,0,0,,
44,150,106.631035590277,DI,1980.0,6.9,6,3,1,1,-80.5035632745585,43.4142846109578
61,150,14.0098823057841,CI,1963.0,7.85,0,1,2,1,-80.516794341772,43.4267646455802
61,150,124.76318578956,CI,1963.0,5.05,5,3,2,1,-80.516794341772,43.4267646455802
97,150,160.598570332822,CI,1927.0,7.3,6,1,0,0,,
97,150,13.180959273467,CI,1927.0,7.75,5,1,0,0,,
71,150,164.990339170302,CI,1953.0,4.55,6,1,4,1,-80.4526128487377,43.4378236690797
27,300,21.9097736427958,DI,1997.0,9.1,6,0,0,0,,
55,150,75.487408582314,DI,1969.0,8.5,6,3,0,0,,
55,150,7.28871375286763,DI,1969.0,8.5,6,3,0,0,,
63,450,15.4295338691657,CI,1961.0,7.75,8,1,0,0,,
63,450,98.30143504726,CI,1961.0,7.75,8,1,0,0,,
27,150,5.42491720157337,PVC,1997.0,9.35,6,1,0,0,,
27,150,22.7445336244513,PVC,1997.0,9.35,6,1,0,0,,
18,150,112.09417768409,PVC,2006.0,9.35,6,1,0,0,,
18,150,3.33541899650123,PVC,2006.0,9.35,5,1,0,0,,
23,200,19.4861130288153,PVC,2001.0,9.35,1,1,0,0,,
23,200,1.25466712749365,PVC,2001.0,9.35,0,1,0,0,,
23,200,0.780957565612266,PVC,2001.0,9.35,0,1,0,0,,
33,300,2.9560102477921,DI,1991.0,9.1,7,5,0,0,,
33,300,4.13993548775328,DI,1991.0,9.1,7,5,0,0,,
14,300,174.452138308334,PVC,2010.0,9.35,8,1,0,0,,
14,300,2.72342968461933,PVC,2010.0,9.35,7,1,0,0,,
14,300,75.8995968473464,PVC,2010.0,9.35,7,1,0,0,,
101,150,92.8187647027767,CI,1923.0,7.75,6,1,0,0,,
37,300,12.8032580250935,DI,1987.0,9.1,7,1,0,0,,
37,300,21.8912092587054,DI,1987.0,9.1,7,1,0,0,,
28,300,6.86843922640263,PVC,1996.0,9.35,6,1,0,0,,
23,300,69.4734930143203,PVC,2001.0,9.35,0,3,0,0,,
23,300,467.210788074279,PVC,2001.0,9.35,7,3,0,0,,
72,150,9.35099837149054,CI,1952.0,3.83,7,1,13,1,-80.4702101918554,43.442720365882
72,150,0.897079706989334,CI,1952.0,7.75,0,1,1,1,-80.4685007635211,43.4435491995888
72,150,23.6095293854272,CI,1952.0,7.75,7,1,1,1,-80.4685007635211,43.4435491995888
72,150,136.343740774537,CI,1952.0,3.83,7,1,13,1,-80.4702101918554,43.442720365882
49,150,14.9363902417767,AC,1975.0,8.7,5,1,0,0,,
50,150,206.74454074445,AC,1974.0,8.7,5,1,0,0,,
25,300,49.9484666436567,PVC,1999.0,9.35,7,1,1,1,-80.4570576780868,43.4380805453242
25,300,10.497253816736,PVC,1999.0,9.35,7,1,1,1,-80.4570576780868,43.4380805453242
21,300,211.249664237846,PVC,2003.0,8.9,9,1,1,1,-80.4390803813373,43.4723979603928
61,300,14.8201481873802,DI,1963.0,8.5,8,1,0,0,,
9,300,71.1028005192115,DI,2015.0,6.7,9,1,0,0,,
61,300,2.43316972572395,DI,1963.0,8.5,8,1,0,0,,
9,300,33.1420459439626,DI,2015.0,9.1,9,1,0,0,,
57,300,28.9459665975858,CI,1967.0,4.05,7,1,2,1,-80.4439011439736,43.3995788382544
57,300,176.929224459254,CI,1967.0,7.85,8,1,2,1,-80.4439011439736,43.3995788382544
57,300,0.777225939092495,CI,1967.0,7.85,0,1,2,1,-80.4439011439736,43.3995788382544
57,300,72.6439899303805,CI,1967.0,3.93,8,1,2,1,-80.4439011439736,43.3995788382544
28,300,86.3865505708538,DI,1996.0,9.1,7,3,0,0,,
28,300,122.91167937715,DI,1996.0,9.1,7,3,0,0,,
28,300,60.8076619378882,DI,1996.0,9.1,7,3,0,0,,
28,300,15.5367955067997,DI,1996.0,9.1,7,3,0,0,,
71,200,324.070779890614,CI,1953.0,7.75,6,1,2,1,-80.4690044984496,43.4627948684897
26,300,7.70973047432082,PVC,1998.0,9.35,6,1,0,0,,
26,300,93.5490869215286,PVC,1998.0,9.35,7,1,0,0,,
33,300,3.48656713734011,DI,1991.0,9.1,7,1,0,0,,
33,300,123.508159803475,DI,1991.0,9.1,7,1,0,0,,
33,300,29.3659814247145,DI,1991.0,9.1,7,1,0,0,,
25,150,8.83730529916641,PVC,1999.0,9.35,7,1,0,0,,
25,150,5.54122604472005,PVC,1999.0,9.35,7,1,0,0,,
29,150,15.0452158857802,DI,1995.0,9.1,7,1,0,0,,
16,300,19.0252311412804,PVC,2008.0,9.35,6,1,0,0,,
22,150,7.18709247490556,PVC,2002.0,9.35,6,3,0,0,,
22,150,240.382279662437,PVC,2002.0,9.35,6,3,0,0,,
22,150,6.16751782862494,PVC,2002.0,9.35,6,3,0,0,,
22,150,1.82609428024241,PVC,2002.0,9.35,0,3,0,0,,
18,300,10.3309384001642,PVC,2006.0,9.35,6,2,0,0,,
18,300,30.6637529320492,PVC,2006.0,9.35,6,2,0,0,,
38,200,2.22456197905045,DI,1986.0,9.1,6,1,0,0,,
38,200,12.8687608988586,DI,1986.0,9.1,0,1,0,0,,
38,200,65.2266162485853,DI,1986.0,9.1,7,1,0,0,,
48,150,13.7097561761564,DI,1976.0,8.5,5,1,0,0,,
48,150,134.584024294563,DI,1976.0,8.05,5,1,0,0,,
39,300,6.79011219244254,DI,1985.0,9.1,7,1,1,1,-80.4371509671031,43.4487880529845
39,300,130.381553909541,DI,1985.0,9.1,7,1,1,1,-80.4371509671031,43.4487880529845
23,150,80.9887279536439,PVC,2001.0,9.35,6,1,0,0,,
23,150,16.5416070055762,PVC,2001.0,9.35,6,1,0,0,,
17,150,124.441322585538,PVC,2007.0,9.35,5,1,0,0,,
17,150,10.579754287455,PVC,2007.0,9.35,5,1,0,0,,
29,450,5.39551516413363,PVC,1995.0,9.35,6,1,0,0,,
29,450,125.335925250152,PVC,1995.0,9.35,7,1,0,0,,
29,450,27.7119593663271,PVC,1995.0,9.35,6,1,0,0,,
68,450,353.258144497004,CI,1956.0,7.35,7,1,1,1,-80.5078210818357,43.4322618857906
68,450,4.71311249546584,CI,1956.0,7.75,6,1,1,1,-80.5020054919381,43.4321736581163
68,450,1.25628487245478,CI,1956.0,7.75,0,1,1,1,-80.5078210818357,43.4322618857906
68,450,278.771210856095,CI,1956.0,7.75,6,1,1,1,-80.5078210818357,43.4322618857906
68,450,1.26625905680061,CI,1956.0,7.75,0,1,1,1,-80.5020054919381,43.4321736581163
72,150,125.951323977306,CI,1952.0,7.75,5,1,0,0,,
21,200,68.5587030306012,PVC,2003.0,9.35,6,1,0,0,,
54,150,100.64345979401,DI,1970.0,8.5,5,3,0,0,,
66,150,19.7962813060482,CI,1958.0,7.75,5,1,8,1,-80.502653325268,43.4259997344217
66,150,68.6147961066307,CI,1958.0,4.15,6,1,2,1,-80.5011551564086,43.4274534999438
43,150,48.9886594263346,DI,1981.0,8.5,5,1,0,0,,
43,150,4.74236278712501,DI,1981.0,8.5,5,1,0,0,,
102,200,6.39534331627935,CI,1922.0,7.75,6,1,0,0,,
19,300,9.73268716603669,PVC,2005.0,9.35,7,1,0,0,,
19,300,34.4587236528359,PVC,2005.0,9.35,7,1,0,0,,
16,600,288.966975665332,PVC,2008.0,9.35,6,0,0,0,,
16,600,1.97144978694679,PVC,2008.0,9.35,0,0,0,0,,
21,200,83.5821973406736,PVC,2003.0,9.35,6,5,0,0,,
48,200,4.86031182641582,DI,1976.0,8.5,6,3,0,0,,
48,200,117.532567625294,DI,1976.0,8.5,7,3,0,0,,
14,450,81.3703149276494,PVC,2010.0,9.35,6,1,0,0,,
14,450,1.52678001614316,PVC,2010.0,9.35,0,1,0,0,,
14,450,8.27185578309957,PVC,2010.0,9.35,6,1,0,0,,
24,150,12.4006225514365,PVC,2000.0,9.35,6,2,0,0,,
24,150,9.83072347304697,PVC,2000.0,9.35,6,2,0,0,,
24,150,98.8287075250396,PVC,2000.0,9.35,6,2,0,0,,
28,300,8.8655278526122,PVC,1996.0,9.35,6,1,1,1,-80.4341307373088,43.4653419047366
36,200,14.219884154296,DI,1988.0,9.1,6,1,0,0,,
36,200,49.0058542766786,DI,1988.0,9.1,6,1,0,0,,
49,300,58.3700965366279,DI,1975.0,8.5,6,0,0,0,,
24,150,9.54490632421469,PVC,2000.0,9.35,5,4,0,0,,
24,150,7.07242325798231,PVC,2000.0,9.35,5,4,0,0,,
24,150,168.233995601102,PVC,2000.0,9.35,5,4,0,0,,
53,150,92.6933261142186,DI,1971.0,8.5,5,2,0,0,,
32,150,22.2882595867099,DI,1992.0,9.1,7,3,0,0,,
32,150,157.911337301135,DI,1992.0,9.1,6,3,0,0,,
31,150,154.642261796672,DI,1993.0,9.1,6,3,0,0,,
32,150,28.2638810207792,DI,1992.0,9.1,6,3,0,0,,
38,150,6.91234559540233,DI,1986.0,9.1,7,1,0,0,,
56,200,58.0602698592357,DI,1968.0,8.5,5,1,0,0,,
22,200,11.1130908740936,PVC,2002.0,9.35,6,1,1,1,-80.4190782570756,43.4140025428439
22,200,5.82931364734056,PVC,2002.0,9.35,6,1,1,1,-80.4190782570756,43.4140025428439
65,150,4.16743848037652,CI,1959.0,7.75,6,1,3,1,-80.4856309480961,43.4310110680719
44,150,12.611070862676,DI,1980.0,4.58,5,3,1,1,-80.5046229487036,43.4141065488344
44,150,7.79492836097634,DI,1980.0,8.5,5,3,1,1,-80.5046229487036,43.4141065488344
44,150,71.6848001057682,DI,1980.0,8.5,5,3,1,1,-80.5046229487036,43.4141065488344
62,200,5.28612738477368,CI,1962.0,7.85,5,1,3,1,-80.5123779802288,43.4287838618066
62,200,81.3996511303569,CI,1962.0,4.65,5,1,3,1,-80.5123779802288,43.4287838618066
62,200,8.91280456952302,CI,1962.0,7.85,5,1,3,1,-80.511854988696,43.4291381316681
25,150,90.1485765712396,PVC,1999.0,9.35,5,1,0,0,,
19,150,133.454739099772,PVC,2005.0,9.35,7,1,0,0,,
22,150,7.01055671425749,PVC,2002.0,9.35,6,3,0,0,,
22,150,5.7057042003664,PVC,2002.0,9.35,6,3,0,0,,
22,150,67.4440891980412,PVC,2002.0,9.35,6,3,0,0,,
19,150,9.85704747629347,PVC,2005.0,9.35,6,3,0,0,,
19,150,85.4429013401727,PVC,2005.0,9.35,6,3,0,0,,
19,150,100.006592218363,PVC,2005.0,9.35,6,3,0,0,,
19,150,13.0294445859844,PVC,2005.0,9.35,6,3,0,0,,
20,300,9.85635743046157,PVC,2004.0,9.35,7,1,0,0,,
19,450,144.808873621195,PVC,2005.0,9.35,6,1,0,0,,
46,150,14.096106634374,DI,1978.0,8.5,6,1,0,0,,
46,150,116.873933689743,DI,1978.0,8.5,5,1,0,0,,
46,150,7.23723396243498,DI,1978.0,8.5,5,1,0,0,,
58,150,128.266787431417,DI,1966.0,6.1,6,1,2,1,-80.4465516173093,43.4611345489573
58,150,12.3438080291181,DI,1966.0,4.58,6,1,2,1,-80.4465516173093,43.4611345489573
58,150,12.9134732745032,DI,1966.0,8.5,6,1,0,0,,
58,150,116.469037737729,DI,1966.0,8.5,6,1,0,0,,
18,150,5.53731645640596,PVC,2006.0,9.35,5,4,0,0,,
18,150,164.655355504582,PVC,2006.0,9.35,5,4,0,0,,
18,150,95.5478692422163,PVC,2006.0,9.35,5,4,0,0,,
18,150,5.06687198330949,PVC,2006.0,9.35,5,4,0,0,,
28,300,70.5463269026659,PVC,1996.0,9.35,7,1,0,0,,
28,300,6.29455274599213,PVC,1996.0,9.35,6,1,0,0,,
14,300,90.9812232649434,PVC,2010.0,9.35,7,2,0,0,,
18,150,12.1088245833058,PVC,2006.0,9.35,6,0,0,0,,
18,150,68.6479662618712,PVC,2006.0,9.35,6,0,0,0,,
51,150,76.698787715439,DI,1973.0,8.5,6,3,6,1,-80.5297661860309,43.4249884672488
51,150,14.4919096278943,DI,1973.0,8.5,6,3,2,1,-80.5301678840237,43.422423557495
51,150,290.463993342745,DI,1973.0,8.5,6,3,6,1,-80.5297661860309,43.4249884672488
62,150,6.56384342288302,CI,1962.0,7.85,5,1,0,0,,
62,150,162.157729484802,CI,1962.0,6.65,5,1,0,0,,
20,300,6.43773521626856,PVC,2004.0,9.35,6,3,0,0,,
20,300,220.025156927767,PVC,2004.0,9.35,6,3,0,0,,
26,300,16.1402336581283,PVC,1998.0,9.35,7,3,0,0,,
26,300,61.9572045144987,PVC,1998.0,9.35,8,3,0,0,,
26,300,194.644654367624,PVC,1998.0,9.35,7,3,0,0,,
50,300,121.508174313665,DI,1974.0,8.5,7,1,0,0,,
50,300,1.82870148524651,DI,1974.0,8.5,7,1,0,0,,
50,300,136.686799113613,DI,1974.0,8.5,7,1,0,0,,
35,300,86.2875900916751,DI,1989.0,9.1,7,0,0,0,,
35,300,4.85881513172366,DI,1989.0,9.1,6,0,0,0,,
28,150,7.94877246334073,DI,1996.0,9.1,6,1,0,0,,
28,150,94.7400006080245,DI,1996.0,9.1,6,1,0,0,,
47,150,195.966681945268,DI,1977.0,7.7,6,1,1,1,-80.4543390967237,43.4661015222381
47,150,104.907383589235,DI,1977.0,8.5,6,1,1,1,-80.4543390967237,43.4661015222381
47,150,7.00094390198187,DI,1977.0,8.5,6,1,1,1,-80.4543390967237,43.4661015222381
38,300,71.4695940488952,DI,1986.0,9.1,7,1,0,0,,
38,300,11.172900529933,DI,1986.0,9.1,7,1,0,0,,
64,150,12.649234243989,CI,1960.0,7.75,6,1,0,0,,
64,150,13.4865687075855,CI,1960.0,7.75,6,1,4,1,-80.5126833209411,43.4307272699817
64,150,416.136592808668,CI,1960.0,6.15,7,1,0,0,,
52,100,3.5172182653426,DI,1972.0,8.5,0,5,0,0,,
52,100,8.90112034268859,DI,1972.0,8.5,5,5,0,0,,
52,100,2.4821117776689,DI,1972.0,8.5,0,5,0,0,,
52,100,10.6676973942513,DI,1972.0,8.5,5,5,0,0,,
52,100,231.857192608904,DI,1972.0,8.5,5,5,0,0,,
19,200,40.4246770437573,PVC,2005.0,9.35,6,1,0,0,,
19,200,42.5369792339779,PVC,2005.0,9.35,6,1,0,0,,
28,300,71.1255394289405,PVC,1996.0,9.35,6,1,0,0,,
28,300,10.4067161142837,PVC,1996.0,9.35,6,1,0,0,,
61,150,2.23346432248329,CI,1963.0,7.85,5,1,2,1,-80.4416635093809,43.4434655166335
61,150,67.9601610701422,CI,1963.0,7.85,5,1,0,0,,
56,150,7.62026801588073,DI,1968.0,8.5,6,1,0,0,,
56,150,13.1001142284264,DI,1968.0,8.5,6,1,0,0,,
56,150,167.459956751803,DI,1968.0,8.5,6,1,0,0,,
44,450,16.2738624806847,DI,1980.0,8.5,6,3,0,0,,
44,450,3.04832381370945,DI,1980.0,8.5,0,3,0,0,,
42,300,61.3008862600509,DI,1982.0,9.1,7,1,0,0,,
18,150,85.2744925417587,PVC,2006.0,9.35,5,1,0,0,,
18,150,7.22112041196348,PVC,2006.0,9.35,5,1,0,0,,
30,150,86.3088268929721,PVC,1994.0,9.35,5,1,0,0,,
30,150,6.46760357528709,PVC,1994.0,9.35,5,1,0,0,,
25,150,11.409566968696,PVC,1999.0,9.35,7,1,0,0,,
25,150,141.46049520137,PVC,1999.0,9.35,6,1,0,0,,
25,150,12.3251725580262,PVC,1999.0,9.35,6,1,0,0,,
71,150,158.676352894453,CI,1953.0,7.75,7,1,0,0,,
19,200,9.18480952889142,PVC,2005.0,9.35,6,1,0,0,,
19,200,97.901832407656,PVC,2005.0,9.35,6,1,0,0,,
34,150,7.55473012066293,PVC,1990.0,9.35,6,2,0,0,,
34,150,115.621589593004,PVC,1990.0,9.35,6,2,0,0,,
58,600,60.7745653142556,CPP,1966.0,9.15,6,1,0,0,,
27,150,14.8405126171938,PVC,1997.0,9.35,6,0,0,0,,
27,150,85.3049142811568,PVC,1997.0,9.35,6,0,0,0,,
36,200,12.397574637483,DI,1988.0,9.1,6,1,0,0,,
36,200,89.9972582748876,DI,1988.0,9.1,6,1,0,0,,
36,200,10.5702686834644,DI,1988.0,9.1,6,1,0,0,,
20,300,20.5183998916652,PVC,2004.0,9.35,8,1,0,0,,
20,300,17.9361348300569,PVC,2004.0,9.35,7,1,7,1,-80.5001495709915,43.4511346439254
20,300,1.16908830284366,PVC,2004.0,9.35,7,1,7,1,-80.5001495709915,43.4511346439254
14,250,1.50613459151976,PVC,2010.0,9.35,7,7,0,0,,
14,150,264.737779077195,PVC,2010.0,6.95,6,1,0,0,,
14,150,24.525637877156,PVC,2010.0,9.35,6,1,0,0,,
20,300,25.698233116226,PVC,2004.0,9.35,8,1,0,0,,
20,150,3.00772726065993,PVC,2004.0,9.35,8,1,0,0,,
20,150,0.458256804983783,PVC,2004.0,9.35,8,1,0,0,,
20,150,1.48476269528635,PVC,2004.0,9.35,8,1,0,0,,
57,150,86.4106842577897,CI,1967.0,4.65,5,1,2,1,-80.5178450210878,43.4318386461684
39,300,7.90006888598598,DI,1985.0,9.1,6,0,0,0,,
39,300,38.0940474885064,DI,1985.0,9.1,6,0,0,0,,
20,300,13.6443386489409,PVC,2004.0,9.35,7,1,0,0,,
62,200,148.939866017188,CI,1962.0,6.65,6,1,1,1,-80.4539045092721,43.4622393147837
11,200,18.6435229003108,PVC,2013.0,9.35,5,1,0,0,,
11,300,12.4674871407571,PVC,2013.0,9.35,5,1,0,0,,
11,300,112.687618541479,PVC,2013.0,9.35,5,1,0,0,,
11,200,3.50045782742657,PVC,2013.0,9.35,5,1,0,0,,
11,200,3.2658955674051,PVC,2013.0,9.35,5,1,0,0,,
11,200,3.5097653154401,PVC,2013.0,9.35,5,1,0,0,,
11,200,3.37613444290212,PVC,2013.0,9.35,5,1,0,0,,
10,200,43.6967848999724,PVC,2014.0,9.35,6,1,0,0,,
20,300,10.7998936362566,PVC,2004.0,9.35,7,3,0,0,,
20,300,103.009398085951,PVC,2004.0,9.35,7,3,0,0,,
20,300,8.37997776099256,PVC,2004.0,9.35,6,3,0,0,,
22,450,125.924762874016,PVC,2002.0,9.35,0,3,1,1,-80.4942947924773,43.4021788413485
22,450,76.1769969347773,PVC,2002.0,6.95,0,3,1,1,-80.4942947924773,43.4021788413485
22,450,157.651651419348,PVC,2002.0,9.35,8,3,1,1,-80.4942947924773,43.4021788413485
48,150,67.2509982525081,PVC,1976.0,9.35,5,1,0,0,,
48,150,6.64510931395792,PVC,1976.0,9.35,6,1,0,0,,
20,250,91.9344539933718,PVC,2004.0,9.35,6,2,0,0,,
20,250,7.18805756824087,PVC,2004.0,9.35,6,2,0,0,,
20,250,160.339884900272,PVC,2004.0,9.35,6,2,0,0,,
20,250,125.446227368901,PVC,2004.0,9.35,6,2,0,0,,
20,250,159.284115011974,PVC,2004.0,9.35,6,2,0,0,,
48,150,14.5143856520726,DI,1976.0,8.5,6,1,0,0,,
48,150,16.8202455965947,DI,1976.0,4.7,6,1,1,1,-80.4750588838453,43.4069598754962
48,150,459.223201875034,DI,1976.0,8.5,6,1,1,1,-80.4750588838453,43.4069598754962
66,750,54.7274648318557,CPP,1958.0,8.95,9,1,0,0,,
66,750,409.653611498249,CPP,1958.0,8.95,9,1,0,0,,
51,300,65.5855866590054,DI,1973.0,8.5,7,1,0,0,,
38,600,100.919278966103,DI,1986.0,9.1,6,1,0,0,,
34,300,9.49997824831241,DI,1990.0,9.1,7,1,0,0,,
34,300,83.0202606861074,DI,1990.0,9.1,7,1,0,0,,
16,300,2.80825872705141,PVC,2008.0,9.35,8,1,0,0,,
40,300,61.0417130337559,DI,1984.0,9.1,7,1,0,0,,
22,450,39.6330985200577,PVC,2002.0,9.35,7,3,0,0,,
22,450,7.53324860273176,PVC,2002.0,9.35,0,3,0,0,,
19,150,1.97544331561423,PVC,2005.0,9.35,0,1,0,0,,
19,150,84.4473782378495,PVC,2005.0,9.35,7,1,0,0,,
18,200,1.58282911267406,PVC,2006.0,9.35,7,0,0,0,,
16,200,3.20045759179495,PVC,2008.0,9.35,6,0,0,0,,
16,200,44.3572120349458,PVC,2008.0,9.35,7,0,0,0,,
66,300,4.87671769117657,CI,1958.0,7.75,7,1,0,0,,
66,300,82.1486448359746,CI,1958.0,7.75,7,1,0,0,,
43,300,214.558219064179,DI,1981.0,8.5,7,7,0,0,,
58,150,98.3544421192732,DI,1966.0,8.5,6,1,0,0,,
71,150,75.6500670895471,CI,1953.0,4.55,5,1,1,1,-80.4719197913239,43.4541247429055
71,150,1.84821499128792,CI,1953.0,7.75,5,1,1,1,-80.4719197913239,43.4541247429055
22,300,13.4249060195262,PVC,2002.0,9.35,6,1,0,0,,
37,150,189.123990561511,DI,1987.0,9.1,5,1,0,0,,
37,150,78.834822002787,DI,1987.0,9.1,6,1,0,0,,
37,150,13.2099300416875,DI,1987.0,9.1,6,1,0,0,,
25,300,5.78013842216223,PVC,1999.0,9.35,6,0,0,0,,
25,300,71.10450147916,PVC,1999.0,9.35,6,0,0,0,,
59,300,106.853776240537,DI,1965.0,8.05,7,1,0,0,,
59,300,13.2011173900362,DI,1965.0,8.5,7,1,0,0,,
36,300,214.087703441614,DI,1988.0,9.1,7,1,0,0,,
18,150,12.5048952227583,PVC,2006.0,9.35,6,4,0,0,,
18,150,6.33007997438489,PVC,2006.0,9.35,6,4,0,0,,
18,150,81.9800781605552,PVC,2006.0,9.35,6,4,0,0,,
16,200,10.3448406286575,PVC,2008.0,9.35,6,1,0,0,,
16,200,72.9431947423784,PVC,2008.0,9.35,6,1,0,0,,
74,150,80.5537402477575,CI,1950.0,7.75,6,1,0,0,,
16,150,102.576235834507,PVC,2008.0,9.35,6,1,0,0,,
30,150,227.458418772247,DI,1994.0,9.1,5,3,1,1,-80.5248647601789,43.417345777049
36,300,87.8408814811765,DI,1988.0,9.1,8,1,0,0,,
36,300,0.728305980305309,DI,1988.0,9.1,0,1,0,0,,
19,150,14.220736950495,PVC,2005.0,9.35,6,2,0,0,,
19,150,74.1889675783124,PVC,2005.0,9.35,6,2,0,0,,
52,150,4.02567985997157,CI,1972.0,7.75,6,1,0,0,,
29,300,26.6553082793246,DI,1995.0,9.1,6,1,0,0,,
57,150,7.62088142062451,CI,1967.0,7.85,5,1,6,1,-80.5190465539949,43.4317429998697
57,150,135.620239425877,CI,1967.0,4.05,5,1,6,1,-80.5190465539949,43.4317429998697
57,150,78.2285383312007,CI,1967.0,7.85,5,1,6,1,-80.5190465539949,43.4317429998697
26,300,1.79971855513471,PVC,1998.0,9.35,5,5,0,0,,
26,300,0.600294595541978,PVC,1998.0,9.35,5,5,0,0,,
19,200,10.9549464628611,PVC,2005.0,9.35,7,1,0,0,,
19,200,1.89992707217475,PVC,2005.0,9.35,6,1,0,0,,
66,150,12.6978394431533,CI,1958.0,7.75,6,1,2,1,-80.4668898738829,43.4319983100123
66,150,88.739443732085,CI,1958.0,4.55,6,1,2,1,-80.4668898738829,43.4319983100123
53,150,41.3991486702994,DI,1971.0,8.5,6,2,0,0,,
20,150,13.1387492264081,PVC,2004.0,9.35,7,2,0,0,,
20,150,83.9363447960142,PVC,2004.0,9.35,6,2,0,0,,
20,150,12.8655901162113,PVC,2004.0,9.35,7,2,0,0,,
60,200,209.852982616429,DI,1964.0,8.1,7,3,1,1,-80.521436935282,43.4240807848581
60,200,7.51623647286369,DI,1964.0,8.5,6,3,1,1,-80.521436935282,43.4240807848581
9,200,105.27250907797,PVC,2015.0,9.35,0,2,0,0,,
66,150,164.42727769167,CI,1958.0,5.35,5,1,2,1,-80.4662961094871,43.432335521738
66,150,0.601324406081438,CI,1958.0,7.75,5,1,4,1,-80.4655492676259,43.4343165489209
87,300,78.1801988527709,CI,1937.0,7.75,7,1,0,0,,
51,150,81.1410126893575,CI,1973.0,7.75,5,1,0,0,,
30,450,92.2347649487326,DI,1994.0,9.1,6,11,0,0,,
30,450,1.83501747108795,DI,1994.0,9.1,6,2,0,0,,
30,450,6.9808354186946,DI,1994.0,9.1,6,11,0,0,,
26,300,24.4202337182224,PVC,1998.0,9.35,6,5,0,0,,
26,300,0.599994265549227,PVC,1998.0,9.35,5,4,0,0,,
26,300,1.80028308926476,PVC,1998.0,9.35,5,4,0,0,,
27,150,4.25462639802262,PVC,1997.0,9.35,6,1,0,0,,
37,150,135.188299526184,DI,1987.0,9.1,5,3,0,0,,
37,150,3.73501492642704,DI,1987.0,9.1,6,3,0,0,,
37,300,13.2263964066804,DI,1987.0,9.1,6,1,0,0,,
37,300,3.55255709612032,DI,1987.0,9.1,6,1,0,0,,
37,300,71.6230007519096,DI,1987.0,9.1,6,1,0,0,,
29,150,50.5896005924564,PVC,1995.0,5.55,6,0,0,0,,
39,200,3.40937573281747,DI,1985.0,9.1,7,1,0,0,,
39,200,118.217542269658,DI,1985.0,9.1,7,1,0,0,,
25,150,104.018421943514,PVC,1999.0,9.35,6,1,0,0,,
25,150,12.7378640785455,PVC,1999.0,9.35,6,1,0,0,,
25,150,103.288394271553,PVC,1999.0,9.35,6,1,0,0,,
37,300,2.73430638836974,DI,1987.0,9.1,7,1,0,0,,
37,300,54.0353256446491,DI,1987.0,9.1,7,1,0,0,,
37,300,14.7783868341325,DI,1987.0,9.1,7,1,0,0,,
56,150,56.6682440357583,DI,1968.0,8.5,5,3,0,0,,
36,200,1.79601782986751,DI,1988.0,9.1,6,1,0,0,,
36,200,203.660880601396,DI,1988.0,9.1,6,1,0,0,,
36,200,32.4625051721257,DI,1988.0,9.1,6,1,0,0,,
36,200,3.76630902658624,DI,1988.0,9.1,6,1,0,0,,
36,200,58.7379638139961,DI,1988.0,9.1,6,1,0,0,,
22,300,7.27490728564767,PVC,2002.0,9.35,6,3,0,0,,
22,300,10.4822134463133,PVC,2002.0,9.35,6,3,0,0,,
22,300,78.5037510309751,PVC,2002.0,9.35,7,3,0,0,,
56,150,8.30820893369821,DI,1968.0,8.5,7,3,0,0,,
56,150,277.367937070971,DI,1968.0,8.5,7,3,0,0,,
56,150,191.181808522915,DI,1968.0,8.5,6,3,0,0,,
56,150,112.610644202455,DI,1968.0,8.5,7,3,0,0,,
56,150,8.23888104361962,DI,1968.0,8.5,7,3,0,0,,
36,150,66.9412030649608,DI,1988.0,9.1,5,1,0,0,,
19,300,11.5316342180425,PVC,2005.0,9.35,6,3,0,0,,
19,300,78.9947571756525,PVC,2005.0,9.35,6,3,0,0,,
19,300,86.7640118568229,PVC,2005.0,9.35,6,3,0,0,,
19,300,24.9069997832653,PVC,2005.0,9.35,0,3,0,0,,
19,300,3.42636539806457,PVC,2005.0,9.35,7,3,0,0,,
39,300,190.32895948849,DI,1985.0,8.5,6,3,0,0,,
39,300,14.6297468008302,DI,1985.0,8.5,6,3,0,0,,
25,300,84.2761495140725,PVC,1999.0,9.35,8,1,0,0,,
25,300,7.39493289140013,PVC,1999.0,9.35,7,1,0,0,,
18,300,17.3893887787991,PVC,2006.0,9.35,7,0,0,0,,
18,300,2.12609211510808,PVC,2006.0,9.35,0,0,0,0,,
18,300,2.79232920681603,PVC,2006.0,9.35,7,0,0,0,,
18,300,12.4480053169009,PVC,2006.0,9.35,8,0,0,0,,
34,300,94.3516577688511,DI,1990.0,9.1,7,1,0,0,,
34,300,4.7958227808144,DI,1990.0,9.1,7,1,0,0,,
55,450,12.8364111187645,CI,1969.0,7.85,7,1,0,0,,
121,300,14.7534300879362,CI,1903.0,7.75,7,1,1,1,-80.4878770018377,43.4567066169048
26,300,7.00194534194801,PVC,1998.0,9.35,7,0,0,0,,
26,300,369.447148488094,PVC,1998.0,9.35,7,0,0,0,,
26,300,5.98283310753985,PVC,1998.0,9.35,7,0,0,0,,
26,300,11.2333081645777,PVC,1998.0,9.35,7,0,0,0,,
44,450,289.902538158168,DI,1980.0,8.5,7,3,0,0,,
44,450,40.6954700125642,DI,1980.0,8.5,7,3,0,0,,
44,450,32.9003777529999,DI,1980.0,8.5,7,3,0,0,,
64,300,287.492270287801,CI,1960.0,7.75,7,1,0,0,,
49,450,3.60948243541446,DI,1975.0,8.5,7,2,1,1,-80.4199967918687,43.3883211207016
49,450,352.015235029127,DI,1975.0,8.5,7,2,0,0,,
49,450,185.450481179265,DI,1975.0,8.5,7,2,0,0,,
57,300,129.792057245906,CI,1967.0,6.25,7,1,1,1,-80.4701743132387,43.4307126826792
57,300,245.475879443306,CI,1967.0,5.45,8,1,3,1,-80.4713480149649,43.4323735174754
34,300,128.419504962155,DI,1990.0,9.1,6,1,0,0,,
34,300,16.6848982825481,DI,1990.0,9.1,6,1,0,0,,
34,300,73.9375606532039,DI,1990.0,9.1,6,1,0,0,,
44,200,231.044429041072,DI,1980.0,6.9,6,2,2,1,-80.4093954503426,43.3933512450511
44,200,8.02705451113858,DI,1980.0,8.5,6,2,2,1,-80.4093954503426,43.3933512450511
44,200,271.814402421135,DI,1980.0,8.5,7,2,2,1,-80.4093954503426,43.3933512450511
44,200,0.918532143915832,DI,1980.0,8.5,7,2,1,1,-80.4040462703145,43.392423763597
42,150,0.993669708503629,DI,1982.0,9.1,6,1,0,0,,
42,150,80.1240238408036,DI,1982.0,9.1,6,1,0,0,,
42,150,14.2288069241502,DI,1982.0,9.1,6,1,0,0,,
99,150,11.9448481064674,CI,1925.0,7.75,6,1,0,0,,
13,150,7.01121031030134,PVC,2011.0,9.35,0,1,0,0,,
13,150,16.6208407763251,PVC,2011.0,9.35,5,1,0,0,,
39,150,8.0395130805254,DI,1985.0,9.1,6,1,0,0,,
39,150,230.336456650955,DI,1985.0,9.1,6,1,0,0,,
78,150,58.6115280329232,CI,1946.0,7.75,5,1,0,0,,
36,150,34.4072000944847,DI,1988.0,8.65,5,1,0,0,,
20,200,5.36961123768844,PVC,2004.0,9.35,6,5,0,0,,
20,200,50.0747062366235,PVC,2004.0,9.35,6,5,0,0,,
20,200,144.732051537052,PVC,2004.0,9.35,6,5,0,0,,
18,150,70.8806835941217,PVC,2006.0,9.35,5,7,0,0,,
28,150,14.8613377854261,PVC,1996.0,9.35,6,1,0,0,,
28,150,64.5460145089787,PVC,1996.0,9.35,6,1,0,0,,
14,200,4.11257066266815,PVC,2010.0,9.35,7,1,0,0,,
45,450,13.5764463294174,DI,1979.0,8.5,6,0,0,0,,
45,450,34.2968744358225,DI,1979.0,8.5,6,0,0,0,,
39,200,79.4460449841811,DI,1985.0,9.1,6,2,0,0,,
19,150,118.495666094438,PVC,2005.0,9.35,5,1,0,0,,
47,150,7.4217890784082,DI,1977.0,8.5,5,2,0,0,,
47,150,152.236240719557,DI,1977.0,8.5,5,2,0,0,,
36,100,4.1548911697553,DI,1988.0,9.1,0,3,0,0,,
36,100,65.5547123169675,DI,1988.0,9.1,4,3,0,0,,
39,200,21.4076302639958,DI,1985.0,9.1,6,2,0,0,,
39,200,12.778696772688,DI,1985.0,9.1,6,2,0,0,,
58,150,2.47506632959391,DI,1966.0,8.5,6,1,3,1,-80.5107913471909,43.4331836945587
58,150,20.6947539304032,DI,1966.0,8.5,6,1,1,1,-80.5105775051522,43.4341813563143
19,300,7.51521006584928,PVC,2005.0,9.35,6,2,0,0,,
19,300,39.9086283362635,PVC,2005.0,9.35,6,2,0,0,,
52,150,12.4979356561256,DI,1972.0,8.5,6,5,0,0,,
52,150,7.94997818381007,DI,1972.0,8.5,6,5,0,0,,
52,150,147.733361089453,DI,1972.0,8.5,6,5,0,0,,
52,150,164.621185442747,DI,1972.0,8.5,6,5,0,0,,
44,300,37.4562367510823,DI,1980.0,8.5,6,0,0,0,,
57,150,1.7246396870168,DI,1967.0,8.5,7,1,1,1,-80.4485309958837,43.4430745920407
57,150,81.5447945129295,DI,1967.0,6.1,6,1,1,1,-80.4485309958837,43.4430745920407
43,450,1.56910845170886,DI,1981.0,8.5,0,0,0,0,,
43,450,108.59451460798,DI,1981.0,8.5,6,0,0,0,,
102,150,0.568074501866729,CI,1922.0,7.75,0,1,0,0,,
102,150,155.810276019815,CI,1922.0,5.5,6,1,0,0,,
31,300,6.23341514175746,PVC,1993.0,9.1,7,1,1,1,-80.4911694366688,43.4493597627124
18,150,10.7169096232897,PVC,2006.0,9.35,7,1,0,0,,
18,150,116.615551942774,PVC,2006.0,9.35,6,1,0,0,,
64,300,131.056841891677,CI,1960.0,7.75,7,1,9,1,-80.4661591423416,43.4657182018731
70,150,90.5786521845375,CI,1954.0,7.75,6,1,0,0,,
55,450,3.86609601922822,DI,1969.0,8.5,7,2,0,0,,
19,300,5.84593223598382,PVC,2005.0,9.35,6,1,0,0,,
19,300,67.8600576844938,PVC,2005.0,9.35,6,1,0,0,,
23,300,11.7817767986597,PVC,2001.0,9.35,7,1,0,0,,
62,150,193.400248366834,CI,1962.0,5.85,6,1,2,1,-80.5059948328406,43.4249606510747
62,150,124.944860782519,CI,1962.0,7.85,5,1,2,1,-80.5059948328406,43.4249606510747
91,300,7.67831585737543,CI,1933.0,7.75,7,1,0,0,,
24,300,3.9466119155418,DI,2000.0,9.1,0,1,0,0,,
24,300,3.55192092196942,DI,2000.0,9.1,0,12,0,0,,
24,300,15.5811453383634,DI,2000.0,9.1,0,1,0,0,,
57,150,12.2062270622549,CI,1967.0,7.85,6,1,2,1,-80.4370480476613,43.4544695514711
57,150,261.059600464771,CI,1967.0,6.25,5,1,2,1,-80.4370480476613,43.4544695514711
57,150,33.8096991670754,CI,1967.0,7.85,6,1,1,1,-80.4389719501519,43.4525323182647
33,200,12.7260873298362,DI,1991.0,9.1,6,0,0,0,,
33,200,18.158042044964,DI,1991.0,9.1,6,0,0,0,,
33,200,117.480549435996,DI,1991.0,9.1,6,0,0,0,,
33,200,84.1485690705729,DI,1991.0,9.1,6,0,0,0,,
33,200,64.754844769965,DI,1991.0,9.1,6,0,0,0,,
40,150,2.29574110097892,DI,1984.0,9.1,0,3,1,1,-80.5369140082192,43.4390236926073
40,150,9.45462537856866,DI,1984.0,9.1,6,3,0,0,,
40,150,7.24550876665561,DI,1984.0,9.1,6,3,0,0,,
40,150,248.611269149748,DI,1984.0,9.1,6,3,0,0,,
15,300,5.78136793625769,PVC,2009.0,9.35,6,1,0,0,,
15,300,38.2424320108092,PVC,2009.0,9.35,6,1,0,0,,
35,150,174.935649312063,DI,1989.0,9.1,6,0,0,0,,
43,300,16.6502626831019,DI,1981.0,8.5,0,10,1,1,-80.5243438706733,43.410173513885
43,300,27.2235705604065,DI,1981.0,8.5,0,10,1,1,-80.5243438706733,43.410173513885
43,300,142.627974924266,DI,1981.0,8.5,0,10,1,1,-80.5243438706733,43.410173513885
16,300,114.086987413655,PVC,2008.0,9.35,7,1,0,0,,
23,150,14.248895761218,PVC,2001.0,9.35,5,1,0,0,,
23,150,76.8788792677138,PVC,2001.0,9.35,5,1,0,0,,
19,150,230.700464350329,PVC,2005.0,9.35,6,4,0,0,,
33,300,126.432168279377,DI,1991.0,9.1,6,1,0,0,,
53,300,166.456330553346,DI,1971.0,6.1,7,5,2,1,-80.4191162801847,43.4260876927455
32,600,226.638322308921,CPP,1992.0,9.35,7,1,0,0,,
60,450,92.6068384872727,CI,1964.0,7.85,7,1,1,1,-80.5105775051522,43.4341813563143
19,150,10.4734285627471,PVC,2005.0,9.35,7,1,0,0,,
19,150,160.116433674083,PVC,2005.0,9.35,7,1,0,0,,
19,150,2.89828780630208,PVC,2005.0,9.35,7,1,0,0,,
24,200,14.2150905812801,PVC,2000.0,9.35,7,5,0,0,,
62,300,1.21930898472016,CI,1962.0,7.85,7,1,3,1,-80.4605901098276,43.4626346639757
62,300,407.865379140301,CI,1962.0,7.85,7,1,3,1,-80.4605901098276,43.4626346639757
53,150,11.1576721590116,DI,1971.0,8.5,7,1,0,0,,
53,150,0.914332631345721,DI,1971.0,8.5,0,1,0,0,,
53,150,57.1211262067826,DI,1971.0,8.5,7,1,0,0,,
53,150,144.279216327654,DI,1971.0,8.5,6,1,0,0,,
30,300,1.1655929312885,DI,1994.0,9.1,0,1,1,1,-80.4892112609768,43.4519330121608
30,300,9.71297291832101,DI,1994.0,9.1,8,1,1,1,-80.4892112609768,43.4519330121608
30,300,5.59920117253538,DI,1994.0,9.1,8,1,1,1,-80.4892112609768,43.4519330121608
56,300,1.55242917462571,DI,1968.0,8.5,7,1,6,1,-80.502936881436,43.4234799778811
14,150,14.6376884533959,PVC,2010.0,9.35,7,1,1,1,-80.4923399167621,43.4458056115068
14,150,6.34904059355672,PVC,2010.0,9.35,7,1,1,1,-80.4923399167621,43.4458056115068
65,150,11.8429375079555,CI,1959.0,7.75,6,1,0,0,,
65,150,274.391231786931,CI,1959.0,5.75,6,1,4,1,-80.4592818048544,43.4594903412968
65,150,8.22965044332171,CI,1959.0,7.75,6,1,1,1,-80.4591009117007,43.4589342923012
29,200,225.215596919294,PVC,1995.0,8.95,8,1,2,1,-80.4439011439736,43.3995788382544
48,600,299.911417266977,DI,1976.0,8.5,6,1,0,0,,
44,150,13.7870776672667,DI,1980.0,8.5,5,3,0,0,,
44,150,141.317604710845,DI,1980.0,8.5,5,3,0,0,,
44,150,13.2860300835689,DI,1980.0,8.5,5,3,0,0,,
48,150,5.98471935301245,DI,1976.0,8.5,5,1,2,1,-80.4413819535544,43.466202471982
48,150,193.381289139859,DI,1976.0,6.5,5,1,2,1,-80.4413819535544,43.466202471982
20,150,12.9873351637463,PVC,2004.0,9.35,7,2,0,0,,
20,150,9.55964363820742,PVC,2004.0,9.35,7,2,0,0,,
20,150,192.207400856065,PVC,2004.0,9.35,6,2,0,0,,
46,300,179.686342231717,DI,1978.0,8.5,7,1,0,0,,
46,300,29.588724904986,DI,1978.0,8.5,6,1,0,0,,
18,300,11.8399162381425,PVC,2006.0,9.35,6,0,0,0,,
18,300,0.349185337799843,PVC,2006.0,9.35,7,0,1,1,-80.5567056631554,43.4219053222802
18,300,358.973385021359,PVC,2006.0,9.35,8,0,0,0,,
32,300,23.5599745599198,DI,1992.0,9.1,6,1,0,0,,
32,300,2.30427465421219,DI,1992.0,9.1,7,1,0,0,,
32,300,135.19667488868,DI,1992.0,9.1,7,1,0,0,,
51,150,18.1566362388065,CI,1973.0,3.95,6,1,2,1,-80.5064032467737,43.4421469412875
51,150,153.217920724224,CI,1973.0,7.75,6,1,2,1,-80.5064032467737,43.4421469412875
51,150,51.2064117398212,CI,1973.0,4.95,6,1,2,1,-80.5064032467737,43.4421469412875
58,150,152.406612446949,CI,1966.0,6.65,5,1,4,1,-80.4443033712375,43.4631839990736
58,150,7.16522817888122,CI,1966.0,7.85,5,1,4,1,-80.4443033712375,43.4631839990736
58,150,188.660653009211,CI,1966.0,5.45,5,1,4,1,-80.4443033712375,43.4631839990736
50,300,13.5631358266399,DI,1974.0,8.5,6,3,0,0,,
50,300,30.101716954847,DI,1974.0,8.5,6,3,0,0,,
61,200,162.540188861523,CI,1963.0,4.4,6,1,1,1,-80.4511233986871,43.4465242753219
61,200,7.6814034121302,CI,1963.0,7.85,6,1,1,1,-80.4511233986871,43.4465242753219
37,150,8.17169022418382,DI,1987.0,9.1,6,1,0,0,,
37,150,48.3065354280564,DI,1987.0,9.1,6,1,0,0,,
57,150,14.5650517752234,DI,1967.0,8.5,6,1,4,1,-80.4435511280429,43.4556446425053
57,150,271.3757838498,DI,1967.0,5.65,6,1,4,1,-80.4435511280429,43.4556446425053
57,150,12.2658176001479,DI,1967.0,8.5,6,1,4,1,-80.4435511280429,43.4556446425053
33,150,3.51793575756935,DI,1991.0,9.1,6,0,0,0,,
33,150,1.5728732946659,DI,1991.0,9.1,0,0,0,0,,
33,150,75.5862431915606,DI,1991.0,9.1,6,0,0,0,,
49,150,12.4883188497917,DI,1975.0,8.5,5,3,0,0,,
49,150,195.191643265442,DI,1975.0,8.5,5,3,0,0,,
49,150,13.009727520162,DI,1975.0,8.5,5,3,0,0,,
49,150,169.777460430784,DI,1975.0,8.5,5,3,0,0,,
88,150,8.16495594700102,CI,1936.0,7.75,6,1,0,0,,
39,200,62.5942061932673,DI,1985.0,9.1,7,1,0,0,,
52,150,76.9043793647081,DI,1972.0,8.5,6,5,0,0,,
52,150,6.84455149129994,DI,1972.0,8.5,6,5,1,1,-80.4166163098391,43.4304591467195
71,150,4.51095052093587,CI,1953.0,7.75,5,1,0,0,,
71,150,88.1161100785042,CI,1953.0,7.75,5,1,0,0,,
62,450,247.620423215726,CI,1962.0,7.85,7,1,0,0,,
62,450,45.9135142600714,CI,1962.0,7.85,7,1,0,0,,
26,150,105.278480913472,PVC,1998.0,9.35,5,1,0,0,,
55,150,7.69960701239541,DI,1969.0,8.5,5,3,0,0,,
55,150,9.1491149873513,DI,1969.0,8.5,5,3,0,0,,
55,150,228.09127354434,DI,1969.0,8.5,5,3,0,0,,
55,150,170.614248240167,DI,1969.0,8.5,5,3,0,0,,
55,150,142.59787771546,DI,1969.0,8.5,5,3,0,0,,
79,150,91.0529328809012,CI,1945.0,7.75,6,1,0,0,,
74,450,73.9543796241127,CI,1950.0,7.75,7,1,0,0,,
43,150,6.89169262163174,DI,1981.0,8.5,5,7,0,0,,
15,150,7.82187125084533,PVC,2009.0,9.35,6,3,2,1,-80.522222807004,43.4273901252624
51,200,13.5729111519882,DI,1973.0,8.5,6,1,0,0,,
51,200,5.03313324219082,DI,1973.0,8.5,6,1,0,0,,
15,150,7.27166068575213,PVC,2009.0,9.35,7,3,0,0,,
15,150,1.60518142261806,PVC,2009.0,9.35,7,3,2,1,-80.522222807004,43.4273901252624
55,300,6.48340629831318,DI,1969.0,8.5,6,2,0,0,,
55,300,7.36317887886244,DI,1969.0,8.5,6,2,0,0,,
23,200,6.93573430871299,PVC,2001.0,9.35,7,1,0,0,,
29,300,3.04492394641147,DI,1995.0,9.1,6,1,0,0,,
59,150,38.0511539503596,DI,1965.0,8.5,6,1,0,0,,
59,150,1.03562649683928,DI,1965.0,8.5,0,1,0,0,,
14,150,69.861101539307,PVC,2010.0,9.35,6,6,0,0,,
21,300,60.7667938057457,PVC,2003.0,9.35,6,3,0,0,,
43,450,52.4650750374076,DI,1981.0,8.5,7,1,0,0,,
19,200,11.7080468310712,PVC,2005.0,9.35,6,1,0,0,,
19,200,30.8929085110503,PVC,2005.0,9.35,6,1,0,0,,
19,200,43.259204338857,PVC,2005.0,9.35,6,1,0,0,,
44,100,6.4215242054578,DI,1980.0,8.5,6,2,0,0,,
44,100,0.600001199627783,DI,1980.0,8.5,6,2,0,0,,
44,100,86.6440362003058,DI,1980.0,8.5,6,2,0,0,,
58,150,7.62715505561628,CI,1966.0,7.85,6,1,4,1,-80.4407228035775,43.4593276791256
58,150,194.012958413094,CI,1966.0,4.65,6,1,4,1,-80.4407228035775,43.4593276791256
61,150,75.1573511056945,CI,1963.0,7.85,5,3,0,0,,
61,150,8.33565762845099,CI,1963.0,7.85,0,1,0,0,,
19,200,6.08091015698435,PVC,2005.0,9.35,6,1,0,0,,
24,450,17.2892543040641,DI,2000.0,9.1,9,12,0,0,,
36,200,130.83064870438,DI,1988.0,9.1,7,1,0,0,,
15,150,82.450647215951,PVC,2009.0,9.35,5,1,0,0,,
21,200,41.0262296251922,PVC,2003.0,9.35,5,3,0,0,,
21,200,2.68666675422481,PVC,2003.0,9.35,5,3,0,0,,
56,150,7.31473218033674,DI,1968.0,8.5,5,1,2,1,-80.4996577657266,43.4198536483904
56,150,8.03390065178291,DI,1968.0,8.5,5,1,2,1,-80.4996577657266,43.4198536483904
56,150,158.03643433052,DI,1968.0,8.5,5,1,2,1,-80.4996577657266,43.4198536483904
56,150,167.557266905988,DI,1968.0,6.5,5,1,2,1,-80.4996577657266,43.4198536483904
56,150,174.947822448156,DI,1968.0,8.5,5,1,2,1,-80.4996577657266,43.4198536483904
22,150,7.59871399695672,PVC,2002.0,9.35,6,0,0,0,,
22,150,107.345088238176,PVC,2002.0,9.35,6,0,0,0,,
26,300,11.0259109297648,PVC,1998.0,9.35,6,5,0,0,,
26,300,211.013133072358,PVC,1998.0,9.35,6,5,0,0,,
26,300,11.116821099967,PVC,1998.0,9.35,5,5,0,0,,
46,300,10.3868570499399,DI,1978.0,8.5,6,1,0,0,,
46,300,96.5989221522326,DI,1978.0,8.5,6,1,0,0,,
71,150,83.2998215217658,CI,1953.0,5.75,6,1,1,1,-80.4506327419873,43.4299130081103
38,150,132.391829448237,DI,1986.0,9.1,5,1,0,0,,
38,150,123.390282478386,DI,1986.0,9.1,5,1,0,0,,
69,150,106.13939149531,CI,1955.0,4.5,5,1,2,1,-80.5191199885419,43.4487102569823
69,150,10.0742092323375,CI,1955.0,7.75,5,1,2,1,-80.5191199885419,43.4487102569823
28,300,8.88016900801355,PVC,1996.0,9.35,6,1,0,0,,
28,300,166.156745214132,PVC,1996.0,9.35,6,1,0,0,,
28,300,5.94161042153577,PVC,1996.0,9.35,6,1,0,0,,
47,300,7.10398068695234,DI,1977.0,8.5,7,1,0,0,,
47,300,70.0812190942853,DI,1977.0,8.5,7,1,0,0,,
24,300,106.310896945563,PVC,2000.0,9.35,7,1,1,1,-80.419466174815,43.4251239950744
24,300,49.1235098829852,PVC,2000.0,9.35,7,1,1,1,-80.419466174815,43.4251239950744
53,200,12.6746381378914,DI,1971.0,8.5,5,3,0,0,,
53,200,171.885965416617,DI,1971.0,8.5,6,3,0,0,,
37,150,9.42247412065729,DI,1987.0,9.1,5,3,0,0,,
37,150,15.4679353965283,DI,1987.0,9.1,5,3,0,0,,
37,150,107.591745514366,DI,1987.0,9.1,5,3,0,0,,
37,150,108.086506403829,DI,1987.0,9.1,5,3,0,0,,
37,150,156.079991055282,DI,1987.0,9.1,5,3,0,0,,
37,150,141.134798224439,DI,1987.0,9.1,5,3,0,0,,
37,150,99.7453623992298,DI,1987.0,9.1,7,1,0,0,,
37,150,12.2751094806659,DI,1987.0,9.1,5,1,0,0,,
45,300,76.1561570014848,DI,1979.0,8.5,6,5,0,0,,
45,300,12.8768875872565,DI,1979.0,8.5,6,5,0,0,,
57,300,14.0735331460123,DI,1967.0,8.5,6,1,0,0,,
57,300,316.44473789292,DI,1967.0,8.5,7,1,1,1,-80.4743568655336,43.4295036084089
57,300,144.639761189345,DI,1967.0,7.3,7,1,1,1,-80.4743568655336,43.4295036084089
24,200,38.63805597157,PVC,2000.0,9.35,7,5,0,0,,
18,200,3.24474175176185,PVC,2006.0,9.35,6,1,2,1,-80.511163515614,43.4425815755989
18,200,10.4942656125177,PVC,2006.0,9.35,6,1,2,1,-80.511163515614,43.4425815755989
18,200,0.954392371597765,PVC,2006.0,9.35,0,1,2,1,-80.511163515614,43.4425815755989
63,300,0.306837954204133,DI,1961.0,8.5,7,3,1,1,-80.5224608448573,43.4106967338158
63,300,0.696769151241854,DI,1961.0,8.5,7,3,1,1,-80.5224608448573,43.4106967338158
23,150,18.1644014278919,PVC,2001.0,9.35,6,1,0,0,,
23,150,12.5382621218248,PVC,2001.0,9.35,5,1,0,0,,
70,100,34.4950244554502,CI,1954.0,3.5,5,1,3,1,-80.4944978909616,43.4689213619151
39,150,11.8755290708896,DI,1985.0,9.1,6,0,0,0,,
39,150,293.256383363875,DI,1985.0,9.1,7,0,0,0,,
39,150,88.4321988841585,DI,1985.0,9.1,6,0,0,0,,
39,150,12.8000531116514,DI,1985.0,9.1,6,0,0,0,,
33,300,87.4279699274789,DI,1991.0,9.1,7,1,0,0,,
43,150,0.446450143724884,DI,1981.0,8.5,5,7,0,0,,
43,150,2.7575764176212,DI,1981.0,8.5,5,7,0,0,,
35,150,5.29797765129071,DI,1989.0,9.1,5,7,0,0,,
32,150,7.89826449833289,DI,1992.0,9.1,5,7,0,0,,
32,150,9.71160425601676,DI,1992.0,9.1,5,7,0,0,,
32,300,15.0908914685231,DI,1992.0,9.1,5,7,0,0,,
60,200,7.40781278186717,CI,1964.0,7.85,6,1,2,1,-80.5124325819801,43.422346240322
60,200,298.557920933207,CI,1964.0,6.65,6,1,2,1,-80.5124325819801,43.422346240322
60,200,156.1437127621,CI,1964.0,7.85,6,1,2,1,-80.5124325819801,43.422346240322
43,300,7.91999342752801,DI,1981.0,8.5,6,7,0,0,,
18,150,135.689196263159,PVC,2006.0,9.35,6,7,0,0,,
18,150,84.550442292295,PVC,2006.0,9.35,6,7,0,0,,
44,300,12.1898777740754,DI,1980.0,8.5,6,7,0,0,,
43,300,14.9348743535776,DI,1981.0,8.5,6,7,0,0,,
40,300,26.4298934924608,DI,1984.0,9.1,7,1,0,0,,
40,300,7.08835860300879,DI,1984.0,9.1,7,1,0,0,,
63,150,61.9266139824581,CI,1961.0,7.75,6,1,1,1,-80.4562761947933,43.462067421661
63,150,13.8742144479007,CI,1961.0,7.75,6,1,1,1,-80.4562761947933,43.462067421661
14,150,19.3674046764916,PVC,2010.0,9.35,6,1,0,0,,
14,150,118.684122645976,PVC,2010.0,6.55,6,1,0,0,,
64,200,50.2601036872702,CI,1960.0,7.75,6,1,0,0,,
64,200,1.18536206903816,CI,1960.0,7.75,6,1,0,0,,
23,150,0.569538901396038,PVC,2001.0,9.35,0,1,1,1,-80.4805146850787,43.4550325765982
23,150,73.8272730743131,PVC,2001.0,6.95,7,1,1,1,-80.4805146850787,43.4550325765982
23,150,3.92084286745504,PVC,2001.0,9.35,6,1,1,1,-80.4805146850787,43.4550325765982
22,150,67.3076572670306,PVC,2002.0,9.35,6,6,0,0,,
36,150,1.92447473574328,DI,1988.0,9.1,5,1,1,1,-80.499089237858,43.4364171452082
36,150,3.614979612769,DI,1988.0,9.1,6,1,0,0,,
36,150,4.98490708532592,DI,1988.0,9.1,0,1,1,1,-80.499089237858,43.4364171452082
36,150,216.773365581957,DI,1988.0,8.7,6,1,1,1,-80.499089237858,43.4364171452082
30,150,14.3212213607739,PVC,1994.0,9.35,6,2,0,0,,
30,150,88.1309569280679,PVC,1994.0,9.35,6,2,0,0,,
30,150,108.713962779139,PVC,1994.0,9.35,6,2,0,0,,
20,150,222.72181676407,PVC,2004.0,9.35,7,1,1,1,-80.5001847032869,43.4573161929359
20,150,0.964168475180843,PVC,2004.0,9.35,0,1,1,1,-80.5001847032869,43.4573161929359
21,150,6.70309350672258,PVC,2003.0,9.35,6,3,0,0,,
21,150,97.4936591724404,PVC,2003.0,9.35,6,3,0,0,,
18,300,9.61310107913367,PVC,2006.0,9.35,7,2,0,0,,
18,300,14.341963875413,PVC,2006.0,9.35,7,2,0,0,,
18,300,142.55701859492,PVC,2006.0,9.35,7,2,0,0,,
18,300,162.39175227957,PVC,2006.0,9.35,7,2,0,0,,
53,50,86.7086134680203,Other,1971.0,9.0,3,3,0,0,,
53,50,4.18145180637761,Other,1971.0,9.0,3,3,0,0,,
59,300,10.0071842292829,DI,1965.0,8.5,7,1,0,0,,
59,300,91.7351782164553,DI,1965.0,8.5,7,1,0,0,,
25,300,86.6142208149647,PVC,1999.0,9.35,7,1,0,0,,
16,200,12.2885968101362,PVC,2008.0,9.35,7,1,0,0,,
16,200,74.6520755407345,PVC,2008.0,9.35,6,1,0,0,,
49,200,11.0104536851597,DI,1975.0,8.5,6,1,0,0,,
49,300,6.29304249779034,DI,1975.0,8.5,6,2,0,0,,
66,300,9.52111358252675,CI,1958.0,7.75,6,1,3,1,-80.4605901098276,43.4626346639757
66,300,5.50554455287169,CI,1958.0,7.75,7,1,3,1,-80.4605901098276,43.4626346639757
37,750,74.0124814656525,CPP,1987.0,9.35,10,5,0,0,,
37,750,0.623736994617633,CPP,1987.0,9.35,0,5,1,1,-80.4192880367943,43.4267865774632
19,300,1.28651086793378,HDPE,2005.0,10.0,5,1,0,0,,
19,300,50.4912671443041,HDPE,2005.0,10.0,6,1,0,0,,
25,600,112.921349366368,PVC,1999.0,9.35,0,3,0,0,,
25,600,209.5506916316,PVC,1999.0,9.35,7,3,0,0,,
37,300,5.1411270333987,DI,1987.0,9.1,7,1,0,0,,
37,300,0.487441330547135,DI,1987.0,9.1,0,1,0,0,,
72,200,142.431481366729,CI,1952.0,7.75,7,1,0,0,,
48,600,1.16247047303316,DI,1976.0,8.5,0,1,1,1,-80.4750588838453,43.4069598754962
48,600,12.1624332371783,DI,1976.0,8.5,7,1,0,0,,
33,300,1.78948967364354,DI,1991.0,9.1,7,1,0,0,,
33,300,4.56346492470509,DI,1991.0,9.1,7,1,0,0,,
75,300,13.6483083149135,CI,1949.0,7.75,6,1,2,1,-80.4685679239392,43.4463391494082
75,300,76.6236496447967,CI,1949.0,4.55,6,1,2,1,-80.4685679239392,43.4463391494082
56,450,114.161413833577,DI,1968.0,5.7,7,1,3,1,-80.4844724587781,43.4758387261803
34,300,10.8938797302723,DI,1990.0,9.1,7,1,0,0,,
34,300,77.7764108115982,DI,1990.0,9.1,7,1,0,0,,
34,300,0.986812570177751,DI,1990.0,9.1,0,1,0,0,,
52,150,17.3711165682319,DI,1972.0,8.5,6,1,0,0,,
52,150,1.54789090242431,DI,1972.0,8.5,6,1,1,1,-80.4826579594926,43.4182273702733
38,150,95.7433324909093,DI,1986.0,9.1,5,1,0,0,,
38,150,7.26986609584987,DI,1986.0,9.1,5,1,0,0,,
16,200,86.5105681750988,PVC,2008.0,9.35,6,1,0,0,,
24,150,81.0718550166393,PVC,2000.0,9.35,5,4,0,0,,
24,150,131.821257189301,PVC,2000.0,9.35,5,4,0,0,,
52,300,16.952032136903,DI,1972.0,8.5,6,5,0,0,,
52,300,89.6699685407898,DI,1972.0,8.5,7,5,0,0,,
23,150,9.1424394570939,PVC,2001.0,9.35,6,1,0,0,,
23,150,0.987628513693782,PVC,2001.0,9.35,0,1,0,0,,
23,150,184.922051265946,PVC,2001.0,9.35,7,1,0,0,,
75,150,95.5934764821079,CI,1949.0,4.55,5,1,2,1,-80.4895185845332,43.4739362799816
56,150,8.45831198339529,DI,1968.0,8.5,5,1,2,1,-80.4996577657266,43.4198536483904
56,150,202.257507893969,DI,1968.0,8.1,5,1,1,1,-80.4983997640421,43.4190263427099
28,300,1.18449671999212,PVC,1996.0,9.35,7,0,0,0,,
28,300,81.6639264460672,PVC,1996.0,9.35,7,0,0,0,,
60,150,77.437988818825,DI,1964.0,6.1,6,1,1,1,-80.4879842806125,43.4301784876893
38,150,9.36397683863683,DI,1986.0,9.1,5,1,0,0,,
38,150,81.5234447438113,DI,1986.0,9.1,5,1,0,0,,
44,300,7.6530510756157,DI,1980.0,8.5,6,3,0,0,,
44,300,178.182585991482,DI,1980.0,8.5,6,3,0,0,,
43,300,157.094355836675,DI,1981.0,8.5,6,3,0,0,,
35,150,13.9455909516555,DI,1989.0,9.1,5,3,0,0,,
35,150,147.197668060308,DI,1989.0,9.1,5,3,0,0,,
50,150,90.2184278298741,CI,1974.0,7.75,6,1,0,0,,
74,150,7.76971541369288,CI,1950.0,7.75,5,1,0,0,,
68,150,6.53005391809023,CI,1956.0,7.75,5,1,4,1,-80.4621604785223,43.4448864167595
68,150,147.640266106803,CI,1956.0,7.75,5,1,0,0,,
88,150,88.7016195030972,CI,1936.0,5.5,6,1,0,0,,
88,150,4.55564130324324,CI,1936.0,7.75,6,1,0,0,,
16,200,12.8689564532404,PVC,2008.0,9.35,6,1,0,0,,
13,150,76.4201715595897,PVC,2011.0,9.35,6,1,0,0,,
16,200,1.8572048494084,PVC,2008.0,9.35,6,1,0,0,,
16,200,145.513774591181,PVC,2008.0,6.95,6,1,0,0,,
16,200,113.587476869417,PVC,2008.0,6.55,6,1,0,0,,
56,150,1.99066059262565,CI,1968.0,7.85,6,3,1,1,-80.5213600652494,43.4214123944923
56,150,100.358947713961,CI,1968.0,6.25,5,3,1,1,-80.5213600652494,43.4214123944923
33,150,71.5556262618794,DI,1991.0,9.1,5,1,0,0,,
33,150,9.97074777599198,DI,1991.0,9.1,5,1,0,0,,
14,150,6.9605561018363,PVC,2010.0,9.35,6,1,0,0,,
14,150,108.939823715635,PVC,2010.0,6.15,6,1,0,0,,
14,150,108.447495022215,PVC,2010.0,9.35,6,1,0,0,,
14,150,108.620346412618,PVC,2010.0,5.75,5,1,0,0,,
14,150,106.10145558271,PVC,2010.0,6.55,6,1,0,0,,
59,300,74.8981334064384,DI,1965.0,8.5,7,1,0,0,,
72,150,345.172240235044,CI,1952.0,7.75,7,1,0,0,,
72,150,1.38315037545295,CI,1952.0,7.75,7,1,0,0,,
70,150,12.2326614496091,CI,1954.0,3.83,5,1,2,1,-80.4511915253122,43.4230177843795
70,150,85.1797454244243,CI,1954.0,5.3,5,1,2,1,-80.4511915253122,43.4230177843795
14,300,5.24320892136354,PVC,2010.0,9.35,0,1,0,0,,
63,200,75.2181931989586,CI,1961.0,4.55,6,1,3,1,-80.4539755059263,43.4617863672683
63,200,12.4792682096439,CI,1961.0,7.75,6,1,1,1,-80.4541198353007,43.4621092424444
77,150,86.6996613931421,CI,1947.0,4.55,5,1,2,1,-80.4625434043721,43.4403863173154
23,150,7.6771061310271,PVC,2001.0,9.35,6,1,0,0,,
23,150,91.8335823147963,PVC,2001.0,9.35,6,1,0,0,,
34,300,117.089144549653,DI,1990.0,9.1,7,1,0,0,,
51,150,155.164201357008,DI,1973.0,8.5,7,3,1,1,-80.5293096858979,43.4202925953502
51,150,157.671298688606,DI,1973.0,8.5,6,3,1,1,-80.5293096858979,43.4202925953502
35,300,21.2372621048087,DI,1989.0,9.1,7,1,0,0,,
35,300,39.9999460350779,DI,1989.0,9.1,7,1,0,0,,
35,300,96.1162423349695,DI,1989.0,9.1,7,1,0,0,,
35,300,92.4954178535809,DI,1989.0,9.1,8,1,0,0,,
35,300,102.449608368646,DI,1989.0,9.1,8,1,0,0,,
51,150,1.43662992414397,DI,1973.0,8.5,0,3,1,1,-80.5340508658973,43.4229011132792
49,150,99.0848194463572,DI,1975.0,8.5,5,0,1,1,-80.5340508658973,43.4229011132792
66,150,296.110986115151,CI,1958.0,6.1,5,1,3,1,-80.5084611835503,43.4358644950258
66,150,131.12053710593,CI,1958.0,5.35,5,1,2,1,-80.5100829981201,43.4354828821984
66,150,116.86470695127,CI,1958.0,6.15,5,1,3,1,-80.5084611835503,43.4358644950258
37,150,38.1514420301354,DI,1987.0,9.1,5,1,0,0,,
72,150,226.292035080808,CI,1952.0,7.3,5,1,0,0,,
74,150,201.98361418311,CI,1950.0,5.7,5,1,2,1,-80.5011607858477,43.4357885812536
21,150,102.693490410262,PVC,2003.0,9.35,6,1,0,0,,
14,150,53.2342147566419,PVC,2010.0,6.55,6,1,0,0,,
14,150,89.5187658991664,PVC,2010.0,9.35,6,1,0,0,,
63,150,0.974038766253671,CI,1961.0,7.75,0,2,0,0,,
63,150,12.8252092399239,CI,1961.0,7.75,6,2,1,1,-80.4181377361916,43.3919460222194
63,150,2.72749394032572,CI,1961.0,7.75,6,2,1,1,-80.4181377361916,43.3919460222194
63,150,315.22650688685,CI,1961.0,7.35,6,2,1,1,-80.4181377361916,43.3919460222194
63,150,165.480353211713,CI,1961.0,7.75,6,2,1,1,-80.4181377361916,43.3919460222194
53,50,67.9218106701973,Other,1971.0,9.0,6,1,0,0,,
56,150,10.6703563137234,DI,1968.0,8.5,5,3,0,0,,
56,150,9.80701799945569,DI,1968.0,8.5,5,3,0,0,,
56,150,135.998427681521,DI,1968.0,8.5,5,3,0,0,,
19,150,8.16762448669327,PVC,2005.0,9.35,6,1,0,0,,
19,150,0.940702104289581,PVC,2005.0,9.35,0,1,0,0,,
19,150,64.7915752148286,PVC,2005.0,9.35,6,1,0,0,,
14,300,51.6216306808642,PVC,2010.0,9.35,7,1,0,0,,
60,300,2.35413406634845,DI,1964.0,8.5,0,3,0,0,,
60,300,199.333774799024,CI,1964.0,7.05,7,1,1,1,-80.5245557348132,43.4321976632163
18,300,4.78608021629172,PVC,2006.0,9.35,6,0,0,0,,
18,300,332.928158985741,PVC,2006.0,9.35,7,0,0,0,,
18,300,8.33717007098267,PVC,2006.0,9.35,7,0,0,0,,
64,300,46.5503488335721,CI,1960.0,4.55,7,1,0,0,,
64,300,58.9704436145528,CI,1960.0,7.75,7,1,0,0,,
66,200,1.9325124776532,CI,1958.0,7.75,7,1,1,1,-80.4584311132923,43.4652771591571
66,200,12.9736973610812,CI,1958.0,7.75,6,1,1,1,-80.4605655135,43.4639323666029
66,200,245.589645058767,CI,1958.0,6.15,7,1,1,1,-80.4591792157233,43.4643430522829
48,200,12.8035612652943,DI,1976.0,8.5,6,2,1,1,-80.4554256058458,43.3963629816317
48,200,80.4524630593969,DI,1976.0,8.5,7,2,1,1,-80.4554256058458,43.3963629816317
48,200,61.6238152885118,DI,1976.0,5.25,6,2,1,1,-80.4554256058458,43.3963629816317
48,200,66.9561451346555,DI,1976.0,8.5,7,2,1,1,-80.4554256058458,43.3963629816317
48,200,81.9455439661205,DI,1976.0,8.5,6,2,1,1,-80.4554256058458,43.3963629816317
48,200,4.70394884325114,DI,1976.0,8.5,6,2,0,0,,
48,200,4.43465244795621,DI,1976.0,8.5,0,2,1,1,-80.4554256058458,43.3963629816317
33,300,5.18742914385547,DI,1991.0,9.1,7,1,0,0,,
33,300,66.8500671098527,DI,1991.0,8.65,7,1,0,0,,
69,300,1.52433030596688,CI,1955.0,7.75,7,1,0,0,,
69,300,21.8470902179558,CI,1955.0,7.75,7,1,0,0,,
59,450,5.47304658091745,DI,1965.0,8.5,8,1,0,0,,
59,450,143.334829929967,DI,1965.0,8.5,8,1,0,0,,
59,450,449.199584294256,DI,1965.0,8.5,8,1,0,0,,
28,200,2.66551818612256,DI,1996.0,9.1,6,1,0,0,,
28,200,39.6315826038385,DI,1996.0,9.1,6,1,0,0,,
55,150,139.942252724763,DI,1969.0,8.5,5,1,0,0,,
55,150,4.57001181593811,DI,1969.0,8.5,0,1,0,0,,
55,150,20.2514304042213,DI,1969.0,8.5,5,1,0,0,,
59,200,53.4169300652376,CI,1965.0,4.25,6,1,2,1,-80.4420581699658,43.4552707853259
59,200,13.892515874885,CI,1965.0,7.85,6,1,2,1,-80.4420581699658,43.4552707853259
56,300,16.6274556260437,DI,1968.0,8.5,6,3,0,0,,
56,300,68.7264572989533,DI,1968.0,8.5,7,3,0,0,,
56,300,177.289574007772,DI,1968.0,8.5,7,3,0,0,,
39,300,2.96725821040126,DI,1985.0,9.1,6,1,0,0,,
45,300,7.11803536504258,DI,1979.0,8.5,6,5,0,0,,
45,300,33.3810077146803,DI,1979.0,8.5,6,5,0,0,,
15,150,63.5751422424886,PVC,2009.0,9.35,6,1,0,0,,
15,300,114.831720466784,PVC,2009.0,7.75,7,1,0,0,,
35,300,99.0568233976668,DI,1989.0,9.1,6,1,0,0,,
35,300,7.0146796014065,DI,1989.0,9.1,6,1,0,0,,
66,150,116.810378597744,CI,1958.0,6.15,5,1,2,1,-80.4533516475447,43.4392595311275
66,150,170.165428769214,CI,1958.0,6.5,5,1,2,1,-80.4533516475447,43.4392595311275
66,150,9.46916185793504,CI,1958.0,7.75,5,1,2,1,-80.4533516475447,43.4392595311275
25,300,77.2211759789211,PVC,1999.0,9.35,7,3,0,0,,
25,300,5.72076774283473,PVC,1999.0,9.35,6,3,0,0,,
21,200,0.511653187985118,PVC,2003.0,9.35,5,4,0,0,,
36,150,6.49076267962002,PVC,1988.0,9.35,6,1,0,0,,
36,150,9.90205619653979,PVC,1988.0,9.35,6,1,0,0,,
36,150,157.126342704947,PVC,1988.0,9.35,6,1,0,0,,
58,150,21.9127900734834,DI,1966.0,8.5,7,1,1,1,-80.4420327895094,43.4601803626597
58,150,0.609749104940053,DI,1966.0,8.5,7,1,1,1,-80.4420327895094,43.4601803626597
52,200,86.2281857447145,DI,1972.0,8.5,7,2,0,0,,
52,200,217.431243574571,DI,1972.0,8.5,6,2,0,0,,
39,150,13.8267931093181,DI,1985.0,9.1,6,1,0,0,,
39,150,243.719276054439,DI,1985.0,9.1,5,1,0,0,,
39,150,5.61565943210576,DI,1985.0,9.1,0,1,0,0,,
71,150,77.6379604488288,CI,1953.0,7.75,6,1,2,1,-80.4486715977997,43.4292870779418
71,150,0.982405877014409,CI,1953.0,7.75,0,1,0,0,,
71,150,12.1209639136086,CI,1953.0,3.83,6,1,2,1,-80.4486715977997,43.4292870779418
30,300,11.9600360685764,DI,1994.0,9.1,7,1,0,0,,
49,150,8.1185207477607,CI,1975.0,7.85,6,1,1,1,-80.5272602932603,43.4459686516646
49,150,76.2663418067887,CI,1975.0,5.45,6,1,1,1,-80.5272602932603,43.4459686516646
72,200,63.5018700548559,CI,1952.0,7.75,6,1,0,0,,
72,200,4.11472536212485,CI,1952.0,7.75,7,1,0,0,,
52,150,7.5708204564586,DI,1972.0,8.5,6,3,0,0,,
52,150,88.1381112977699,DI,1972.0,8.5,6,3,0,0,,
59,300,121.561060590266,DI,1965.0,8.5,7,1,1,1,-80.4485061575616,43.4579698821942
59,300,1.43543615741226,DI,1965.0,8.5,7,1,0,0,,
32,300,7.23872094695411,DI,1992.0,9.1,7,1,1,1,-80.4965637623951,43.4553574792725
46,450,209.215636790654,DI,1978.0,8.5,6,0,0,0,,
97,100,0.717799896084821,CI,1927.0,7.75,0,1,0,0,,
97,100,40.2514043823066,CI,1927.0,7.75,6,1,0,0,,
39,150,3.51942533969837,DI,1985.0,9.1,6,0,0,0,,
39,150,3.49366150564167,DI,1985.0,9.1,0,0,0,0,,
39,150,127.210188126163,DI,1985.0,9.1,6,0,0,0,,
18,200,7.14384601300785,PVC,2006.0,9.35,6,3,0,0,,
18,200,35.6978940401579,PVC,2006.0,9.35,6,3,0,0,,
59,200,110.437723213384,CI,1965.0,7.85,6,1,0,0,,
36,200,67.6293061517599,DI,1988.0,9.1,7,1,0,0,,
17,300,29.7056694649862,PVC,2007.0,9.35,7,1,0,0,,
36,150,57.2256515239044,DI,1988.0,9.1,5,1,0,0,,
36,150,163.693628930054,DI,1988.0,9.1,5,1,0,0,,
36,150,21.4424411686672,DI,1988.0,9.1,5,1,0,0,,
61,600,254.328878744163,CPP,1963.0,9.15,7,1,0,0,,
65,150,376.742935094321,CI,1959.0,6.15,5,1,7,1,-80.4605677983742,43.4252326212028
65,150,12.0443902206326,CI,1959.0,7.75,5,1,7,1,-80.4605677983742,43.4252326212028
52,300,149.473935539308,DI,1972.0,8.5,6,1,0,0,,
49,300,5.05824426481147,DI,1975.0,8.5,6,0,0,0,,
49,300,36.9748859443158,DI,1975.0,8.5,0,0,0,0,,
49,300,47.9333036314189,DI,1975.0,8.5,6,0,0,0,,
74,150,85.7313695006803,CI,1950.0,7.75,6,1,0,0,,
74,150,9.85546623525571,CI,1950.0,7.75,6,1,0,0,,
26,450,99.1621970923144,PVC,1998.0,9.35,7,0,0,0,,
50,300,46.2702788623973,DI,1974.0,8.5,6,3,0,0,,
50,300,5.80944403951374,DI,1974.0,8.5,6,3,0,0,,
46,300,10.3631065999649,DI,1978.0,8.5,7,0,0,0,,
46,300,53.5643999459195,DI,1978.0,8.5,7,0,0,0,,
35,150,144.148929750694,DI,1989.0,9.1,5,7,0,0,,
21,300,1.29992714349883,HDPE,2003.0,10.0,0,1,1,1,-80.530433028013,43.4471389997848
21,300,6.08824182333505,HDPE,2003.0,10.0,0,1,1,1,-80.530433028013,43.4471389997848
64,300,0.645991950258809,DI,1960.0,8.5,0,1,1,1,-80.4584311132923,43.4652771591571
64,300,224.254709600976,DI,1960.0,8.5,7,1,1,1,-80.4565642030857,43.4664672784482
67,300,6.26279081528987,CI,1957.0,7.75,7,1,3,1,-80.5136686983761,43.4463391340296
67,300,238.168267092761,CI,1957.0,3.45,7,1,3,1,-80.5136686983761,43.4463391340296
72,450,140.824581478545,AC,1952.0,8.5,7,3,0,0,,
72,450,2.11061081678635,AC,1952.0,8.5,8,3,1,1,-80.5107228551966,43.4172973201033
25,150,8.70433294332663,PVC,1999.0,9.35,6,1,0,0,,
25,150,110.212265192096,PVC,1999.0,9.35,6,1,0,0,,
13,200,217.174658821131,PVC,2011.0,9.35,6,2,0,0,,
13,200,1.87251465115791,PVC,2011.0,9.35,6,2,0,0,,
13,200,141.450970080369,PVC,2011.0,9.35,7,2,0,0,,
12,300,23.9936428849103,PVC,2012.0,9.35,0,3,0,0,,
12,300,21.0319488982721,PVC,2012.0,9.35,0,3,0,0,,
12,300,64.5253154039055,PVC,2012.0,9.35,7,3,0,0,,
12,300,15.0200496493109,PVC,2012.0,9.35,6,1,0,0,,
12,300,12.4309797625663,PVC,2012.0,9.35,6,1,0,0,,
12,300,84.7022363584246,PVC,2012.0,9.35,6,1,0,0,,
12,300,9.2603910784346,PVC,2012.0,9.35,6,3,0,0,,
12,300,19.1302754815894,PVC,2012.0,9.35,6,3,0,0,,
12,300,215.10758177731,PVC,2012.0,9.35,7,3,0,0,,
12,300,52.8794893399548,PVC,2012.0,9.35,8,1,0,0,,
18,150,60.2833189400269,PVC,2006.0,9.35,5,1,0,0,,
18,150,73.8775686726092,PVC,2006.0,9.35,5,1,0,0,,
18,150,5.75458889826879,PVC,2006.0,9.35,6,1,0,0,,
18,150,71.8187611087744,PVC,2006.0,9.35,6,1,0,0,,
50,300,113.01031449817,DI,1974.0,8.5,7,1,0,0,,
12,300,14.2398358540364,PVC,2012.0,9.35,7,3,0,0,,
12,300,16.8512081434921,PVC,2012.0,9.35,0,1,0,0,,
12,300,44.2331772543326,PVC,2012.0,9.35,8,1,0,0,,
12,300,7.63003774534508,PVC,2012.0,9.35,8,1,0,0,,
12,300,91.7802715408031,PVC,2012.0,9.35,8,1,0,0,,
38,600,68.047302191831,DI,1986.0,9.1,6,1,0,0,,
38,600,13.0236142580625,DI,1986.0,9.1,7,1,0,0,,
64,150,168.970366253303,CI,1960.0,5.3,6,1,3,1,-80.4971058664168,43.4405376299192
35,300,6.13936220116137,DI,1989.0,9.1,6,0,0,0,,
35,300,79.7428696211935,DI,1989.0,9.1,6,0,0,0,,
30,450,138.613429359695,DI,1994.0,9.1,7,0,0,0,,
50,300,12.6406206194956,DI,1974.0,8.5,6,1,0,0,,
50,300,74.5707308964922,DI,1974.0,6.25,6,1,0,0,,
27,150,18.8957801435631,PVC,1997.0,9.35,6,1,0,0,,
27,150,5.05101952481517,PVC,1997.0,9.35,6,1,0,0,,
23,200,50.5703629970102,PVC,2001.0,9.35,7,1,0,0,,
24,300,9.98992690661474,DI,2000.0,9.1,8,1,0,0,,
102,100,120.090754625984,CI,1922.0,5.5,7,1,1,1,-80.4722872790069,43.4411899423904
102,100,8.72994113656274,CI,1922.0,5.5,0,1,1,1,-80.4722872790069,43.4411899423904
18,150,85.3174362769119,PVC,2006.0,9.35,5,1,0,0,,
18,150,14.9264658346104,PVC,2006.0,9.35,5,1,0,0,,
64,150,13.3950306976524,CI,1960.0,7.75,6,1,4,1,-80.4371706511267,43.4326347550061
64,150,102.350586368238,CI,1960.0,3.95,6,1,4,1,-80.4371706511267,43.4326347550061
64,150,1.13142031823675,CI,1960.0,7.75,0,1,4,1,-80.4371706511267,43.4326347550061
78,150,118.307018178263,CI,1946.0,7.75,7,1,0,0,,
51,300,106.442385067999,DI,1973.0,8.5,6,3,0,0,,
48,300,16.4816681396861,DI,1976.0,8.5,8,1,0,0,,
48,300,68.9386261991655,DI,1976.0,8.5,8,1,1,1,-80.4950506667257,43.4518732605907
48,300,68.5976289848218,DI,1976.0,6.1,7,1,1,1,-80.4950506667257,43.4518732605907
48,300,9.65338026001951,DI,1976.0,8.5,7,1,1,1,-80.4950506667257,43.4518732605907
44,300,25.2507971220063,DI,1980.0,8.5,7,0,2,1,-80.5395612739008,43.4185843386513
44,300,1.05909259272513,DI,1980.0,8.5,7,0,2,1,-80.5395612739008,43.4185843386513
32,150,0.680705986714015,DI,1992.0,9.1,6,0,0,0,,
32,150,117.568902857356,DI,1992.0,9.1,6,0,0,0,,
32,150,114.711791696907,DI,1992.0,9.1,6,0,0,0,,
78,150,30.9927630357747,CI,1946.0,7.75,6,1,0,0,,
48,300,100.862653633543,DI,1976.0,8.5,7,2,0,0,,
48,300,12.1890309468503,DI,1976.0,8.5,7,2,0,0,,
36,150,18.4695980667403,DI,1988.0,9.1,7,3,1,1,-80.5259084974374,43.4373166669793
36,150,7.93822196170689,DI,1988.0,9.1,6,3,1,1,-80.5259084974374,43.4373166669793
36,150,119.730038191891,DI,1988.0,7.5,6,3,1,1,-80.5259084974374,43.4373166669793
29,300,108.058898000731,PVC,1995.0,9.35,7,3,0,0,,
33,300,11.6836825426678,DI,1991.0,9.1,6,1,0,0,,
33,300,69.8025376978594,DI,1991.0,9.1,6,1,0,0,,
44,150,2.91356463512812,DI,1980.0,8.5,6,0,0,0,,
44,150,306.683161495599,DI,1980.0,8.5,6,0,1,1,-80.5385216635839,43.415182024379
44,150,1.42857764241995,DI,1980.0,8.5,6,0,0,0,,
44,150,225.277314606564,DI,1980.0,8.1,6,0,1,1,-80.5385216635839,43.415182024379
53,150,12.679391089667,DI,1971.0,8.5,6,2,0,0,,
53,150,90.5742370582639,DI,1971.0,8.5,7,2,0,0,,
66,150,135.363331525838,CI,1958.0,6.55,5,1,2,1,-80.4502390387294,43.4397295416865
66,150,285.401311406929,CI,1958.0,7.35,6,1,2,1,-80.4502390387294,43.4397295416865
66,150,2.74362449362832,CI,1958.0,7.75,5,1,0,0,,
66,150,19.8586844926913,CI,1958.0,3.95,5,1,1,1,-80.4577962340592,43.4519931169086
70,150,106.392471945384,CI,1954.0,6.15,5,1,1,1,-80.4503829159787,43.4234634086444
70,150,7.62020935827248,CI,1954.0,7.75,5,1,1,1,-80.4503829159787,43.4234634086444
50,150,11.7299437468596,DI,1974.0,8.5,6,3,0,0,,
50,150,97.9271256191926,DI,1974.0,8.5,6,3,0,0,,
43,300,19.3765916597555,DI,1981.0,8.5,6,7,1,1,-80.4604340285529,43.4812271346592
14,150,6.78996705786335,PVC,2010.0,9.35,6,1,0,0,,
14,150,200.291477267307,PVC,2010.0,9.35,7,1,0,0,,
58,450,97.1322911614828,DI,1966.0,8.5,7,1,0,0,,
26,150,7.59004348101956,PVC,1998.0,9.35,5,4,0,0,,
26,150,5.38302784971174,PVC,1998.0,9.35,5,4,0,0,,
26,150,32.3342159760887,PVC,1998.0,9.35,5,4,0,0,,
63,150,12.5341566783298,CI,1961.0,3.83,5,1,1,1,-80.5053221908906,43.4247873764733
63,150,82.9026477216949,CI,1961.0,5.35,5,1,1,1,-80.5053221908906,43.4247873764733
14,150,1.48922330311426,PVC,2010.0,9.35,7,1,0,0,,
18,150,67.9779443723145,PVC,2006.0,9.35,6,0,0,0,,
18,150,8.52386034635396,PVC,2006.0,9.35,6,0,0,0,,
72,150,288.093855552349,CI,1952.0,7.3,6,1,0,0,,
20,250,106.728591040709,PVC,2004.0,9.35,6,2,0,0,,
20,250,6.66170717336535,PVC,2004.0,9.35,6,2,0,0,,
65,200,60.7138836004814,CI,1959.0,7.75,6,1,0,0,,
24,300,56.7660013278992,PVC,2000.0,9.35,7,1,0,0,,
58,150,19.0490355033354,CI,1966.0,7.85,5,1,4,1,-80.4396195860468,43.4487193235082
58,150,85.0792599930877,CI,1966.0,4.05,5,1,4,1,-80.4396195860468,43.4487193235082
79,150,2.66777594328923,CI,1945.0,7.75,6,1,5,1,-80.4655914587121,43.4379387646759
79,150,1.42856153320431,CI,1945.0,7.75,6,1,5,1,-80.4655914587121,43.4379387646759
65,300,81.2209578294048,CI,1959.0,7.75,7,3,0,0,,
15,150,160.207564861396,PVC,2009.0,9.35,5,3,0,0,,
22,300,71.1133640003301,PVC,2002.0,9.35,7,3,0,0,,
22,300,9.57079358827795,PVC,2002.0,9.35,6,3,0,0,,
19,300,49.4881789983242,PVC,2005.0,9.35,6,1,0,0,,
19,300,10.2539235399343,PVC,2005.0,9.35,6,1,0,0,,
55,450,16.4182493629188,DI,1969.0,8.5,6,2,0,0,,
72,150,11.426581230832,CI,1952.0,7.75,7,1,0,0,,
72,150,88.5671932986581,CI,1952.0,7.75,7,1,0,0,,
59,150,17.5722382484583,DI,1965.0,8.5,5,1,1,1,-80.4467585786178,43.460197089236
59,150,85.0923377066342,DI,1965.0,6.5,5,1,1,1,-80.4467585786178,43.460197089236
52,150,7.31549765996595,DI,1972.0,8.5,6,1,0,0,,
52,150,161.388053190741,DI,1972.0,8.5,6,1,0,0,,
52,150,186.250726082835,DI,1972.0,8.5,6,1,0,0,,
52,150,8.52844701518979,DI,1972.0,8.5,6,1,0,0,,
66,150,94.6720194630413,CI,1958.0,7.75,6,1,0,0,,
56,150,9.12696709112736,DI,1968.0,8.5,6,3,3,1,-80.5322038371804,43.4420608948539
56,150,173.513634960403,DI,1968.0,5.7,6,3,3,1,-80.5322038371804,43.4420608948539
56,150,313.680994145496,DI,1968.0,8.5,6,3,3,1,-80.5322038371804,43.4420608948539
56,150,9.48867601432102,DI,1968.0,8.5,6,3,3,1,-80.5322038371804,43.4420608948539
71,150,222.080633620991,CI,1953.0,7.75,5,1,0,0,,
71,150,13.2256522854044,CI,1953.0,7.75,5,1,0,0,,
49,150,4.39978553620695,AC,1975.0,8.7,4,1,0,0,,
49,150,205.246871929361,AC,1975.0,8.7,5,1,0,0,,
17,450,8.91534091291472,PVC,2007.0,9.35,7,0,0,0,,
17,450,148.736465908557,PVC,2007.0,9.35,8,0,0,0,,
55,450,1.29484176611807,DI,1969.0,8.5,0,1,0,0,,
55,450,15.7794717439832,DI,1969.0,8.5,0,2,0,0,,
14,200,5.46976635662735,PVC,2010.0,9.35,6,0,0,0,,
40,300,152.701535264817,DI,1984.0,9.1,7,1,0,0,,
40,300,2.02551273457849,DI,1984.0,9.1,0,1,0,0,,
72,150,85.3581763213241,CI,1952.0,7.3,5,1,0,0,,
18,150,99.0334255432141,PVC,2006.0,9.35,5,0,0,0,,
18,150,11.1005055289722,PVC,2006.0,9.35,5,0,0,0,,
18,150,171.835619684158,PVC,2006.0,9.35,5,0,0,0,,
30,300,25.4802523026395,DI,1994.0,9.1,7,1,0,0,,
37,150,95.6705806096091,DI,1987.0,9.1,5,3,0,0,,
25,200,136.228292539668,PVC,1999.0,9.35,6,3,0,0,,
25,200,87.0472000330529,PVC,1999.0,9.35,6,3,0,0,,
25,200,7.49647405064062,PVC,1999.0,9.35,6,3,0,0,,
33,150,15.026365080297,DI,1991.0,9.1,6,1,0,0,,
33,150,12.4504166424903,DI,1991.0,9.1,6,1,0,0,,
33,150,249.041655365963,DI,1991.0,9.1,6,1,0,0,,
24,200,144.282008880452,PVC,2000.0,9.35,6,6,0,0,,
39,300,73.2316123317844,DI,1985.0,9.1,6,0,0,0,,
39,300,9.96265681499576,DI,1985.0,9.1,6,0,0,0,,
49,300,30.2684876712665,DI,1975.0,8.5,6,0,0,0,,
49,300,7.62244564363996,DI,1975.0,8.5,6,0,0,0,,
49,200,85.2252463057976,DI,1975.0,8.5,6,1,2,1,-80.4839803708363,43.4607948283607
64,150,9.06405985340987,CI,1960.0,3.83,5,1,2,1,-80.449994131838,43.4503445058554
64,150,84.493508558125,CI,1960.0,5.75,5,1,2,1,-80.449994131838,43.4503445058554
24,200,29.1857785714412,PVC,2000.0,9.35,6,6,0,0,,
13,150,128.058865912806,PVC,2011.0,7.75,7,1,2,1,-80.4789354452969,43.4412556181755
13,150,98.2378945014282,PVC,2011.0,9.35,6,1,2,1,-80.4789354452969,43.4412556181755
12,150,220.616021964575,PVC,2012.0,9.35,6,1,0,0,,
12,150,199.893932706184,PVC,2012.0,9.35,7,1,0,0,,
12,150,5.08080501716503,PVC,2012.0,9.35,7,1,0,0,,
11,150,113.676358893377,PVC,2013.0,9.35,5,1,0,0,,
11,150,46.5058604833751,PVC,2013.0,9.35,6,1,0,0,,
60,200,16.7754380164645,CI,1964.0,7.85,5,7,3,1,-80.463163574482,43.481677998695
11,150,10.8006320534146,PVC,2013.0,9.35,6,1,0,0,,
11,150,39.2821381304415,PVC,2013.0,9.35,6,1,0,0,,
11,150,27.2312037141169,PVC,2013.0,9.35,6,1,0,0,,
11,150,5.4215853069241,PVC,2013.0,9.35,6,1,0,0,,
9,200,62.8379692210488,PVC,2015.0,9.35,0,2,0,0,,
44,150,11.0675558275312,DI,1980.0,8.5,6,0,0,0,,
44,150,183.321803371085,DI,1980.0,8.5,6,0,0,0,,
48,150,72.5191366586721,PVC,1976.0,6.5,6,1,1,1,-80.4385142980483,43.4650632209623
48,150,13.1644732226508,PVC,1976.0,9.35,6,1,1,1,-80.4385142980483,43.4650632209623
53,200,10.9189714997772,DI,1971.0,8.5,6,1,0,0,,
53,200,73.828472362981,DI,1971.0,8.5,6,1,0,0,,
21,150,4.85725380094686,PVC,2003.0,9.35,5,3,0,0,,
21,150,83.4277400821937,PVC,2003.0,9.35,5,3,0,0,,
21,150,5.18894355445366,PVC,2003.0,9.35,5,3,0,0,,
73,150,201.442777334882,CI,1951.0,3.25,6,1,7,1,-80.479171995521,43.4618531228383
36,150,5.41913347331654,DI,1988.0,9.1,5,1,0,0,,
36,150,1.14449900995497,DI,1988.0,9.1,0,1,0,0,,
36,150,138.441493642382,DI,1988.0,9.1,5,1,0,0,,
36,150,15.6125116864722,DI,1988.0,9.1,5,1,0,0,,
45,150,5.82407907944094,DI,1979.0,8.5,6,5,0,0,,
45,150,139.34893926377,DI,1979.0,8.5,6,5,0,0,,
45,150,7.74447879690948,DI,1979.0,8.5,6,5,0,0,,
45,150,213.561609713157,DI,1979.0,8.5,6,5,0,0,,
29,300,132.118493102285,PVC,1995.0,9.35,6,1,0,0,,
29,300,4.58207376775466,DI,1995.0,9.1,6,1,0,0,,
57,150,12.5116123229616,CI,1967.0,7.85,6,1,4,1,-80.4475850112577,43.4220570760057
57,150,11.8760939609597,CI,1967.0,7.85,6,1,4,1,-80.4475850112577,43.4220570760057
57,150,314.570812394814,CI,1967.0,5.45,6,1,4,1,-80.4475850112577,43.4220570760057
17,150,65.4647344256603,PVC,2007.0,9.35,7,1,0,0,,
55,150,26.1291895717426,DI,1969.0,4.58,5,3,3,1,-80.532871162154,43.4396237017718
55,150,11.259432319616,DI,1969.0,8.5,5,3,3,1,-80.532871162154,43.4396237017718
22,150,67.0581742598516,PVC,2002.0,9.35,6,3,0,0,,
22,150,225.70515401851,PVC,2002.0,9.35,6,3,0,0,,
22,150,7.20515656448859,PVC,2002.0,9.35,6,3,0,0,,
18,150,94.2051684555162,PVC,2006.0,9.35,7,1,0,0,,
49,150,3.04733105529306,DI,1975.0,8.5,6,0,0,0,,
47,150,112.567302064021,DI,1977.0,8.5,6,0,0,0,,
47,150,189.729622441314,DI,1977.0,8.5,6,0,0,0,,
47,150,1.21933280057586,DI,1977.0,8.5,6,0,0,0,,
47,150,122.943035730422,DI,1977.0,8.5,6,0,0,0,,
49,150,226.348577297304,DI,1975.0,8.5,6,0,0,0,,
19,300,7.45890000265006,PVC,2005.0,9.35,6,2,0,0,,
19,300,41.1943000152424,PVC,2005.0,9.35,6,2,0,0,,
60,300,135.930911891164,CI,1964.0,7.85,7,1,0,0,,
60,300,3.14613158413167,CI,1964.0,7.85,7,1,0,0,,
19,300,66.129522748699,PVC,2005.0,9.35,6,3,0,0,,
21,600,182.430777855078,CPP,2003.0,9.55,8,1,0,0,,
20,300,133.630908919364,PVC,2004.0,9.35,7,1,0,0,,
30,300,4.41676822985313,DI,1994.0,9.1,6,2,1,1,-80.4281345996526,43.3886988677299
30,300,147.362703603512,DI,1994.0,9.1,7,2,0,0,,
30,300,24.8778256134529,DI,1994.0,9.1,6,2,0,0,,
48,200,5.85760955560614,DI,1976.0,8.5,7,1,0,0,,
74,300,195.264793986854,CI,1950.0,7.75,7,1,0,0,,
34,300,6.59581559572705,DI,1990.0,9.1,6,1,0,0,,
75,300,108.817607134249,CI,1949.0,4.5,7,1,1,1,-80.471568800563,43.4508648700633
75,300,9.3981999381562,CI,1949.0,7.75,7,1,1,1,-80.471568800563,43.4508648700633
33,300,35.1001475689804,DI,1991.0,9.1,7,1,0,0,,
59,300,4.52830058765572,DI,1965.0,8.5,7,1,0,0,,
59,300,26.4792290228176,DI,1965.0,8.5,7,1,0,0,,
21,300,21.365155441257,PVC,2003.0,9.35,8,1,0,0,,
30,0,308.296099534613,CI,1994.0,7.75,7,1,0,0,,
45,450,250.218854400289,DI,1979.0,8.5,7,3,0,0,,
52,450,194.400420297894,DI,1972.0,8.5,7,1,0,0,,
32,150,6.54581790994459,PVC,1992.0,9.35,7,3,0,0,,
32,150,76.4248324673697,PVC,1992.0,9.35,6,3,0,0,,
59,300,5.48022944019709,DI,1965.0,8.5,7,1,0,0,,
59,300,175.551394326836,DI,1965.0,8.5,7,1,0,0,,
66,150,12.4930132581246,CI,1958.0,7.75,5,1,2,1,-80.5076476970794,43.4315070738918
66,150,4.1904386248977,CI,1958.0,7.75,0,1,0,0,,
66,150,82.369865390261,CI,1958.0,7.75,5,1,0,0,,
66,150,0.653996430473166,CI,1958.0,7.75,0,1,0,0,,
38,150,12.9971451811469,DI,1986.0,9.1,5,0,0,0,,
38,150,50.4660985984122,DI,1986.0,9.1,5,0,0,0,,
19,300,4.4031484916521,PVC,2005.0,9.35,8,1,1,1,-80.4996019450604,43.4509837228026
72,150,13.4209541777238,CI,1952.0,7.75,6,1,1,1,-80.4649224966241,43.4617914271115
72,150,8.29803692180776,CI,1952.0,7.75,6,1,1,1,-80.4649224966241,43.4617914271115
72,150,91.6054979698383,CI,1952.0,5.3,5,1,1,1,-80.4649224966241,43.4617914271115
38,150,7.13073627760456,DI,1986.0,9.1,5,1,0,0,,
38,150,141.660034685488,DI,1986.0,9.1,5,1,0,0,,
30,150,12.3408946485242,PVC,1994.0,9.35,6,1,0,0,,
30,150,83.7320786165873,PVC,1994.0,9.35,6,1,0,0,,
30,150,1.21387445886144,PVC,1994.0,9.35,7,1,0,0,,
30,150,74.2123071309403,PVC,1994.0,9.35,6,1,0,0,,
30,150,67.9337844725859,PVC,1994.0,9.35,6,1,0,0,,
33,150,9.90601573211679,DI,1991.0,9.1,6,1,0,0,,
33,150,8.2938874563277,DI,1991.0,9.1,6,1,0,0,,
33,150,77.7476748060333,DI,1991.0,9.1,6,1,0,0,,
44,300,120.520103874382,DI,1980.0,8.5,6,7,0,0,,
64,150,201.876256710527,CI,1960.0,6.15,7,1,9,1,-80.4661591423416,43.4657182018731
14,150,81.9005444062776,PVC,2010.0,9.35,8,1,0,0,,
27,150,18.3726653321201,PVC,1997.0,9.35,5,1,2,1,-80.4895185845332,43.4739362799816
39,200,2.30546345851941,DI,1985.0,9.1,6,3,1,1,-80.5369140082192,43.4390236926073
39,200,97.2226360254811,DI,1985.0,9.1,6,3,1,1,-80.5369140082192,43.4390236926073
39,200,5.99548323390921,DI,1985.0,9.1,6,3,1,1,-80.5369140082192,43.4390236926073
92,150,163.242002292001,CI,1932.0,7.75,5,1,0,0,,
27,300,42.8942567472355,PVC,1997.0,9.35,7,3,0,0,,
13,150,186.080745226041,PVC,2011.0,9.35,5,1,0,0,,
27,200,8.82560004021778,PVC,1997.0,9.35,6,2,0,0,,
27,200,12.2450986578299,PVC,1997.0,9.35,6,2,0,0,,
30,200,194.835903240898,PVC,1994.0,9.35,6,2,0,0,,
30,200,118.529906703483,PVC,1994.0,9.35,6,2,0,0,,
36,300,6.38495999050124,DI,1988.0,9.1,6,1,0,0,,
36,300,123.085101752394,DI,1988.0,9.1,6,1,0,0,,
48,150,11.4085815634595,DI,1976.0,8.5,5,1,0,0,,
48,150,75.6536416832444,DI,1976.0,8.5,5,1,0,0,,
64,150,48.0655009499519,CI,1960.0,7.75,6,1,0,0,,
64,150,19.8395582567618,CI,1960.0,7.75,6,1,0,0,,
59,150,76.0036485033217,DI,1965.0,8.5,5,1,0,0,,
23,150,12.2021479689642,PVC,2001.0,9.35,6,1,0,0,,
23,150,126.079355120591,PVC,2001.0,9.35,6,1,0,0,,
23,150,144.316539160822,PVC,2001.0,9.35,6,1,0,0,,
23,150,139.211878746076,PVC,2001.0,9.35,6,1,0,0,,
23,150,12.3077941230345,PVC,2001.0,9.35,7,1,0,0,,
49,150,1.52060493299018,DI,1975.0,8.5,7,0,0,0,,
49,150,219.027912797563,DI,1975.0,6.9,7,0,2,1,-80.5364323365234,43.4187201904885
49,150,8.0233667149049,DI,1975.0,8.5,6,0,2,1,-80.5364323365234,43.4187201904885
49,150,179.330439213893,DI,1975.0,8.5,6,0,2,1,-80.5364323365234,43.4187201904885
49,300,113.964219486492,DI,1975.0,8.5,7,3,0,0,,
65,150,200.361844565767,CI,1959.0,6.15,5,1,2,1,-80.456115839577,43.4596020195067
65,150,7.77443054131729,CI,1959.0,7.75,5,1,2,1,-80.456115839577,43.4596020195067
39,200,66.998796819092,DI,1985.0,9.1,7,0,0,0,,
39,200,10.8620841467792,DI,1985.0,9.1,7,0,0,0,,
71,200,263.877420439795,CI,1953.0,7.75,6,1,0,0,,
71,200,7.56824051418382,CI,1953.0,7.75,6,1,0,0,,
30,150,38.5065681655417,PVC,1994.0,9.35,5,0,0,0,,
43,200,7.17692441068526,DI,1981.0,8.5,6,1,0,0,,
43,200,95.740044491707,DI,1981.0,8.5,5,1,0,0,,
26,200,115.117353694836,PVC,1998.0,9.35,5,4,0,0,,
26,200,11.1425979564851,PVC,1998.0,9.35,5,4,0,0,,
27,150,13.6678083270091,PVC,1997.0,9.35,6,3,0,0,,
28,150,249.135314936252,PVC,1996.0,9.35,6,3,0,0,,
27,150,122.946125181986,PVC,1997.0,9.35,6,3,0,0,,
28,150,13.7991953348532,PVC,1996.0,9.35,6,3,0,0,,
45,750,168.089984900147,CPP,1979.0,9.15,7,1,0,0,,
45,750,157.773299357501,CPP,1979.0,9.15,6,1,0,0,,
16,150,6.51439290225208,PVC,2008.0,9.35,6,1,0,0,,
16,150,80.5245338038835,PVC,2008.0,9.35,6,1,0,0,,
53,150,7.62172605121554,CI,1971.0,7.85,6,1,2,1,-80.4716180892955,43.4175201347334
53,150,1.77861811516194,CI,1971.0,7.85,0,1,2,1,-80.4716180892955,43.4175201347334
53,150,175.380529429201,CI,1971.0,7.85,6,1,2,1,-80.4716180892955,43.4175201347334
53,150,190.607433309664,CI,1971.0,7.85,6,1,2,1,-80.4716180892955,43.4175201347334
53,150,321.771498164413,CI,1971.0,6.65,6,1,2,1,-80.4716180892955,43.4175201347334
12,150,10.5940246216368,PVC,2012.0,9.35,6,1,0,0,,
12,150,0.994316595892316,PVC,2012.0,9.35,6,1,0,0,,
12,150,6.11152992758254,PVC,2012.0,9.35,6,1,0,0,,
27,150,13.3067496526362,PVC,1997.0,9.35,6,1,0,0,,
12,150,14.031378507096,PVC,2012.0,9.35,0,1,0,0,,
12,150,51.1025261280102,PVC,2012.0,9.35,6,1,0,0,,
60,150,0.353933778418911,CI,1964.0,7.85,0,1,0,0,,
60,150,1.27496004519389,CI,1964.0,7.85,0,1,0,0,,
60,150,1.30578079176377,CI,1964.0,7.85,6,1,0,0,,
60,150,0.2299869781272,CI,1964.0,7.85,0,1,0,0,,
12,300,6.09914981814695,PVC,2012.0,9.35,8,1,0,0,,
12,300,11.2315781083395,PVC,2012.0,9.35,7,1,0,0,,
12,150,12.1218695858575,PVC,2012.0,9.35,8,1,0,0,,
48,300,8.93396180545908,DI,1976.0,8.5,8,1,0,0,,
13,200,16.7009268281395,PVC,2011.0,9.35,6,2,0,0,,
13,200,7.51403902584877,PVC,2011.0,9.35,6,2,0,0,,
35,300,8.19947947656366,DI,1989.0,9.1,8,1,0,0,,
35,300,23.7126836249883,DI,1989.0,9.1,8,1,0,0,,
59,300,12.4310327810632,DI,1965.0,8.5,7,1,1,1,-80.4570576780868,43.4380805453242
59,300,134.765197583528,DI,1965.0,7.3,7,1,1,1,-80.4570576780868,43.4380805453242
13,300,7.58614999359491,PVC,2011.0,9.35,6,2,0,0,,
13,300,86.1292367659594,PVC,2011.0,9.35,6,2,0,0,,
55,450,290.24305316,AC,1969.0,8.7,7,1,0,0,,
55,450,2.13387729717525,AC,1969.0,8.7,0,1,0,0,,
55,450,17.4850564668108,AC,1969.0,8.7,7,1,0,0,,
23,300,4.91907615927519,PVC,2001.0,9.35,7,2,0,0,,
23,300,60.485949723794,PVC,2001.0,9.35,7,2,0,0,,
23,300,18.2980930528503,PVC,2001.0,9.35,7,2,0,0,,
58,600,19.9363464868827,CI,1966.0,4.05,8,1,1,1,-80.4570576780868,43.4380805453242
57,300,2.26541821382439,DI,1967.0,8.5,7,1,1,1,-80.4701743132387,43.4307126826792
57,300,80.3211226294604,DI,1967.0,8.5,8,1,1,1,-80.4701743132387,43.4307126826792
49,300,1.1472120640809,DI,1975.0,8.5,0,3,0,0,,
49,300,9.4846296884342,DI,1975.0,8.5,7,3,0,0,,
49,300,9.93298657181631,DI,1975.0,8.5,6,3,1,1,-80.5411093289125,43.4434380726006
49,300,100.742630034648,DI,1975.0,6.9,7,3,0,0,,
49,300,51.7830913045022,DI,1975.0,8.5,7,3,0,0,,
13,450,25.7614996812578,PVC,2011.0,9.35,6,2,0,0,,
13,450,1.47978924513799,PVC,2011.0,9.35,0,2,0,0,,
37,300,72.2263620285594,DI,1987.0,9.1,7,1,0,0,,
11,150,14.0782397457335,PVC,2013.0,9.35,6,1,0,0,,
67,150,0.599938663836798,CI,1957.0,7.75,7,1,7,1,-80.4718048430121,43.4689796415678
67,150,11.0587234787877,CI,1957.0,3.83,7,1,7,1,-80.4718048430121,43.4689796415678
67,150,92.1192468912947,CI,1957.0,1.7,7,1,7,1,-80.4718048430121,43.4689796415678
108,100,306.630367009972,CI,1916.0,3.85,6,1,2,1,-80.4857453119501,43.4601196215637
58,150,12.3387228724464,DI,1966.0,8.5,6,1,7,1,-80.5152458842391,43.433058613904
58,150,208.132080229128,DI,1966.0,4.9,6,1,7,1,-80.5152458842391,43.433058613904
58,150,2.99068919241901,DI,1966.0,4.58,6,1,5,1,-80.515661961213,43.433684127173
26,150,12.3586105668984,PVC,1998.0,9.35,6,5,0,0,,
26,150,4.11570551381843,PVC,1998.0,9.35,0,5,0,0,,
26,150,31.4633559289975,PVC,1998.0,9.35,6,5,0,0,,
26,150,146.548673702347,PVC,1998.0,9.35,6,5,0,0,,
22,300,0.30422097269603,PVC,2002.0,9.35,0,0,0,0,,
21,300,105.874914699053,PVC,2003.0,9.35,6,0,1,1,-80.5567056631554,43.4219053222802
22,300,10.1042548569188,PVC,2002.0,9.35,7,0,1,1,-80.5567056631554,43.4219053222802
29,200,1.26940773604328,PVC,1995.0,9.35,0,1,0,0,,
29,200,38.0323040903925,PVC,1995.0,9.35,6,1,0,0,,
29,200,13.6537082203889,PVC,1995.0,9.35,6,1,0,0,,
37,150,7.61028567223759,DI,1987.0,9.1,7,1,0,0,,
37,150,5.97167889318782,DI,1987.0,9.1,6,1,0,0,,
37,150,160.305826266202,DI,1987.0,9.1,6,1,0,0,,
37,150,160.162178132521,DI,1987.0,9.1,6,1,0,0,,
60,200,194.366993886072,DI,1964.0,6.1,6,1,2,1,-80.4508046489464,43.4551921089424
60,200,12.8578752823598,DI,1964.0,8.5,6,1,2,1,-80.4508046489464,43.4551921089424
36,150,1.10924161668695,DI,1988.0,9.1,0,1,0,0,,
36,150,6.88473322092385,DI,1988.0,9.1,6,1,0,0,,
36,150,71.3451191691232,DI,1988.0,9.1,6,1,0,0,,
36,150,18.0397324763091,DI,1988.0,9.1,6,1,0,0,,
30,150,9.67260527416567,PVC,1994.0,9.35,7,0,0,0,,
30,150,83.5504705279547,PVC,1994.0,9.35,6,0,0,0,,
30,150,142.584552415211,PVC,1994.0,9.35,6,0,0,0,,
30,150,21.3505135106405,PVC,1994.0,9.35,6,0,0,0,,
44,200,8.3815285300718,DI,1980.0,8.5,6,0,0,0,,
44,200,130.541528928604,DI,1980.0,8.5,6,0,0,0,,
14,150,5.0481396818555,PVC,2010.0,9.35,6,1,0,0,,
14,150,76.4108205212071,PVC,2010.0,9.35,6,1,0,0,,
13,150,12.2833598581065,PVC,2011.0,9.35,5,1,0,0,,
12,150,158.695296564269,PVC,2012.0,5.75,5,1,0,0,,
92,150,12.4921086527816,CI,1932.0,7.75,5,1,0,0,,
92,150,193.833911966067,CI,1932.0,7.75,5,1,0,0,,
92,150,4.18034718172514,CI,1932.0,7.75,5,1,0,0,,
18,200,158.128434286979,PVC,2006.0,9.35,6,3,0,0,,
18,200,7.68973950166242,PVC,2006.0,9.35,6,3,0,0,,
72,450,102.756800426116,AC,1952.0,8.5,7,3,0,0,,
43,300,79.2436584008604,DI,1981.0,8.5,6,1,0,0,,
25,600,161.312316596357,PVC,1999.0,9.35,7,3,0,0,,
25,600,78.8525375076756,PVC,1999.0,9.35,0,3,0,0,,
49,450,435.44901528066,DI,1975.0,8.5,8,1,0,0,,
59,450,3.15224170491368,DI,1965.0,8.5,8,1,0,0,,
27,300,13.7599129554565,PVC,1997.0,9.35,6,2,0,0,,
27,300,5.70822330323715,PVC,1997.0,9.35,6,2,0,0,,
27,300,80.0425217654051,PVC,1997.0,9.35,6,2,0,0,,
18,150,41.6633812992965,PVC,2006.0,9.35,5,1,0,0,,
37,150,121.69682492133,DI,1987.0,9.1,5,2,0,0,,
101,150,129.312548024984,CI,1923.0,7.75,6,1,0,0,,
22,300,245.476998275746,PVC,2002.0,9.35,7,3,0,0,,
17,150,139.14915938517,PVC,2007.0,9.35,5,4,0,0,,
17,150,12.2828229442318,PVC,2007.0,9.35,5,4,0,0,,
19,150,8.76009635708098,PVC,2005.0,9.35,6,1,0,0,,
19,150,204.13289811798,PVC,2005.0,9.35,6,1,0,0,,
19,150,1.15187422909582,PVC,2005.0,9.35,0,1,0,0,,
19,150,5.49989417525149,PVC,2005.0,9.35,0,1,0,0,,
19,300,7.49979626469893,PVC,2005.0,9.35,6,3,0,0,,
19,300,35.1803371720395,PVC,2005.0,9.35,6,3,0,0,,
24,300,21.7619975500329,PVC,2000.0,9.35,7,5,2,1,-80.4191162801847,43.4260876927455
24,300,0.66710850735518,PVC,2000.0,9.35,0,1,5,1,-80.4189661503071,43.4250620931865
64,300,64.6204842057906,CI,1960.0,7.75,6,1,0,0,,
64,300,1.05722392669425,CI,1960.0,7.75,7,1,0,0,,
75,300,8.02879012456808,CI,1949.0,7.75,7,1,0,0,,
56,150,19.1350344012819,DI,1968.0,8.5,7,1,1,1,-80.5015293013007,43.4191943867622
56,450,40.3032328743581,DI,1968.0,8.5,7,1,3,1,-80.4844724587781,43.4758387261803
21,300,79.4154244381289,PVC,2003.0,9.35,8,1,1,1,-80.4899891320914,43.4526934751129
21,300,79.8501011113268,PVC,2003.0,6.95,8,1,1,1,-80.4899891320914,43.4526934751129
21,300,10.2703230071143,PVC,2003.0,9.35,7,1,0,0,,
21,300,5.37405943079802,PVC,2003.0,9.35,7,2,0,0,,
21,300,9.10847524930032,PVC,2003.0,9.35,0,2,0,0,,
21,300,106.074264286003,PVC,2003.0,9.35,7,2,0,0,,
21,300,145.226678048572,PVC,2003.0,9.35,7,2,0,0,,
21,300,85.2452690288975,PVC,2003.0,9.35,7,2,0,0,,
95,300,404.176356168422,CI,1929.0,6.9,7,1,2,1,-80.4794302992317,43.4626670101834
97,150,2.73657395201072,CI,1927.0,7.75,7,1,0,0,,
50,300,3.63967680619601,DI,1974.0,8.5,7,1,0,0,,
48,200,239.951066711253,DI,1976.0,6.1,6,1,4,1,-80.4851390435598,43.4577660799576
14,300,22.6586311530358,PVC,2010.0,9.35,7,1,0,0,,
14,300,14.5898078353169,PVC,2010.0,9.35,7,1,0,0,,
18,600,300.146145287467,CPP,2006.0,9.15,9,1,0,0,,
47,750,50.6370895558208,CPP,1977.0,9.15,7,1,0,0,,
33,300,8.17154387820317,DI,1991.0,9.1,7,1,0,0,,
33,300,5.20015240187913,DI,1991.0,9.1,7,1,0,0,,
33,300,7.01663751507687,DI,1991.0,9.1,7,1,0,0,,
46,300,64.0363541617048,DI,1978.0,8.5,6,1,0,0,,
34,300,51.7062955551392,DI,1990.0,9.1,6,1,0,0,,
34,300,20.5304256645896,DI,1990.0,9.1,6,1,0,0,,
34,300,77.4988801429824,DI,1990.0,9.1,6,1,0,0,,
34,300,119.363470961067,DI,1990.0,9.1,6,1,0,0,,
15,300,8.2384383596686,PVC,2009.0,9.35,7,0,0,0,,
16,300,0.432518878419079,PVC,2008.0,9.35,7,3,0,0,,
16,450,0.902164907365821,PVC,2008.0,9.35,7,3,0,0,,
37,750,70.3165522768017,CPP,1987.0,9.35,10,1,0,0,,
23,200,1.30356814953497,PVC,2001.0,9.35,0,3,0,0,,
23,200,0.877685866753042,PVC,2001.0,9.35,0,3,0,0,,
23,200,18.7866727372667,PVC,2001.0,9.35,7,3,0,0,,
11,450,43.2706958679419,PVC,2013.0,9.35,6,2,0,0,,
11,450,213.848827537649,PVC,2013.0,9.35,7,2,0,0,,
11,150,1.5656205735257,PVC,2013.0,9.35,7,2,0,0,,
47,600,7.47308176742991,DI,1977.0,8.5,7,1,0,0,,
47,600,11.0086587888959,DI,1977.0,8.5,7,1,0,0,,
13,300,4.94924798900185,PVC,2011.0,9.35,8,1,0,0,,
12,300,35.41460506704,PVC,2012.0,9.35,6,1,0,0,,
18,600,8.47919241566303,PVC,2006.0,9.35,7,0,0,0,,
18,450,12.733698164464,PVC,2006.0,9.35,6,0,0,0,,
23,150,10.3224408453298,PVC,2001.0,9.35,7,1,0,0,,
23,150,95.6030103424304,PVC,2001.0,7.35,7,1,0,0,,
62,200,52.3707699587148,CI,1962.0,5.05,6,3,3,1,-80.5183611148016,43.426112791296
62,200,116.149267564042,CI,1962.0,4.65,6,3,3,1,-80.5183611148016,43.426112791296
50,300,15.7225447734414,DI,1974.0,8.5,6,1,0,0,,
44,150,6.30907090463604,DI,1980.0,8.5,6,3,0,0,,
44,150,4.75046313007274,DI,1980.0,8.5,0,3,0,0,,
44,150,11.1460598022415,DI,1980.0,8.5,6,3,0,0,,
45,200,3.71800453997882,DI,1979.0,8.5,0,5,0,0,,
45,200,5.32927996764638,DI,1979.0,8.5,6,5,0,0,,
45,200,10.0586811063622,DI,1979.0,8.5,6,5,0,0,,
45,200,152.706805301895,DI,1979.0,8.5,6,5,0,0,,
78,150,8.66949381769237,CI,1946.0,7.75,7,1,0,0,,
51,150,120.252778025204,DI,1973.0,8.5,5,3,0,0,,
51,150,13.9564398560149,DI,1973.0,8.5,5,3,0,0,,
56,150,72.3800111713923,DI,1968.0,8.5,5,1,0,0,,
56,150,12.4968028053226,DI,1968.0,8.5,5,1,0,0,,
23,300,13.8498403594217,PVC,2001.0,9.35,7,2,0,0,,
23,300,70.1220788100002,PVC,2001.0,9.35,7,2,0,0,,
23,300,8.87194146915892,PVC,2001.0,9.35,7,2,0,0,,
22,150,8.01442261811335,PVC,2002.0,9.35,6,1,0,0,,
22,150,5.67250470558823,PVC,2002.0,9.35,6,1,2,1,-80.4731975794538,43.4585997486419
18,150,6.66244405853385,PVC,2006.0,9.35,6,0,0,0,,
18,150,2.35864597821739,PVC,2006.0,9.35,6,0,0,0,,
37,150,106.272201194218,DI,1987.0,9.1,5,3,0,0,,
21,150,10.4862782187588,PVC,2003.0,9.35,6,3,0,0,,
21,150,132.364210139215,PVC,2003.0,9.35,6,3,0,0,,
62,150,2.03108030374247,CI,1962.0,7.85,5,1,4,1,-80.4621604785223,43.4448864167595
62,150,341.885344082246,CI,1962.0,7.05,5,1,4,1,-80.4621604785223,43.4448864167595
62,150,92.1454557029933,CI,1962.0,7.85,5,1,4,1,-80.4621604785223,43.4448864167595
62,150,7.621228384334,CI,1962.0,7.85,5,1,4,1,-80.4621604785223,43.4448864167595
18,600,0.331633834223782,CPP,2006.0,9.55,0,1,1,1,-80.5156778596301,43.4415014582893
18,600,15.4696113706983,CPP,2006.0,9.55,7,1,1,1,-80.5156778596301,43.4415014582893
39,150,71.6685202728778,DI,1985.0,9.1,7,1,0,0,,
39,150,2.82840212960712,DI,1985.0,9.1,7,1,0,0,,
23,200,13.2289851520714,PVC,2001.0,9.35,6,1,1,1,-80.4733497303023,43.4721678261305
23,200,47.3021299856287,PVC,2001.0,9.35,7,1,1,1,-80.4733497303023,43.4721678261305
15,300,6.51633700892548,PVC,2009.0,9.35,7,1,0,0,,
17,300,116.094542617975,PVC,2007.0,9.35,7,1,0,0,,
17,300,0.988485801617502,PVC,2007.0,9.35,7,1,0,0,,
22,150,173.77931121201,PVC,2002.0,9.35,6,1,1,1,-80.5213510921832,43.4326439570719
22,150,0.754939467397446,PVC,2002.0,9.35,6,1,0,0,,
50,450,20.4050069470156,DI,1974.0,8.5,7,1,0,0,,
14,200,14.766165714267,PVC,2010.0,9.35,6,1,0,0,,
14,200,99.2006551526533,PVC,2010.0,9.35,7,1,0,0,,
14,200,37.5187903908729,PVC,2010.0,9.35,8,1,0,0,,
46,450,94.3222894635067,DI,1978.0,8.5,6,0,0,0,,
36,150,4.554341612205,DI,1988.0,9.1,5,1,0,0,,
36,150,205.36305911881,DI,1988.0,9.1,5,1,0,0,,
99,150,20.1789250668818,CI,1925.0,7.75,7,1,4,1,-80.4741232551701,43.4424583236709
99,150,57.0882462403856,CI,1925.0,3.83,7,1,4,1,-80.4741232551701,43.4424583236709
28,300,7.67297308730748,PVC,1996.0,9.35,6,5,0,0,,
28,300,1.60823480832091,PVC,1996.0,9.35,6,5,0,0,,
48,300,121.27168455196,DI,1976.0,8.5,6,3,0,0,,
48,300,7.93549035710067,DI,1976.0,8.5,6,3,0,0,,
73,450,323.197169544347,CI,1951.0,5.1,7,1,1,1,-80.5008590669923,43.4343424488955
61,100,12.5186883232283,CI,1963.0,7.85,5,1,0,0,,
61,100,61.4895505561226,CI,1963.0,7.85,5,1,0,0,,
61,100,11.7573409912815,CI,1963.0,7.85,0,1,0,0,,
38,200,81.483993938407,DI,1986.0,9.1,6,1,0,0,,
38,200,6.97008921575684,DI,1986.0,9.1,6,1,0,0,,
9,300,26.4818348456221,PVC,2015.0,9.35,0,2,0,0,,
9,300,19.9747707882899,PVC,2015.0,9.35,0,2,0,0,,
50,300,253.304120362932,DI,1974.0,8.5,6,3,0,0,,
50,300,12.0628681086486,DI,1974.0,8.5,6,3,0,0,,
29,150,7.88687557939357,PVC,1995.0,9.35,7,1,0,0,,
29,300,4.86307617319605,Other,1995.0,9.35,6,1,0,0,,
29,150,108.723092373209,PVC,1995.0,9.35,6,1,0,0,,
48,150,10.6680856089978,DI,1976.0,8.5,6,2,0,0,,
48,150,10.6659797707661,DI,1976.0,8.5,6,2,0,0,,
48,150,276.56468382874,DI,1976.0,8.5,6,2,0,0,,
48,150,170.528427128374,DI,1976.0,8.5,6,2,0,0,,
20,200,162.416993607577,PVC,2004.0,9.35,6,1,0,0,,
20,200,7.66443692119773,PVC,2004.0,9.35,6,1,0,0,,
66,150,12.5996228261238,CI,1958.0,7.75,6,1,5,1,-80.4513749447578,43.4406625429507
66,150,91.2569811827488,CI,1958.0,3.95,6,1,5,1,-80.4513749447578,43.4406625429507
22,250,10.7731095420939,PVC,2002.0,9.35,6,2,0,0,,
22,250,6.90760305769704,PVC,2002.0,9.35,6,2,0,0,,
22,250,46.0347255538201,PVC,2002.0,9.35,6,2,0,0,,
22,250,114.66085514889,PVC,2002.0,9.35,6,2,0,0,,
29,150,12.3507520773568,DI,1995.0,9.1,6,1,0,0,,
29,150,60.0096118617021,DI,1995.0,9.1,6,1,0,0,,
29,150,7.58488830613758,DI,1995.0,9.1,5,1,0,0,,
72,150,6.17190699932977,CI,1952.0,7.75,6,1,0,0,,
72,150,81.7648658482245,CI,1952.0,7.75,6,1,0,0,,
59,150,76.6199706222975,DI,1965.0,8.5,5,1,0,0,,
59,150,13.2921092655787,DI,1965.0,8.5,5,1,0,0,,
23,150,71.7639507087326,PVC,2001.0,9.35,6,3,0,0,,
23,150,7.39020221604395,PVC,2001.0,9.35,6,3,0,0,,
35,300,15.066302900042,DI,1989.0,5.3,6,1,1,1,-80.4190782570756,43.4140025428439
35,300,92.8539698900254,DI,1989.0,9.1,6,1,1,1,-80.4190782570756,43.4140025428439
59,150,0.82758686676346,DI,1965.0,8.5,7,1,0,0,,
59,150,123.726640298024,DI,1965.0,5.25,7,1,1,1,-80.4485061575616,43.4579698821942
46,150,150.280755371187,DI,1978.0,8.5,5,1,0,0,,
46,150,6.17823798802296,DI,1978.0,8.5,5,1,0,0,,
19,200,85.9851007099672,PVC,2005.0,9.35,6,1,0,0,,
19,200,14.0498282010041,PVC,2005.0,9.35,6,1,0,0,,
48,300,12.6604005486005,DI,1976.0,8.5,7,2,0,0,,
48,300,246.078085563082,DI,1976.0,8.5,7,2,0,0,,
45,150,6.05321706095865,DI,1979.0,8.5,5,2,0,0,,
45,150,226.373993732767,DI,1979.0,8.5,5,2,0,0,,
45,150,14.1644776871768,DI,1979.0,8.5,5,2,0,0,,
17,300,11.6256119595419,PVC,2007.0,9.35,8,1,0,0,,
17,300,8.67011055400422,PVC,2007.0,9.35,7,1,0,0,,
17,300,350.897585348086,PVC,2007.0,9.35,8,1,0,0,,
94,300,39.4596214821292,CI,1930.0,7.75,6,1,0,0,,
31,150,132.702419456343,DI,1993.0,9.1,5,2,0,0,,
31,150,9.04614504492477,DI,1993.0,9.1,5,2,0,0,,
45,750,73.0082999170792,CPP,1979.0,9.15,6,1,0,0,,
19,150,12.5366740337518,PVC,2005.0,9.35,6,3,0,0,,
19,150,132.821935666801,PVC,2005.0,9.35,6,3,0,0,,
19,150,114.05630176984,PVC,2005.0,9.35,6,3,0,0,,
19,150,135.904105770395,PVC,2005.0,9.35,6,3,0,0,,
19,150,75.8489455714877,PVC,2005.0,9.35,6,3,0,0,,
19,150,124.45042287531,PVC,2005.0,9.35,6,3,0,0,,
50,150,93.4664964460592,DI,1974.0,8.5,6,1,0,0,,
50,150,212.098485449579,DI,1974.0,8.5,6,1,0,0,,
35,1200,235.522544917767,CPP,1989.0,9.35,0,10,0,0,,
35,1200,1998.42790969039,CPP,1989.0,8.95,0,10,0,0,,
35,1200,6846.53769931369,CPP,1989.0,8.95,0,10,0,0,,
19,150,36.8544648316001,PVC,2005.0,9.35,5,3,0,0,,
19,150,7.65267806740145,PVC,2005.0,9.35,6,3,0,0,,
99,150,64.4367000420058,CI,1925.0,7.75,6,1,0,0,,
60,150,13.3207584255142,CI,1964.0,3.93,5,3,0,0,,
60,150,78.0943051926905,CI,1964.0,7.85,6,3,0,0,,
16,150,13.308230691757,PVC,2008.0,9.35,6,1,0,0,,
16,150,82.0032693770785,PVC,2008.0,5.75,6,1,0,0,,
62,150,12.6491624376589,CI,1962.0,7.85,0,1,1,1,-80.4498121076511,43.4259984091786
62,150,7.73127037482957,CI,1962.0,7.85,5,1,1,1,-80.4498121076511,43.4259984091786
62,150,160.782100420239,CI,1962.0,6.65,6,1,1,1,-80.4498121076511,43.4259984091786
24,300,51.1515069060663,PVC,2000.0,9.35,7,1,0,0,,
28,300,6.71552601204079,PVC,1996.0,9.35,6,3,0,0,,
28,300,8.79223717261025,PVC,1996.0,9.35,6,3,0,0,,
28,300,150.888278804623,PVC,1996.0,9.35,6,3,0,0,,
28,300,75.9995097027827,PVC,1996.0,9.35,6,3,0,0,,
53,200,175.397473336883,DI,1971.0,6.5,7,1,2,1,-80.4210462266951,43.4276363980229
53,200,5.52706229555313,DI,1971.0,8.5,7,1,2,1,-80.4210462266951,43.4276363980229
53,200,0.738888487137194,DI,1971.0,8.5,7,1,2,1,-80.4210462266951,43.4276363980229
13,150,33.8801965979599,PVC,2011.0,9.35,6,1,0,0,,
13,150,7.79455774239359,PVC,2011.0,9.35,6,1,0,0,,
52,150,5.37628750650331,CI,1972.0,7.75,6,1,0,0,,
21,150,11.016310821909,PVC,2003.0,9.35,6,1,0,0,,
21,150,131.682213010521,PVC,2003.0,9.35,6,1,0,0,,
21,150,12.0310930723178,PVC,2003.0,9.35,6,1,0,0,,
33,300,64.625434224716,DI,1991.0,9.1,7,1,0,0,,
47,150,8.22980064853582,DI,1977.0,8.5,6,1,0,0,,
47,150,136.203981458887,DI,1977.0,8.5,6,1,0,0,,
58,150,85.1414666318821,DI,1966.0,8.5,5,1,0,0,,
58,150,1.01969093361242,DI,1966.0,8.5,5,1,0,0,,
56,300,7.94085546852538,DI,1968.0,8.5,6,3,4,1,-80.5077368952375,43.416538143328
56,300,158.342149250242,DI,1968.0,8.5,6,3,0,0,,
67,150,0.860527288964291,CI,1957.0,7.75,6,1,1,1,-80.5011383425045,43.4315365727353
67,150,89.2221658004908,CI,1957.0,5.3,5,1,0,0,,
21,200,88.241443305827,PVC,2003.0,9.35,6,1,0,0,,
21,200,12.4085988600163,PVC,2003.0,9.35,6,1,0,0,,
63,400,305.603414782734,CI,1961.0,7.75,8,1,0,0,,
35,300,47.1952000686863,DI,1989.0,9.1,7,0,1,1,-80.5392000408656,43.4335525866539
35,300,21.0445929965462,DI,1989.0,9.1,7,0,0,0,,
29,150,12.5779025431561,PVC,1995.0,9.35,6,1,0,0,,
29,150,245.735454688565,PVC,1995.0,9.35,6,1,0,0,,
29,150,12.6203013156097,PVC,1995.0,9.35,6,1,0,0,,
38,150,7.08032610453964,DI,1986.0,9.1,5,0,1,1,-80.5395459637833,43.4113651336849
38,150,148.857235527631,DI,1986.0,9.1,6,0,1,1,-80.5395459637833,43.4113651336849
38,150,125.70432529643,DI,1986.0,9.1,5,0,1,1,-80.5395459637833,43.4113651336849
38,150,106.237177884342,DI,1986.0,9.1,5,0,1,1,-80.5395459637833,43.4113651336849
38,150,137.919403514735,DI,1986.0,9.1,5,0,1,1,-80.5395459637833,43.4113651336849
22,200,1.921799204586,PVC,2002.0,9.35,7,3,0,0,,
22,200,0.528540083896186,PVC,2002.0,9.35,0,3,0,0,,
22,300,16.6528032907695,PVC,2002.0,9.35,7,0,0,0,,
22,300,8.30580736537829,PVC,2002.0,9.35,0,0,0,0,,
22,300,5.99653421197904,PVC,2002.0,9.35,0,3,0,0,,
11,450,10.8338907518436,PVC,2013.0,9.35,6,2,0,0,,
66,300,124.003736502679,CI,1958.0,7.75,7,1,0,0,,
46,600,220.071222625312,DI,1978.0,8.5,6,1,0,0,,
69,150,134.222960683764,CI,1955.0,7.75,6,1,0,0,,
69,150,6.15966204254203,CI,1955.0,7.75,5,1,1,1,-80.4552018013187,43.4576055398552
35,300,71.357945722094,DI,1989.0,9.1,8,1,0,0,,
35,300,52.5733279777787,DI,1989.0,9.1,8,1,0,0,,
35,300,9.36953314135081,DI,1989.0,9.1,8,1,0,0,,
27,600,233.282780095925,CPP,1997.0,9.35,8,3,0,0,,
95,300,9.9414996748156,CI,1929.0,7.75,7,1,0,0,,
24,300,2.93127445267081,PVC,2000.0,9.35,7,1,0,0,,
24,300,154.567899896285,PVC,2000.0,9.35,7,1,0,0,,
24,300,175.941930646511,PVC,2000.0,9.35,7,1,0,0,,
16,300,2.05131807875418,PVC,2008.0,9.35,0,1,0,0,,
16,300,29.8220328993581,PVC,2008.0,9.35,7,1,0,0,,
75,150,76.5967101736882,CI,1949.0,7.75,6,1,0,0,,
60,150,12.0243603426126,CI,1964.0,7.85,6,7,0,0,,
20,250,74.0463629684101,PVC,2004.0,9.35,6,2,0,0,,
20,250,5.21020036631094,PVC,2004.0,9.35,6,2,0,0,,
20,150,27.9433647822701,PVC,2004.0,9.35,6,2,0,0,,
20,150,130.00897667567,PVC,2004.0,9.35,6,2,0,0,,
20,150,8.46126662853073,PVC,2004.0,9.35,6,2,0,0,,
60,150,15.6270040882818,CI,1964.0,7.85,5,7,0,0,,
31,150,146.178007168742,DI,1993.0,9.1,6,1,0,0,,
31,150,8.08464810887769,DI,1993.0,9.1,5,1,0,0,,
11,150,7.07948688672165,PVC,2013.0,9.35,5,1,0,0,,
11,150,4.7967923552762,PVC,2013.0,9.35,5,1,0,0,,
60,150,4.57229924668736,DI,1964.0,8.5,5,7,3,1,-80.463163574482,43.481677998695
44,300,18.396054233114,DI,1980.0,8.5,6,7,0,0,,
73,150,237.594403031508,CI,1951.0,5.5,5,1,0,0,,
73,150,80.9522913977188,CI,1951.0,7.75,6,1,0,0,,
20,150,6.40648222444088,PVC,2004.0,9.35,6,2,0,0,,
20,150,40.1705796278154,PVC,2004.0,9.35,6,2,0,0,,
20,150,3.56314502020793,PVC,2004.0,9.35,6,2,0,0,,
20,150,171.87999178792,PVC,2004.0,9.35,6,2,0,0,,
20,150,8.96081025929996,PVC,2004.0,9.35,6,2,0,0,,
20,150,180.268045246206,PVC,2004.0,9.35,6,2,0,0,,
20,150,136.65571038976,PVC,2004.0,9.35,6,2,0,0,,
20,150,12.6294418907341,PVC,2004.0,9.35,6,2,0,0,,
20,250,138.641090690493,PVC,2004.0,9.35,6,2,0,0,,
20,250,12.5995926614055,PVC,2004.0,9.35,7,2,0,0,,
23,300,5.75726083447136,PVC,2001.0,9.35,7,2,0,0,,
23,300,10.6013779422793,PVC,2001.0,9.35,7,2,0,0,,
23,300,71.3632779742084,PVC,2001.0,9.35,7,2,0,0,,
60,200,101.799747281522,CI,1964.0,7.4,5,7,0,0,,
69,150,1.85269405451711,CI,1955.0,7.75,7,1,1,1,-80.4627303800601,43.4569578029051
69,150,69.2341851374,CI,1955.0,5.35,7,1,1,1,-80.4627303800601,43.4569578029051
70,150,11.5802456070367,CI,1954.0,7.75,6,1,2,1,-80.4630911906437,43.4568596384855
70,150,60.7543414931322,CI,1954.0,4.55,6,1,2,1,-80.4630911906437,43.4568596384855
32,300,0.89269012032319,DI,1992.0,9.1,7,1,1,1,-80.4968054769311,43.4557482065692
32,300,2.43093609325689,DI,1992.0,9.1,7,1,1,1,-80.4968054769311,43.4557482065692
56,300,16.1014195130532,DI,1968.0,8.5,7,1,6,1,-80.502936881436,43.4234799778811
49,300,44.8966064706321,DI,1975.0,5.3,7,1,1,1,-80.4946379884255,43.4516210011051
49,300,8.33242180819784,DI,1975.0,8.5,7,1,1,1,-80.4946379884255,43.4516210011051
49,300,15.1906435737906,DI,1975.0,8.5,7,1,1,1,-80.4946379884255,43.4516210011051
49,300,76.3551081693552,DI,1975.0,8.5,7,1,0,0,,
49,300,3.2850955196784,DI,1975.0,8.5,7,1,0,0,,
61,400,2.57245222591213,CI,1963.0,7.85,7,3,1,1,-80.5224608448573,43.4106967338158
26,300,7.18183168402748,PVC,1998.0,9.35,7,3,1,1,-80.5224608448573,43.4106967338158
26,300,72.6893373573792,PVC,1998.0,9.35,7,3,1,1,-80.5224608448573,43.4106967338158
26,300,144.263491355031,PVC,1998.0,9.35,6,3,1,1,-80.5224608448573,43.4106967338158
26,300,256.84855351145,PVC,1998.0,9.35,7,3,1,1,-80.5224608448573,43.4106967338158
13,150,1.61034425120018,PVC,2011.0,9.35,0,1,0,0,,
13,150,2.83095010679412,PVC,2011.0,9.35,6,1,0,0,,
13,150,195.442497922439,PVC,2011.0,9.35,7,1,0,0,,
49,300,4.35131033075217,DI,1975.0,8.5,7,1,1,1,-80.4946379884255,43.4516210011051
38,150,18.0857627493715,DI,1986.0,9.1,5,1,0,0,,
38,150,52.9579213471333,DI,1986.0,9.1,5,1,0,0,,
20,450,3.45760860244621,PVC,2004.0,9.35,0,12,0,0,,
43,300,109.486346535831,DI,1981.0,8.5,7,7,0,0,,
29,150,11.5400918678731,PVC,1995.0,9.35,6,3,0,0,,
29,150,378.657176988681,PVC,1995.0,9.35,6,3,0,0,,
29,150,9.48538447157626,PVC,1995.0,9.35,6,3,0,0,,
43,300,5.80178457447539,DI,1981.0,8.5,6,7,0,0,,
43,150,3.70331129617076,DI,1981.0,8.5,5,1,2,1,-80.4187572151582,43.4247119760456
43,150,67.1845331558976,DI,1981.0,4.7,5,1,5,1,-80.4189661503071,43.4250620931865
68,150,7.5845099931997,CI,1956.0,7.75,6,1,2,1,-80.4611917388815,43.4582365757806
68,150,96.68775016536,CI,1956.0,7.75,6,1,2,1,-80.4611917388815,43.4582365757806
68,150,108.74601528107,CI,1956.0,6.15,5,1,1,1,-80.4591009117007,43.4589342923012
68,150,1.82874864274261,CI,1956.0,7.75,6,1,1,1,-80.4591009117007,43.4589342923012
73,250,93.0633324721028,CI,1951.0,7.75,5,1,0,0,,
73,250,2.43503343764089,CI,1951.0,7.75,7,1,4,1,-80.4644312319719,43.4515156668284
73,250,97.6278994377806,CI,1951.0,7.75,5,1,0,0,,
73,250,2.13028546443431,CI,1951.0,7.75,6,1,2,1,-80.4623741731143,43.4513648814166
66,150,0.59983371013688,CI,1958.0,7.75,5,1,2,1,-80.4623741731143,43.4513648814166
66,150,0.709417543081862,CI,1958.0,7.75,0,1,2,1,-80.4623741731143,43.4513648814166
66,150,49.7729832871483,CI,1958.0,7.75,5,1,2,1,-80.4623741731143,43.4513648814166
66,150,2.97746351374247,CI,1958.0,7.75,5,1,2,1,-80.4623741731143,43.4513648814166
18,450,1.96085797635096,PVC,2006.0,9.35,0,0,0,0,,
18,450,11.2753243147987,PVC,2006.0,9.35,0,0,0,0,,
18,450,347.305070201589,PVC,2006.0,9.35,7,0,0,0,,
35,200,1.89173368056728,DI,1989.0,9.1,0,0,0,0,,
35,200,14.8794068004222,DI,1989.0,9.1,6,0,0,0,,
35,200,3.83260899065081,DI,1989.0,9.1,6,0,0,0,,
35,200,4.53255971870588,DI,1989.0,9.1,6,0,0,0,,
28,200,67.3529582967271,PVC,1996.0,9.35,6,3,0,0,,
28,200,13.5245010961148,PVC,1996.0,9.35,6,3,0,0,,
28,150,12.2446632307457,PVC,1996.0,9.35,6,3,0,0,,
28,150,16.2070977636168,PVC,1996.0,9.35,6,3,0,0,,
28,150,100.121405310066,PVC,1996.0,9.35,6,3,0,0,,
28,150,43.1225885884022,PVC,1996.0,9.35,6,3,0,0,,
28,150,133.960098023525,PVC,1996.0,9.35,6,3,0,0,,
45,200,14.7124412419613,DI,1979.0,8.5,6,5,0,0,,
38,200,83.6617629377627,DI,1986.0,9.1,6,5,0,0,,
38,200,10.8227336010217,DI,1986.0,9.1,5,5,0,0,,
38,200,197.991164024052,DI,1986.0,9.1,5,5,0,0,,
64,100,13.8115300378101,CI,1960.0,7.75,5,1,1,1,-80.4506675824396,43.4524597417432
64,100,65.5544965669514,CI,1960.0,5.35,5,1,1,1,-80.4506675824396,43.4524597417432
24,300,0.231879969457868,PVC,2000.0,9.35,6,1,3,1,-80.4276929471739,43.4270264912232
24,300,95.2408883947268,PVC,2000.0,9.35,7,1,3,1,-80.4276929471739,43.4270264912232
24,300,5.55414758414928,PVC,2000.0,9.35,7,1,3,1,-80.4276929471739,43.4270264912232
24,300,101.26728371995,PVC,2000.0,9.35,7,1,3,1,-80.4276929471739,43.4270264912232
24,300,94.1110043495053,PVC,2000.0,9.35,7,1,3,1,-80.4276929471739,43.4270264912232
24,300,70.1034699849763,PVC,2000.0,9.35,7,1,3,1,-80.4276929471739,43.4270264912232
24,300,99.5909008167983,PVC,2000.0,9.35,7,1,3,1,-80.4276929471739,43.4270264912232
24,300,211.848573068915,PVC,2000.0,8.95,7,1,3,1,-80.4276929471739,43.4270264912232
24,300,49.4398709461667,PVC,2000.0,5.55,7,1,3,1,-80.4276929471739,43.4270264912232
24,300,79.4409616012845,PVC,2000.0,9.35,7,1,3,1,-80.4276929471739,43.4270264912232
9,200,1.50097830853673,PVC,2015.0,9.35,0,2,0,0,,
9,200,63.8744249532493,PVC,2015.0,9.35,0,2,0,0,,
16,300,5.14204700271344,PVC,2008.0,9.35,7,0,0,0,,
15,300,9.76232791854088,PVC,2009.0,9.35,0,0,0,0,,
20,150,92.5417517077122,PVC,2004.0,9.35,5,2,0,0,,
20,150,8.54160453322055,PVC,2004.0,9.35,6,2,0,0,,
18,150,3.60247228481866,PVC,2006.0,9.35,6,7,0,0,,
28,300,0.752054313054664,PVC,1996.0,9.35,6,3,0,0,,
28,300,5.448675154905,PVC,1996.0,9.35,6,3,0,0,,
28,300,78.939300882012,PVC,1996.0,9.35,6,3,0,0,,
18,50,1.65460835852878,PVC,2006.0,9.35,5,1,5,1,-80.4189661503071,43.4250620931865
18,50,36.6603801732616,PVC,2006.0,9.35,5,1,5,1,-80.4189661503071,43.4250620931865
18,50,3.32772632618896,PVC,2006.0,9.35,5,1,5,1,-80.4189661503071,43.4250620931865
27,150,7.97684809891684,PVC,1997.0,9.35,6,3,0,0,,
27,150,148.236327950442,PVC,1997.0,9.35,6,3,0,0,,
27,150,17.1579331985869,PVC,1997.0,9.35,6,3,0,0,,
27,150,113.695274620293,PVC,1997.0,9.35,6,3,0,0,,
45,300,89.9619644009744,DI,1979.0,5.3,7,1,2,1,-80.4954012664397,43.4502453306233
38,150,6.41720450062871,DI,1986.0,9.1,7,1,0,0,,
38,150,208.343400091812,DI,1986.0,9.1,7,1,0,0,,
38,150,14.2598023788925,DI,1986.0,9.1,6,1,0,0,,
46,300,57.7424466728789,DI,1978.0,8.5,8,1,0,0,,
46,300,72.8732069221878,DI,1978.0,8.5,8,1,0,0,,
29,200,70.8363078347072,PVC,1995.0,9.35,6,3,0,0,,
29,200,14.241676758292,PVC,1995.0,9.35,6,3,0,0,,
23,200,108.222139073909,PVC,2001.0,9.35,7,1,0,0,,
23,200,0.646429593166875,PVC,2001.0,9.35,7,1,0,0,,
101,150,5.64359809502747,CI,1923.0,7.75,6,1,0,0,,
36,300,1.45423640395248,DI,1988.0,9.1,7,1,0,0,,
36,300,88.296891146443,DI,1988.0,9.1,8,1,0,0,,
45,450,16.1418139496536,DI,1979.0,8.5,7,1,0,0,,
25,200,6.68136416352915,PVC,1999.0,9.35,7,1,4,1,-80.4454659052892,43.4347281661005
25,200,13.8118290637392,PVC,1999.0,8.9,7,1,4,1,-80.4454659052892,43.4347281661005
39,300,2.45785718307904,DI,1985.0,9.1,7,1,0,0,,
39,300,60.1957671062023,DI,1985.0,9.1,7,1,0,0,,
11,150,4.2830588055572,PVC,2013.0,9.35,5,3,0,0,,
29,150,1.1760234075621,PVC,1995.0,9.35,6,3,0,0,,
29,150,133.895511241149,PVC,1995.0,9.35,6,3,0,0,,
18,600,520.713399329487,PVC,2006.0,9.35,7,0,0,0,,
18,600,19.504560220506,PVC,2006.0,9.35,6,0,0,0,,
55,300,52.7615586827473,DI,1969.0,8.5,6,3,0,0,,
44,300,1.19503432559123,DI,1980.0,8.5,0,3,0,0,,
55,300,41.3831375929684,DI,1969.0,8.5,6,3,0,0,,
39,300,14.5575824191228,DI,1985.0,9.1,6,0,0,0,,
39,300,21.3309088635797,DI,1985.0,9.1,6,0,0,0,,
39,300,68.2078299564862,DI,1985.0,9.1,6,0,0,0,,
53,150,0.600237284828341,DI,1971.0,8.5,6,2,1,1,-80.4199967918687,43.3883211207016
53,150,145.733616593051,DI,1971.0,8.5,7,2,1,1,-80.4199967918687,43.3883211207016
52,200,5.48686755125243,DI,1972.0,8.5,6,5,0,0,,
52,200,65.0155599878384,DI,1972.0,8.5,6,5,0,0,,
52,300,5.17494740499098,DI,1972.0,8.5,6,5,0,0,,
52,300,289.473658698167,DI,1972.0,8.5,6,5,0,0,,
52,300,7.76449497258773,DI,1972.0,8.5,6,5,0,0,,
28,300,175.201360157106,PVC,1996.0,9.35,6,1,0,0,,
68,300,100.669691808592,CI,1956.0,7.75,7,1,0,0,,
68,300,89.5877013027705,CI,1956.0,7.75,7,1,0,0,,
58,150,84.6713975071223,DI,1966.0,8.5,6,1,0,0,,
58,150,7.29085390061064,DI,1966.0,8.5,6,1,0,0,,
45,150,8.53101114797465,DI,1979.0,8.5,6,1,0,0,,
45,150,6.84200728490186,DI,1979.0,8.5,6,1,0,0,,
45,150,79.8211993869498,DI,1979.0,8.5,6,1,0,0,,
20,450,34.2840845302637,PVC,2004.0,9.35,7,3,0,0,,
20,450,2.91515198649435,PVC,2004.0,9.35,7,3,0,0,,
18,200,14.8095664318977,PVC,2006.0,9.35,5,1,0,0,,
18,200,33.3949476058563,PVC,2006.0,9.35,5,1,0,0,,
18,150,0.624661419003392,PVC,2006.0,9.35,6,1,0,0,,
18,150,6.91197821132605,PVC,2006.0,9.35,6,1,0,0,,
51,150,20.8027557150422,PVC,1973.0,9.35,6,1,0,0,,
18,200,7.73218870631574,PVC,2006.0,9.35,5,1,0,0,,
18,200,62.3016240042873,PVC,2006.0,9.35,5,1,0,0,,
58,150,0.609583464621625,DI,1966.0,8.5,5,1,2,1,-80.4361266855501,43.4367210333702
58,150,127.897867389111,DI,1966.0,8.5,6,1,0,0,,
58,150,12.19231700966,DI,1966.0,8.5,6,1,0,0,,
25,300,71.2586617422687,PVC,1999.0,9.35,7,1,0,0,,
25,300,11.3817151957451,PVC,1999.0,9.35,7,1,1,1,-80.4461985300375,43.4353963280436
16,300,3.97091672015052,PVC,2008.0,9.35,7,3,0,0,,
16,300,3.22036635212232,PVC,2008.0,9.35,7,3,0,0,,
11,150,14.1520270239508,PVC,2013.0,9.35,5,1,0,0,,
45,450,2.30956009674351,DI,1979.0,8.5,0,1,0,0,,
45,450,1.79061147148165,DI,1979.0,8.5,0,1,0,0,,
25,300,4.2139307445544,PVC,1999.0,9.35,7,1,4,1,-80.4454659052892,43.4347281661005
51,150,13.1976467289172,PVC,1973.0,9.35,6,1,0,0,,
30,200,17.2164370629171,PVC,1994.0,9.35,7,1,1,1,-80.4199679655916,43.4421606385374
30,200,109.371003306813,PVC,1994.0,9.35,7,1,1,1,-80.4199679655916,43.4421606385374
30,200,11.4929035842309,PVC,1994.0,9.35,7,1,1,1,-80.4199679655916,43.4421606385374
30,200,104.771859559244,PVC,1994.0,7.75,7,1,1,1,-80.4199679655916,43.4421606385374
30,200,166.175512271238,PVC,1994.0,9.35,7,1,1,1,-80.4199679655916,43.4421606385374
23,200,8.77584127975898,PVC,2001.0,9.35,6,1,0,0,,
23,200,166.2565210329,PVC,2001.0,9.35,7,1,0,0,,
21,150,13.5006793652465,PVC,2003.0,9.35,7,1,0,0,,
21,150,9.74822411812568,PVC,2003.0,9.35,6,1,0,0,,
22,150,208.266066356212,PVC,2002.0,9.35,6,1,0,0,,
44,450,266.740831122459,DI,1980.0,8.5,7,3,0,0,,
44,450,16.1544665190348,DI,1980.0,8.5,7,3,0,0,,
44,450,331.978155026094,DI,1980.0,8.5,7,3,0,0,,
18,300,81.7485896161315,PVC,2006.0,9.35,8,1,0,0,,
18,300,1.58954599802252,PVC,2006.0,9.35,7,1,0,0,,
58,150,0.57354191268374,DI,1966.0,8.5,7,1,5,1,-80.515661961213,43.433684127173
58,150,7.95505359210528,DI,1966.0,8.5,7,1,5,1,-80.515661961213,43.433684127173
58,150,295.032844566714,DI,1966.0,7.3,7,1,5,1,-80.515661961213,43.433684127173
33,300,10.8200697259031,DI,1991.0,9.1,6,3,0,0,,
33,300,23.8329113230493,DI,1991.0,9.1,6,3,0,0,,
33,300,21.9520206510228,DI,1991.0,9.1,6,3,0,0,,
39,300,89.5332012670834,DI,1985.0,9.1,6,3,0,0,,
39,300,0.652713720071187,DI,1985.0,8.5,0,3,0,0,,
39,300,0.872162646714544,DI,1985.0,8.5,7,3,0,0,,
28,150,6.22891595501024,PVC,1996.0,9.35,6,1,0,0,,
28,150,10.1030283371201,PVC,1996.0,9.35,6,1,0,0,,
26,300,87.5274372347171,PVC,1998.0,9.35,7,1,0,0,,
26,300,7.98043542091202,PVC,1998.0,9.35,6,1,0,0,,
62,450,11.6627905234857,CI,1962.0,3.93,7,1,6,1,-80.4307259319285,43.4337984734724
49,150,95.0229008265621,CI,1975.0,3.6,5,1,6,1,-80.5276490045623,43.4465836761657
29,200,11.1575553445077,PVC,1995.0,9.35,6,1,0,0,,
29,200,264.613055508951,PVC,1995.0,9.35,6,1,0,0,,
29,200,9.37742918542676,PVC,1995.0,9.35,7,1,0,0,,
50,300,12.4878498718855,DI,1974.0,8.5,7,1,0,0,,
50,300,129.850681460232,DI,1974.0,8.5,6,1,0,0,,
52,300,207.318458587408,DI,1972.0,8.5,6,1,0,0,,
52,300,7.92005437649204,DI,1972.0,8.5,7,1,0,0,,
30,200,4.9320259525493,PVC,1994.0,9.35,7,1,1,1,-80.4199679655916,43.4421606385374
36,300,159.243345790739,DI,1988.0,9.1,8,1,0,0,,
12,150,13.557172733042,PVC,2012.0,9.35,5,1,0,0,,
23,300,1.83626246966535,PVC,2001.0,9.35,7,1,0,0,,
23,300,83.9099937702103,PVC,2001.0,9.35,8,1,0,0,,
23,300,125.051411363229,PVC,2001.0,9.35,8,1,0,0,,
23,300,11.7773071362196,PVC,2001.0,9.35,7,1,0,0,,
20,450,239.22267336818,PVC,2004.0,9.35,7,3,0,0,,
20,450,105.833266165312,PVC,2004.0,9.35,7,3,0,0,,
17,300,7.37433500722976,PVC,2007.0,9.35,7,3,0,0,,
17,300,0.971794814480085,PVC,2007.0,9.35,7,3,0,0,,
17,300,235.894171664277,PVC,2007.0,9.35,7,3,0,0,,
47,200,12.2472499576968,DI,1977.0,8.5,6,1,1,1,-80.4384727366135,43.4069853654469
47,200,2.58388668465741,DI,1977.0,8.5,6,1,0,0,,
47,200,5.12652499862648,DI,1977.0,8.5,6,1,1,1,-80.4384727366135,43.4069853654469
56,150,8.96050911767767,DI,1968.0,8.5,5,3,5,1,-80.5249174036821,43.442783261796
56,150,225.936867263239,DI,1968.0,5.7,6,3,5,1,-80.5249174036821,43.442783261796
58,150,4.23938231555861,DI,1966.0,8.5,0,1,5,1,-80.5249174036821,43.442783261796
56,150,160.504203177459,DI,1968.0,7.3,6,3,5,1,-80.5249174036821,43.442783261796
56,150,8.57359828131489,DI,1968.0,8.5,6,3,3,1,-80.5265809497953,43.4407583044047
56,150,82.7370107568237,DI,1968.0,4.9,6,3,3,1,-80.5265809497953,43.4407583044047
53,300,64.7555468791471,DI,1971.0,8.5,7,1,0,0,,
25,150,147.784351102942,PVC,1999.0,9.35,6,0,0,0,,
25,150,13.7789932420054,PVC,1999.0,9.35,6,0,0,0,,
25,150,108.692536732978,PVC,1999.0,9.35,6,0,0,0,,
49,150,106.238972776049,DI,1975.0,6.9,5,1,2,1,-80.5278684772415,43.4469304133345
53,300,166.6778016513,DI,1971.0,8.5,7,1,0,0,,
53,300,15.8995624617036,DI,1971.0,8.5,7,1,0,0,,
23,150,5.91415453556901,PVC,2001.0,9.35,5,0,0,0,,
23,150,10.9408223607064,PVC,2001.0,9.35,5,0,0,0,,
23,150,94.6243904123311,PVC,2001.0,9.35,5,0,0,0,,
23,150,126.491234954074,PVC,2001.0,9.35,5,0,0,0,,
27,150,10.6167950367508,PVC,1997.0,9.35,6,1,0,0,,
30,200,8.49189400234668,DI,1994.0,9.1,7,1,0,0,,
30,200,5.85054720671718,DI,1994.0,5.18,7,1,1,1,-80.5001847032869,43.4573161929359
33,300,9.83013658138089,DI,1991.0,9.1,7,1,0,0,,
33,300,90.7247410057408,DI,1991.0,9.1,6,1,0,0,,
33,300,48.6515571345631,DI,1991.0,9.1,7,1,0,0,,
33,300,102.891205272305,DI,1991.0,9.1,7,1,0,0,,
33,300,100.050776916329,DI,1991.0,9.1,7,1,0,0,,
33,300,101.879783705082,DI,1991.0,9.1,7,1,0,0,,
33,300,149.333086525971,DI,1991.0,9.1,7,1,0,0,,
33,300,14.6562819403145,DI,1991.0,9.1,7,1,0,0,,
33,300,88.8701529283066,DI,1991.0,9.1,7,1,0,0,,
37,300,20.3943908977741,DI,1987.0,9.1,7,1,0,0,,
37,300,101.342502527322,DI,1987.0,9.1,7,1,0,0,,
37,300,159.718869879067,DI,1987.0,9.1,7,1,0,0,,
37,300,17.6723155814805,DI,1987.0,9.1,7,1,0,0,,
37,300,23.1087694844262,DI,1987.0,9.1,7,1,0,0,,
37,300,96.3523406874867,DI,1987.0,9.1,7,1,0,0,,
37,300,106.904470840162,DI,1987.0,9.1,7,1,0,0,,
30,200,10.8005248156181,DI,1994.0,9.1,7,1,0,0,,
28,300,74.6547095286662,PVC,1996.0,9.35,6,3,0,0,,
28,300,12.9221774925987,PVC,1996.0,9.35,6,3,0,0,,
61,300,184.783860050369,CI,1963.0,6.95,7,1,2,1,-80.4617683740038,43.4569662136086
24,50,1.46189077797226,PVC,2000.0,9.35,6,1,1,1,-80.4384727366135,43.4069853654469
24,50,189.541199300202,PVC,2000.0,8.55,6,1,1,1,-80.4384727366135,43.4069853654469
52,300,13.792689102383,DI,1972.0,8.5,7,1,0,0,,
52,300,123.990635305119,DI,1972.0,8.5,6,1,0,0,,
12,150,8.82751436062501,PVC,2012.0,9.35,5,1,0,0,,
47,300,196.537406503036,DI,1977.0,8.5,7,1,0,0,,
47,300,1.05849661269357,DI,1977.0,8.5,7,1,0,0,,
21,300,6.70022270302226,PVC,2003.0,9.35,7,1,1,1,-80.4921801097893,43.4538945095951
21,300,82.3299011289303,PVC,2003.0,6.15,8,1,1,1,-80.4921801097893,43.4538945095951
21,300,5.91439067441283,PVC,2003.0,9.35,7,1,1,1,-80.4921801097893,43.4538945095951
18,300,9.88700539466499,PVC,2006.0,9.35,8,1,0,0,,
18,300,41.2928386516321,PVC,2006.0,9.35,8,1,0,0,,
21,300,13.0390479602435,PVC,2003.0,9.35,7,1,1,1,-80.4921801097893,43.4538945095951
17,150,5.55522048830482,PVC,2007.0,9.35,6,1,1,1,-80.4939982638623,43.4392983921655
75,150,158.648516868411,CI,1949.0,7.3,7,1,1,1,-80.4939982638623,43.4392983921655
21,150,6.38417790694797,PVC,2003.0,9.35,8,1,0,0,,
21,150,1.6658744917482,PVC,2003.0,9.35,8,1,0,0,,
75,150,149.348491598571,CI,1949.0,7.45,7,1,1,1,-80.4939982638623,43.4392983921655
12,300,5.50692761725293,PVC,2012.0,9.35,7,1,2,1,-80.4710995843021,43.450148624496
35,150,0.900926811565706,DI,1989.0,9.1,5,3,0,0,,
35,150,96.8093371854156,DI,1989.0,9.1,6,3,0,0,,
35,150,3.1978272619783,DI,1989.0,9.1,6,3,0,0,,
35,150,123.471890118377,DI,1989.0,9.1,6,3,0,0,,
12,300,5.85817849135069,PVC,2012.0,9.35,7,1,0,0,,
12,300,6.84652371093385,PVC,2012.0,9.35,0,1,0,0,,
61,300,5.51104912312464,CI,1963.0,7.75,7,1,3,1,-80.4608413007312,43.4579176180284
70,150,192.756231149632,CI,1954.0,6.95,5,1,2,1,-80.4602681658691,43.4566660409631
70,150,31.1891969886926,CI,1954.0,4.15,6,1,2,1,-80.4617683740038,43.4569662136086
37,200,119.87387154053,DI,1987.0,9.1,6,3,0,0,,
39,200,17.9141479196651,DI,1985.0,9.1,6,3,1,1,-80.5369140082192,43.4390236926073
39,200,0.845296255856523,DI,1985.0,9.1,6,3,1,1,-80.5369140082192,43.4390236926073
39,200,136.904823219468,DI,1985.0,9.1,6,3,1,1,-80.5369140082192,43.4390236926073
39,200,163.105062439493,DI,1985.0,9.1,6,3,1,1,-80.5369140082192,43.4390236926073
39,200,154.203590771973,DI,1985.0,9.1,6,3,1,1,-80.5369140082192,43.4390236926073
23,150,77.8567740586873,PVC,2001.0,6.95,7,1,1,1,-80.4780905670136,43.4579883725468
23,150,98.0283871883594,PVC,2001.0,9.35,7,1,0,0,,
23,150,5.81091536938341,PVC,2001.0,9.35,6,1,0,0,,
27,200,6.6000323624775,PVC,1997.0,9.35,6,3,0,0,,
27,200,11.6818006907855,PVC,1997.0,9.35,6,3,0,0,,
27,200,118.034841876148,PVC,1997.0,9.35,6,3,0,0,,
27,200,172.018413405929,PVC,1997.0,9.35,6,3,0,0,,
27,200,171.895458223131,PVC,1997.0,9.35,6,3,0,0,,
25,300,7.64408912949658,PVC,1999.0,9.35,6,3,0,0,,
25,300,64.7338005333589,PVC,1999.0,9.35,7,3,0,0,,
25,300,182.115965874402,PVC,1999.0,9.35,7,3,0,0,,
28,300,71.8361475362299,PVC,1996.0,9.35,6,3,0,0,,
28,300,8.52582630780626,PVC,1996.0,9.35,6,3,0,0,,
62,150,7.83641804917371,CI,1962.0,7.85,5,1,8,1,-80.502653325268,43.4259997344217
62,150,103.92761575459,CI,1962.0,7.85,5,1,0,0,,
66,150,1.56647619968996,CI,1958.0,7.75,0,1,8,1,-80.502653325268,43.4259997344217
66,150,301.953636273576,CI,1958.0,4.55,4,1,8,1,-80.502653325268,43.4259997344217
66,150,145.819835880835,CI,1958.0,6.55,6,1,1,1,-80.50478665096,43.4259174295644
18,300,38.8724201433923,PVC,2006.0,9.35,7,1,0,0,,
18,300,5.432499109164,PVC,2006.0,9.35,7,1,0,0,,
18,300,15.3013342793095,PVC,2006.0,9.35,7,1,0,0,,
18,300,15.8628267288803,PVC,2006.0,9.35,7,1,0,0,,
63,450,4.9534030213992,AC,1961.0,4.78,0,1,4,1,-80.4983458070912,43.4290502428461
49,300,11.8998336860455,DI,1975.0,8.5,6,3,1,1,-80.5411093289125,43.4434380726006
49,300,176.264276281378,DI,1975.0,7.7,7,3,0,0,,
24,200,3.24969751562705,PVC,2000.0,9.35,6,6,0,0,,
24,200,2.25795541547684,PVC,2000.0,9.35,6,6,0,0,,
24,200,4.7238515778337,PVC,2000.0,9.35,0,6,0,0,,
24,200,1.59538412336227,PVC,2000.0,9.35,6,6,0,0,,
20,450,83.0319939665073,PVC,2004.0,9.35,0,12,0,0,,
63,200,4.55635387670253,CI,1961.0,7.75,7,1,1,1,-80.4539448519232,43.4191187324237
28,300,3.72635589515623,PVC,1996.0,9.35,6,3,0,0,,
38,150,4.00115959212278,DI,1986.0,9.1,5,1,0,0,,
71,150,18.35375812574,CI,1953.0,7.75,6,1,1,1,-80.4518590894827,43.4308834062243
71,150,391.041336563481,CI,1953.0,6.9,7,1,1,1,-80.4518590894827,43.4308834062243
71,150,0.9142083389865,CI,1953.0,7.75,7,1,1,1,-80.4518590894827,43.4308834062243
71,150,108.181694362398,CI,1953.0,5.7,6,1,1,1,-80.4525066699481,43.4305120753938
71,150,12.4969255737146,CI,1953.0,7.75,6,1,1,1,-80.4525066699481,43.4305120753938
71,0,71.3695550713474,CI,1953.0,7.75,6,1,0,0,,
71,150,12.9091020606602,CI,1953.0,7.75,6,1,0,0,,
71,150,0.603747363558137,CI,1953.0,3.83,6,1,2,1,-80.4534871395447,43.4281625602419
71,150,269.90713531535,CI,1953.0,4.9,6,1,5,1,-80.4527695878873,43.4293524267174
71,150,0.811216666048858,CI,1953.0,7.75,6,1,5,1,-80.4527695878873,43.4293524267174
25,150,10.5512538684998,PVC,1999.0,9.35,7,1,4,1,-80.4526128487377,43.4378236690797
11,300,36.8454985086601,PVC,2013.0,9.35,7,1,0,0,,
11,300,3.18294912520758,PVC,2013.0,9.35,5,3,0,0,,
59,150,187.195515281075,CI,1965.0,7.85,6,1,2,1,-80.5127665617753,43.4479295368103
59,150,1.78445490342806,CI,1965.0,7.85,6,1,7,1,-80.5141754022213,43.4473512448228
59,150,183.229205972169,CI,1965.0,5.05,8,1,2,1,-80.5127665617753,43.4479295368103
14,300,1.71873727715309,PVC,2010.0,9.35,7,1,0,0,,
14,300,150.538393520472,PVC,2010.0,8.15,7,1,0,0,,
14,300,6.65758864691921,PVC,2010.0,9.35,7,1,0,0,,
14,150,12.6897326632251,PVC,2010.0,9.35,6,1,0,0,,
14,300,115.392594687473,PVC,2010.0,9.35,7,1,0,0,,
14,300,81.9007529113687,PVC,2010.0,9.35,7,1,0,0,,
24,300,15.9414301652768,PVC,2000.0,9.35,6,1,0,0,,
24,300,10.7853690704106,PVC,2000.0,9.35,6,1,0,0,,
24,300,177.698875416607,PVC,2000.0,9.35,6,1,0,0,,
24,300,1.96978838693619,PVC,2000.0,9.35,0,1,1,1,-80.4525417933899,43.3822026179307
24,150,7.46486895931952,PVC,2000.0,9.35,5,1,1,1,-80.4525417933899,43.3822026179307
24,150,123.239331798073,PVC,2000.0,9.35,5,1,1,1,-80.4525417933899,43.3822026179307
24,150,16.6025301756373,PVC,2000.0,9.35,5,1,1,1,-80.4525417933899,43.3822026179307
25,300,3.56318430696628,PVC,1999.0,9.35,7,1,0,0,,
25,300,120.824648588683,PVC,1999.0,9.35,7,1,0,0,,
25,300,6.16970996969167,PVC,1999.0,9.35,7,1,0,0,,
19,300,192.430114513661,PVC,2005.0,9.35,7,1,0,0,,
19,300,9.76072366195004,PVC,2005.0,9.35,6,1,0,0,,
46,600,47.6090050433708,DI,1978.0,8.5,0,1,1,1,-80.4565642030857,43.4664672784482
29,300,3.14904965510494,PVC,1995.0,9.35,0,1,0,0,,
26,300,4.18000148919069,PVC,1998.0,9.35,0,10,0,0,,
18,300,1.42909370307576,PVC,2006.0,9.35,0,1,0,0,,
49,300,3.4509050523903,DI,1975.0,8.5,7,1,0,0,,
29,200,4.04459888718371,PVC,1995.0,9.35,6,3,0,0,,
43,150,3.40337496406997,DI,1981.0,8.5,6,1,5,1,-80.4189661503071,43.4250620931865
43,150,0.703543147083919,DI,1981.0,8.5,6,1,5,1,-80.4189661503071,43.4250620931865
58,150,4.35275370325241,DI,1966.0,8.5,6,1,0,0,,
45,150,4.56188517169877,DI,1979.0,8.5,6,1,0,0,,
20,450,4.69445524541632,PVC,2004.0,9.35,7,3,0,0,,
52,300,4.86423527408645,DI,1972.0,8.5,7,1,0,0,,
36,300,4.97469188300417,DI,1988.0,9.1,8,1,0,0,,
20,450,4.99267203698068,PVC,2004.0,9.35,7,3,0,0,,
52,300,5.15190822843258,DI,1972.0,8.5,7,1,0,0,,
21,300,5.15383631616385,PVC,2003.0,9.35,7,1,0,0,,
18,300,5.65686422005356,PVC,2006.0,9.35,8,1,0,0,,
19,300,97.374050307647,HDPE,2005.0,10.0,6,1,0,0,,
19,300,113.688422920875,HDPE,2005.0,10.0,6,1,0,0,,
99,150,54.540139089843,CI,1925.0,7.75,5,1,0,0,,
46,300,71.7175737234583,DI,1978.0,8.5,7,1,0,0,,
46,300,10.2105679918893,DI,1978.0,8.5,6,1,0,0,,
46,150,25.0092264866253,DI,1978.0,8.5,6,1,0,0,,
46,150,104.320083970511,DI,1978.0,8.5,6,1,0,0,,
64,150,119.119266598375,CI,1960.0,4.5,6,1,3,1,-80.4592922933936,43.4353222010894
64,150,11.8871112758296,CI,1960.0,3.83,6,1,3,1,-80.4609436030077,43.4364538150998
59,300,2.03396842949086,DI,1965.0,8.5,7,1,3,1,-80.4592922933936,43.4353222010894
64,300,3.20750048385562,CI,1960.0,7.75,7,1,3,1,-80.4592922933936,43.4353222010894
64,300,2.97128203600779,CI,1960.0,7.75,0,1,3,1,-80.4592922933936,43.4353222010894
37,150,16.2936782646437,DI,1987.0,9.1,6,1,0,0,,
37,150,149.53173450109,DI,1987.0,9.1,6,1,0,0,,
37,150,177.363613431129,DI,1987.0,9.1,5,1,0,0,,
48,600,350.050033122392,DI,1976.0,8.5,7,1,0,0,,
37,150,8.60903134232478,DI,1987.0,9.1,7,1,0,0,,
19,150,2.23535250310048,PVC,2005.0,9.35,7,1,0,0,,
19,150,0.621711838438777,PVC,2005.0,9.35,7,1,0,0,,
17,300,6.53729545474932,PVC,2007.0,9.35,6,0,0,0,,
17,300,134.570184069484,PVC,2007.0,9.35,6,0,0,0,,
17,300,73.2314647276479,PVC,2007.0,9.35,6,0,0,0,,
17,200,5.8233126653729,PVC,2007.0,9.35,6,0,0,0,,
17,200,41.3432793410998,PVC,2007.0,9.35,6,0,0,0,,
60,150,132.677979001646,CI,1964.0,5.8,6,1,2,1,-80.4862063541855,43.4746530327354
27,150,3.04284845405773,PVC,1997.0,9.35,5,1,0,0,,
19,200,13.2933903875635,PVC,2005.0,9.35,6,1,0,0,,
19,200,10.8775492701412,PVC,2005.0,9.35,6,1,0,0,,
35,150,5.75385074532346,DI,1989.0,9.1,5,3,0,0,,
60,150,177.477258282478,CI,1964.0,4.65,5,7,4,1,-80.4663254290817,43.4803249205826
32,300,4.54887458603491,DI,1992.0,9.1,5,7,0,0,,
60,150,0.634014510579245,CI,1964.0,7.85,5,7,0,0,,
60,300,175.954790759346,CI,1964.0,7.85,7,7,1,1,-80.4690712329311,43.4809335092858
32,300,7.28209824900531,DI,1992.0,9.1,5,7,0,0,,
32,150,2.93931590985333,DI,1992.0,9.1,5,7,0,0,,
60,300,0.95889644919581,CI,1964.0,7.85,6,7,1,1,-80.4690712329311,43.4809335092858
60,300,0.831526498964624,CI,1964.0,7.85,6,7,1,1,-80.4690712329311,43.4809335092858
19,450,39.9560637717174,HDPE,2005.0,10.0,9,1,0,0,,
19,450,6.6829872857514,HDPE,2005.0,10.0,8,1,0,0,,
47,450,239.871074905875,DI,1977.0,8.5,7,1,0,0,,
30,300,26.9156505202228,DI,1994.0,9.1,7,1,0,0,,
18,300,26.0642572867179,PVC,2006.0,9.35,7,0,0,0,,
18,300,8.78612658167216,PVC,2006.0,9.35,7,0,0,0,,
17,200,1.65148474692446,PVC,2007.0,9.35,0,1,0,0,,
30,300,11.624873539444,DI,1994.0,9.1,7,1,0,0,,
18,200,3.18444313039958,PVC,2006.0,9.35,7,1,0,0,,
18,200,1.71141453760018,PVC,2006.0,9.35,7,1,0,0,,
20,200,2.50691043759848,PVC,2004.0,9.35,7,1,0,0,,
12,450,29.079648703395,PVC,2012.0,9.35,0,1,8,1,-80.5155740608119,43.4495333409789
12,450,491.002358635129,PVC,2012.0,9.35,0,1,8,1,-80.5155740608119,43.4495333409789
18,150,2.7037791643755,PVC,2006.0,9.35,7,0,0,0,,
62,150,0.673589919401111,CI,1962.0,7.85,4,1,4,1,-80.4617537616621,43.4481672962605
62,150,131.260974945752,CI,1962.0,7.85,5,1,0,0,,
50,450,120.140477926728,CPP,1974.0,7.55,7,1,1,1,-80.4968054769311,43.4557482065692
62,150,19.0526836115659,CI,1962.0,7.85,5,1,0,0,,
62,150,82.1191850113534,CI,1962.0,7.85,5,1,0,0,,
23,200,63.1966725932931,PVC,2001.0,9.35,7,3,0,0,,
24,450,1.68426055000476,DI,2000.0,9.1,9,1,0,0,,
24,450,2.24451730268654,DI,2000.0,9.1,9,12,0,0,,
24,450,13.0922218427196,DI,2000.0,9.1,9,12,0,0,,
24,450,8.87084654341639,DI,2000.0,9.1,0,1,0,0,,
24,450,1.10765684326074,DI,2000.0,9.1,0,1,0,0,,
69,150,5.48685532007085,CI,1955.0,7.75,6,1,2,1,-80.45269667558,43.4379373327733
69,150,100.858166699967,CI,1955.0,6.15,6,1,2,1,-80.45269667558,43.4379373327733
71,150,9.07244448021097,CI,1953.0,3.38,6,1,1,1,-80.4525833708993,43.4379294374552
71,150,285.072922661314,CI,1953.0,7.75,6,1,1,1,-80.4525833708993,43.4379294374552
71,150,12.496561990345,CI,1953.0,7.75,6,1,1,1,-80.4525833708993,43.4379294374552
20,300,39.0124562103675,PVC,2004.0,9.35,7,1,0,0,,
20,300,2.14063613260355,PVC,2004.0,9.35,0,1,0,0,,
61,150,169.346167197512,CI,1963.0,5.05,6,1,4,1,-80.5114168096311,43.4216771672671
61,150,1.91819486824614,CI,1963.0,7.85,6,1,2,1,-80.5124325819801,43.422346240322
61,150,197.636011978535,CI,1963.0,7.05,6,1,4,1,-80.5114168096311,43.4216771672671
19,200,4.48005083309924,PVC,2005.0,9.35,6,1,0,0,,
19,200,107.527064161717,PVC,2005.0,9.35,6,1,0,0,,
19,200,144.134582604791,PVC,2005.0,9.35,6,1,0,0,,
19,200,6.94112669014194,PVC,2005.0,9.35,6,1,0,0,,
19,150,1.99981161533766,PVC,2005.0,9.35,0,1,0,0,,
19,150,10.7039810346902,PVC,2005.0,9.35,0,1,0,0,,
19,150,87.6130607854717,PVC,2005.0,9.35,5,1,0,0,,
15,150,4.67882170311072,PVC,2009.0,9.35,7,1,0,0,,
15,150,6.91624470009139,PVC,2009.0,9.35,7,1,0,0,,
10,150,44.6188755137621,PVC,2014.0,9.35,0,1,0,0,,
10,150,2.19381865429189,PVC,2014.0,9.35,0,1,0,0,,
10,150,40.6106439459756,PVC,2014.0,9.35,0,1,0,0,,
10,150,5.83584654573406,PVC,2014.0,9.35,0,1,0,0,,
23,150,14.4040013195593,PVC,2001.0,9.35,6,1,0,0,,
23,150,10.8957070932772,PVC,2001.0,9.35,6,1,0,0,,
23,150,0.768404691069235,PVC,2001.0,9.35,0,1,0,0,,
18,150,2.53448617980209,PVC,2006.0,9.35,5,1,0,0,,
18,150,2.07271219636304,PVC,2006.0,9.35,0,1,0,0,,
18,150,12.3626255499818,PVC,2006.0,9.35,5,1,0,0,,
18,150,2.03187039208682,PVC,2006.0,9.35,0,1,0,0,,
18,150,126.870211489358,PVC,2006.0,9.35,6,1,0,0,,
12,150,5.18983351605033,PVC,2012.0,9.35,0,1,0,0,,
12,150,55.4944698789949,PVC,2012.0,9.35,5,1,0,0,,
12,150,6.29920099214898,PVC,2012.0,9.35,6,1,0,0,,
12,150,85.2702374921935,PVC,2012.0,9.35,6,1,0,0,,
45,300,91.7416607824108,DI,1979.0,8.5,5,5,0,0,,
45,300,2.95357519800343,DI,1979.0,8.5,0,5,0,0,,
67,200,11.0076316873328,CI,1957.0,7.75,6,1,4,1,-80.4983458070912,43.4290502428461
67,200,89.3943427355251,CI,1957.0,5.75,6,1,4,1,-80.4983458070912,43.4290502428461
67,200,3.0450439269581,CI,1957.0,7.75,0,1,4,1,-80.4983458070912,43.4290502428461
19,300,3.50543443784554,PVC,2005.0,9.35,0,3,0,0,,
19,300,35.1900565749016,PVC,2005.0,9.35,7,3,0,0,,
32,300,103.45414896008,DI,1992.0,7.5,7,1,1,1,-80.4914894292715,43.4520753623503
13,200,4.03015819713037,PVC,2011.0,9.35,6,3,0,0,,
13,200,73.2196028046915,PVC,2011.0,9.35,6,3,0,0,,
48,600,70.0711593096797,DI,1976.0,8.5,7,1,0,0,,
48,600,4.72317469576085,DI,1976.0,8.5,7,1,1,1,-80.4441998269671,43.4706166269346
48,600,4.72428568079658,DI,1976.0,8.5,7,1,1,1,-80.4441998269671,43.4706166269346
91,150,105.764205030616,CI,1933.0,6.15,7,1,1,1,-80.4978575389736,43.4408612881178
11,50,12.963925783782,PVC,2013.0,9.35,0,1,8,1,-80.5155740608119,43.4495333409789
88,150,2.68648740152754,CI,1936.0,7.75,7,1,0,0,,
88,150,188.908663818556,CI,1936.0,5.5,6,1,0,0,,
18,300,5.71373285067653,PVC,2006.0,9.35,7,1,0,0,,
18,300,0.754278717889299,PVC,2006.0,9.35,0,1,0,0,,
18,300,77.3504249921888,PVC,2006.0,9.35,8,1,0,0,,
18,150,8.15622492250826,PVC,2006.0,9.35,6,1,0,0,,
18,150,10.7074327590552,PVC,2006.0,9.35,6,1,0,0,,
33,300,9.6174771304035,DI,1991.0,9.1,7,3,0,0,,
33,300,123.8776572656,DI,1991.0,9.1,7,3,0,0,,
33,300,7.62850185001527,DI,1991.0,9.1,7,3,0,0,,
32,300,15.6092339698566,DI,1992.0,9.1,6,3,0,0,,
32,300,152.609109454123,DI,1992.0,9.1,7,3,0,0,,
32,300,19.0578886343793,DI,1992.0,9.1,6,3,0,0,,
34,150,1.80354852845612,DI,1990.0,9.1,7,1,0,0,,
34,150,0.906171993329643,DI,1990.0,9.1,7,1,0,0,,
97,150,5.42794618872673,CI,1927.0,7.75,6,1,0,0,,
97,150,4.42829339660362,CI,1927.0,7.75,6,1,0,0,,
76,150,3.61429194893123,CI,1948.0,7.75,6,1,0,0,,
23,300,6.94355552258884,PVC,2001.0,9.35,7,1,0,0,,
23,300,149.336948887041,PVC,2001.0,9.35,7,1,0,0,,
23,300,306.153575847545,PVC,2001.0,9.35,7,1,0,0,,
23,300,1.68820643216325,PVC,2001.0,9.35,7,1,0,0,,
20,300,2.79475970457296,PVC,2004.0,9.35,7,1,0,0,,
20,300,1.92677932853742,PVC,2004.0,9.35,0,1,0,0,,
19,300,13.4144452032282,PVC,2005.0,9.35,7,1,0,0,,
19,300,82.4031559337351,PVC,2005.0,9.35,7,1,0,0,,
95,300,100.324939994012,CI,1929.0,7.75,7,1,0,0,,
68,300,90.5869654948083,CI,1956.0,7.75,7,1,0,0,,
22,300,2.79502354026544,PVC,2002.0,9.35,7,1,0,0,,
18,300,136.434566081185,PVC,2006.0,9.35,7,1,0,0,,
18,300,121.69603406906,PVC,2006.0,9.35,7,1,0,0,,
64,150,12.6556842058596,CI,1960.0,7.75,5,1,10,1,-80.5137390014518,43.425566880222
64,150,296.145907313027,CI,1960.0,5.35,5,1,10,1,-80.5137390014518,43.425566880222
64,150,425.867412228591,CI,1960.0,5.75,5,1,10,1,-80.5137390014518,43.425566880222
64,150,12.4609566245591,CI,1960.0,7.75,5,1,10,1,-80.5137390014518,43.425566880222
62,150,2.13969651808299,CI,1962.0,7.85,7,1,0,0,,
62,150,164.209118320866,CI,1962.0,6.65,7,1,1,1,-80.4461247992182,43.4418110374403
62,150,7.7590809759499,CI,1962.0,7.85,6,1,1,1,-80.4461247992182,43.4418110374403
19,200,8.82750875541586,PVC,2005.0,9.35,7,1,0,0,,
19,200,112.612161732351,PVC,2005.0,9.35,7,1,0,0,,
19,200,110.637842755986,PVC,2005.0,9.35,8,1,0,0,,
19,200,16.494590209101,PVC,2005.0,9.35,7,1,0,0,,
18,300,10.7963866074863,PVC,2006.0,9.35,7,1,0,0,,
18,300,91.0742105939264,PVC,2006.0,9.35,7,1,0,0,,
18,300,1.87417503182257,PVC,2006.0,9.35,7,1,0,0,,
95,300,86.5321386998654,CI,1929.0,5.5,7,1,0,0,,
95,300,2.29568032577514,CI,1929.0,7.75,7,1,0,0,,
9,450,244.329275941567,PVC,2015.0,9.35,0,2,0,0,,
14,150,11.2608967344683,PVC,2010.0,9.35,5,1,0,0,,
14,150,12.2179274412786,PVC,2010.0,9.35,6,1,0,0,,
14,150,124.256075026928,PVC,2010.0,7.75,6,1,0,0,,
14,150,142.298094356494,PVC,2010.0,6.95,6,1,0,0,,
9,200,1.57171226638556,PVC,2015.0,9.35,0,2,0,0,,
9,200,1.62440429177657,PVC,2015.0,9.35,0,2,0,0,,
26,300,5.13401992677078,PVC,1998.0,9.35,6,5,0,0,,
26,300,76.2109941291115,PVC,1998.0,9.35,6,5,0,0,,
19,200,6.10414106161521,PVC,2005.0,9.35,6,1,0,0,,
19,200,141.706356492533,PVC,2005.0,9.35,6,1,0,0,,
21,200,7.00090885665292,PVC,2003.0,9.35,6,5,0,0,,
21,200,77.165602899953,PVC,2003.0,9.35,6,5,0,0,,
21,200,5.82324205668603,PVC,2003.0,9.35,6,5,0,0,,
21,200,82.0184328992306,PVC,2003.0,9.35,6,5,0,0,,
21,200,150.120311234303,PVC,2003.0,9.35,6,5,0,0,,
67,150,3.88822472592103,CI,1957.0,3.83,6,1,4,1,-80.4749157307697,43.4680256479454
67,150,1.6520656648613,CI,1957.0,7.75,7,1,4,1,-80.4749157307697,43.4680256479454
100,150,8.12825083813405,CI,1924.0,3.83,5,1,5,1,-80.4749023500285,43.468003983307
58,600,271.091441638699,CPP,1966.0,9.15,7,1,0,0,,
26,300,16.9696670113013,PVC,1998.0,9.35,7,1,0,0,,
57,200,162.075428654217,DI,1967.0,7.3,7,1,3,1,-80.4387182931492,43.4502233563678
57,200,1.66874923252981,DI,1967.0,8.5,7,1,1,1,-80.4387631626727,43.4510709774456
18,450,25.6873813424724,PVC,2006.0,9.35,7,1,0,0,,
21,300,8.65427455639945,PVC,2003.0,9.35,8,1,0,0,,
21,300,1.57123150760329,PVC,2003.0,9.35,0,1,0,0,,
21,300,64.3226771411928,PVC,2003.0,9.35,7,1,0,0,,
50,450,0.898719444649013,DI,1974.0,8.5,0,1,1,1,-80.4750588838453,43.4069598754962
50,450,15.460814344371,DI,1974.0,8.5,7,1,1,1,-80.4750588838453,43.4069598754962
50,450,236.547205342133,DI,1974.0,8.5,7,1,1,1,-80.4750588838453,43.4069598754962
50,450,216.6269044105,DI,1974.0,8.5,7,1,1,1,-80.4750588838453,43.4069598754962
50,450,15.758161239322,DI,1974.0,8.5,7,1,1,1,-80.4750588838453,43.4069598754962
50,450,2.32436183337748,DI,1974.0,8.5,7,1,0,0,,
20,300,1.82652065183815,PVC,2004.0,9.35,0,1,0,0,,
51,300,1.68850087372463,DI,1973.0,8.5,7,1,0,0,,
51,300,21.0219003269016,DI,1973.0,8.5,7,1,1,1,-80.4750588838453,43.4069598754962
17,200,11.9099346394563,PVC,2007.0,9.35,7,1,0,0,,
17,200,10.2349700763771,PVC,2007.0,9.35,7,1,0,0,,
18,300,4.24971998243156,PVC,2006.0,9.35,7,1,0,0,,
17,200,8.10597916031447,PVC,2007.0,9.35,6,1,0,0,,
17,200,9.65378854270309,PVC,2007.0,9.35,7,1,0,0,,
18,300,1.62396333115688,PVC,2006.0,9.35,0,1,0,0,,
62,150,2.35585261179856,CI,1962.0,7.85,5,1,0,0,,
21,300,8.49148769267185,PVC,2003.0,9.35,7,1,0,0,,
68,300,1.2620416461673,CI,1956.0,7.75,7,1,0,0,,
68,300,1.18396830556928,CI,1956.0,7.75,0,1,0,0,,
18,300,2.65052785718182,PVC,2006.0,9.35,7,1,0,0,,
33,300,2.66274306674991,DI,1991.0,9.1,7,3,0,0,,
17,450,203.704920344257,PVC,2007.0,9.35,7,0,0,0,,
17,450,29.5928921886,PVC,2007.0,9.35,7,0,0,0,,
17,450,36.0387369705552,PVC,2007.0,9.35,7,0,0,0,,
50,450,94.1409937252596,CPP,1974.0,9.15,7,1,0,0,,
24,450,2.86399446922466,DI,2000.0,9.1,9,12,0,0,,
69,150,2.86732569771198,CI,1955.0,7.75,6,1,2,1,-80.45269667558,43.4379373327733
57,150,7.62050728049499,DI,1967.0,8.5,6,1,1,1,-80.4387631626727,43.4510709774456
57,150,94.8402430803822,DI,1967.0,6.5,6,1,1,1,-80.4387631626727,43.4510709774456
15,300,1.44805746097266,PVC,2009.0,9.35,6,0,0,0,,
15,300,69.8034468433121,PVC,2009.0,9.35,7,0,0,0,,
15,300,2.66040231859326,PVC,2009.0,9.35,7,0,0,0,,
18,100,3.93547438205484,PVC,2006.0,9.35,7,1,0,0,,
15,300,1.67875269160531,PVC,2009.0,9.35,7,0,0,0,,
37,600,421.186293685932,CPP,1987.0,9.35,9,5,0,0,,
50,300,3.25809851928751,DI,1974.0,4.58,7,1,7,1,-80.5141754022213,43.4473512448228
37,150,6.43814294577167,DI,1987.0,9.1,6,5,0,0,,
11,150,1.49738265655944,PVC,2013.0,9.35,5,1,0,0,,
11,150,64.4556880147093,PVC,2013.0,9.35,5,1,0,0,,
50,300,1.9102055271037,DI,1974.0,8.5,7,1,7,1,-80.5141754022213,43.4473512448228
60,200,12.3386420890771,CI,1964.0,7.85,6,1,0,0,,
60,200,42.6335958300271,CI,1964.0,7.85,6,1,0,0,,
34,200,75.4282921492754,DI,1990.0,9.1,6,3,0,0,,
34,200,12.9615588450377,DI,1990.0,9.1,6,3,0,0,,
34,200,1.83933975116925,DI,1990.0,9.1,6,3,0,0,,
23,200,1.84923616701754,PVC,2001.0,9.35,6,3,0,0,,
23,200,68.2431384494724,PVC,2001.0,9.35,6,3,0,0,,
66,150,2.07342349228259,CI,1958.0,7.75,6,1,0,0,,
66,150,1.12420160550092,CI,1958.0,7.75,7,1,0,0,,
60,150,2.10930813288912,CI,1964.0,7.85,5,1,0,0,,
48,600,28.7995989409522,DI,1976.0,8.5,8,1,1,1,-80.4441998269671,43.4706166269346
33,300,3.00056745510176,DI,1991.0,9.1,0,1,0,0,,
23,300,2.13882751503901,PVC,2001.0,9.35,7,1,0,0,,
95,300,3.03120685724215,CI,1929.0,7.75,7,1,0,0,,
88,150,74.1026836713294,CI,1936.0,5.5,7,1,0,0,,
47,600,6.82637403256665,DI,1977.0,8.5,0,1,0,0,,
14,600,0.79150132031498,PVC,2010.0,9.35,0,1,0,0,,
14,600,0.856396993788727,PVC,2010.0,9.35,0,1,0,0,,
14,600,1.17924566626517,PVC,2010.0,9.35,0,1,0,0,,
47,300,1.21339517105362,DI,1977.0,8.5,6,3,0,0,,
87,450,6.39999032503481,CI,1937.0,3.83,7,1,1,1,-80.4844065664074,43.4713249451307
42,300,1.36267149378526,DI,1982.0,9.1,7,1,1,1,-80.489666168317,43.4421523733386
19,200,1.82599049915716,PVC,2005.0,9.35,5,1,0,0,,
14,300,1.92040831071851,PVC,2010.0,9.35,7,1,0,0,,
25,300,1.97239996052385,PVC,1999.0,9.35,7,1,4,1,-80.4526128487377,43.4378236690797
19,300,2.02659375519476,HDPE,2005.0,10.0,6,1,0,0,,
99,150,2.02945746741585,CI,1925.0,7.75,5,1,0,0,,
17,300,77.6071795927847,PVC,2007.0,9.35,6,0,0,0,,
34,750,0.333360644673068,CPP,1990.0,9.35,0,1,0,0,,
34,750,589.587673422738,CPP,1990.0,9.35,7,1,0,0,,
34,750,155.328805014717,CPP,1990.0,9.35,0,1,0,0,,
34,750,313.187036046918,CPP,1990.0,9.35,7,1,0,0,,
34,750,17.6641147969418,CPP,1990.0,9.35,6,1,0,0,,
34,750,283.23481745343,CPP,1990.0,9.35,7,1,0,0,,
34,750,242.583998278239,CPP,1990.0,9.35,7,1,0,0,,
66,300,0.35434560662382,CI,1958.0,7.75,0,1,1,1,-80.50478665096,43.4259174295644
66,300,146.023010732716,CI,1958.0,7.75,8,1,1,1,-80.50478665096,43.4259174295644
13,150,33.7745223316781,PVC,2011.0,9.35,5,2,0,0,,
13,150,6.3182554161637,PVC,2011.0,9.35,5,2,0,0,,
18,300,0.423561624659182,PVC,2006.0,9.35,0,1,0,0,,
11,300,252.248974910271,PVC,2013.0,9.35,7,1,0,0,,
11,150,4.21339995778644,PVC,2013.0,9.35,6,1,0,0,,
11,150,12.630004056086,PVC,2013.0,9.35,6,1,0,0,,
18,300,0.507062442356355,PVC,2006.0,9.35,0,1,1,1,-80.4791691366513,43.4449029975224
18,300,1.27799048417527,PVC,2006.0,9.35,0,1,0,0,,
18,300,4.99095840703144,PVC,2006.0,9.35,7,1,1,1,-80.4791691366513,43.4449029975224
18,300,10.824134707921,PVC,2006.0,9.35,7,1,1,1,-80.4791691366513,43.4449029975224
18,150,0.84443546242607,PVC,2006.0,9.35,5,1,0,0,,
18,150,3.77035167673535,PVC,2006.0,9.35,0,1,0,0,,
18,150,0.51359432413935,PVC,2006.0,9.35,5,1,0,0,,
18,150,3.81315594335711,PVC,2006.0,9.35,5,1,0,0,,
19,300,9.99567897936603,PVC,2005.0,9.35,6,3,0,0,,
19,300,108.807423451168,PVC,2005.0,9.35,6,3,0,0,,
19,300,97.4717530133808,PVC,2005.0,9.35,7,3,0,0,,
18,150,11.3184560443631,PVC,2006.0,9.35,6,3,0,0,,
18,150,137.743199703848,PVC,2006.0,9.35,6,3,0,0,,
18,150,23.8125512251187,PVC,2006.0,9.35,7,3,0,0,,
18,150,194.652241046697,PVC,2006.0,9.35,7,3,0,0,,
19,150,5.85266630047039,PVC,2005.0,9.35,7,3,0,0,,
19,150,68.4338892048144,PVC,2005.0,9.35,7,3,0,0,,
19,150,11.5327400670482,PVC,2005.0,9.35,7,3,0,0,,
19,300,5.1459302961191,PVC,2005.0,9.35,7,3,0,0,,
19,300,40.3759600570007,PVC,2005.0,9.35,7,3,0,0,,
21,300,11.1748111768484,PVC,2003.0,9.35,7,1,1,1,-80.4921801097893,43.4538945095951
21,300,0.578822615908361,PVC,2003.0,9.35,0,1,0,0,,
94,150,2.15123165958823,CI,1930.0,7.75,8,1,0,0,,
24,150,30.2462390600186,PVC,2000.0,9.35,6,6,0,0,,
24,150,32.0293761002729,PVC,2000.0,9.35,5,6,0,0,,
24,150,35.0312406223572,PVC,2000.0,9.35,5,6,0,0,,
24,200,38.2598771478253,PVC,2000.0,9.35,6,6,0,0,,
24,200,10.4133257777516,PVC,2000.0,9.35,6,6,0,0,,
24,150,12.8658506945569,PVC,2000.0,9.35,5,6,0,0,,
24,200,36.0669660237255,PVC,2000.0,9.35,6,13,0,0,,
24,200,3.41007226274224,PVC,2000.0,9.35,0,6,0,0,,
24,200,3.32414163071877,PVC,2000.0,9.35,0,6,0,0,,
24,200,0.531699350650414,PVC,2000.0,9.35,6,6,0,0,,
24,200,0.894971831701905,PVC,2000.0,9.35,6,6,0,0,,
24,200,1.66199191638761,PVC,2000.0,9.35,6,6,0,0,,
24,200,5.22374609429189,PVC,2000.0,9.35,6,6,0,0,,
24,200,1.16141328194722,PVC,2000.0,9.35,6,6,0,0,,
24,200,0.643720785736709,PVC,2000.0,9.35,6,6,0,0,,
38,150,127.194631065456,DI,1986.0,9.1,5,13,0,0,,
24,200,77.0022429967571,PVC,2000.0,9.35,6,6,0,0,,
24,200,41.5460002901945,PVC,2000.0,9.35,6,6,0,0,,
24,150,76.1364459281717,PVC,2000.0,9.35,5,6,0,0,,
24,200,82.662935079114,PVC,2000.0,9.35,6,6,0,0,,
24,150,2.71728387846989,PVC,2000.0,9.35,0,6,0,0,,
24,150,3.60571368740146,PVC,2000.0,9.35,5,6,0,0,,
24,200,14.0151361423951,PVC,2000.0,9.35,5,6,0,0,,
24,150,4.59889915675801,PVC,2000.0,9.35,6,6,0,0,,
46,300,2.03082611720183,DI,1978.0,8.5,6,1,0,0,,
64,150,4.25321216191696,CI,1960.0,7.75,7,1,3,1,-80.4592922933936,43.4353222010894
48,600,19.7871669654514,DI,1976.0,8.5,7,1,0,0,,
46,600,6.21475147414665,DI,1978.0,8.5,7,1,0,0,,
17,300,4.75247884033406,PVC,2007.0,9.35,6,0,0,0,,
52,300,8.41335471761852,Other,1972.0,8.7,7,1,0,0,,
57,150,1.49992932095498,CI,1967.0,7.85,5,1,1,1,-80.5183133579731,43.432821641074
19,300,1.57250170179544,PVC,2005.0,9.35,7,1,0,0,,
9,450,50.3149688555764,PVC,2015.0,9.35,0,2,0,0,,
9,200,4.02526771818793,PVC,2015.0,9.35,0,2,0,0,,
26,300,1.61400351930984,PVC,1998.0,9.35,6,5,0,0,,
37,600,1.72361243929122,CPP,1987.0,9.35,0,5,0,0,,
18,450,6.24116789881599,PVC,2006.0,9.35,0,1,0,0,,
19,300,2.11313454363093,PVC,2005.0,9.35,6,1,0,0,,
57,200,90.1703718320454,CI,1967.0,4.65,5,1,2,1,-80.5196164290589,43.4300139926273
57,200,1.13557640898503,CI,1967.0,7.85,0,1,2,1,-80.5191171560233,43.429928564817
57,200,0.69343932595327,CI,1967.0,7.85,6,1,2,1,-80.5191171560233,43.429928564817
103,100,1.1449146212555,CI,1921.0,7.75,0,1,0,0,,
103,100,0.723791046507074,CI,1921.0,7.75,6,1,0,0,,
19,200,147.298605983238,PVC,2005.0,9.35,6,1,0,0,,
19,200,78.4281275721157,PVC,2005.0,9.35,6,1,0,0,,
19,200,18.9407165283528,PVC,2005.0,9.35,6,1,0,0,,
12,200,146.318658283692,PVC,2012.0,9.35,7,1,0,0,,
12,200,0.626394843868522,PVC,2012.0,9.35,7,1,0,0,,
19,200,61.0144373446307,PVC,2005.0,9.35,6,1,0,0,,
19,200,7.08861271689152,PVC,2005.0,9.35,6,1,0,0,,
33,150,29.8447975850782,DI,1991.0,9.1,5,1,0,0,,
33,150,5.05498243052441,DI,1991.0,9.1,5,1,0,0,,
65,100,3.24903355574121,CI,1959.0,7.75,0,1,2,1,-80.463156623729,43.4494594885315
65,100,148.269318568477,CI,1959.0,6.55,5,1,2,1,-80.4628191559073,43.4501978981749
65,100,0.650701314829501,CI,1959.0,7.75,0,1,2,1,-80.463156623729,43.4494594885315
65,100,1.00506445559455,CI,1959.0,7.75,5,1,2,1,-80.4628191559073,43.4501978981749
11,150,0.750982909718936,PVC,2013.0,9.35,6,1,0,0,,
11,150,95.7232567772437,PVC,2013.0,9.35,6,1,0,0,,
61,150,0.81304421208028,CI,1963.0,7.85,6,1,4,1,-80.5114168096311,43.4216771672671
61,150,12.5039164727658,CI,1963.0,7.85,6,1,2,1,-80.5113325547911,43.4233226343993
61,150,316.436551967453,CI,1963.0,6.65,6,1,2,1,-80.5113325547911,43.4233226343993
12,300,168.73867684375,PVC,2012.0,9.35,7,3,0,0,,
12,300,0.856467687409954,PVC,2012.0,9.35,0,1,0,0,,
10,300,5.26666424397335,PVC,2014.0,9.35,0,1,0,0,,
10,300,11.1009320427268,PVC,2014.0,9.35,0,1,0,0,,
10,300,9.42785968976201,PVC,2014.0,9.35,0,1,0,0,,
10,300,0.84604681395774,PVC,2014.0,9.35,0,1,0,0,,
10,150,1.67868336805409,PVC,2014.0,9.35,7,1,0,0,,
10,150,37.135100597579,PVC,2014.0,9.35,7,1,0,0,,
10,150,4.51662813449159,PVC,2014.0,9.35,7,1,0,0,,
10,150,4.13124072487891,PVC,2014.0,9.35,7,1,0,0,,
10,150,68.1125155093467,PVC,2014.0,6.95,7,1,0,0,,
10,150,7.06387368910285,PVC,2014.0,9.35,7,1,0,0,,
10,300,24.300350931016,PVC,2014.0,9.35,8,1,0,0,,
10,300,0.841084181379516,PVC,2014.0,9.35,8,1,0,0,,
10,300,39.5733952830601,PVC,2014.0,9.35,8,1,0,0,,
10,300,23.8664555194481,PVC,2014.0,9.35,8,1,0,0,,
10,300,4.10613472958831,PVC,2014.0,9.35,8,1,0,0,,
38,150,83.7143719737374,DI,1986.0,9.1,5,13,0,0,,
24,200,6.34027537582817,PVC,2000.0,9.35,6,6,0,0,,
38,150,32.1494849175107,DI,1986.0,9.1,5,13,0,0,,
45,150,70.1948677123925,DI,1979.0,8.5,5,1,0,0,,
45,150,215.670555575639,DI,1979.0,8.5,5,1,0,0,,
24,150,56.1179334223082,PVC,2000.0,8.9,5,6,0,0,,
66,150,4.03145394458434,CI,1958.0,7.75,0,1,11,1,-80.4857304294629,43.4835198016681
49,300,13.8049494958029,DI,1975.0,8.5,7,1,0,0,,
45,150,152.708351509179,DI,1979.0,8.5,5,1,0,0,,
43,150,8.75350401162133,DI,1981.0,4.58,5,1,2,1,-80.4824833451337,43.4839652176777
45,150,94.212635119749,DI,1979.0,8.5,5,1,3,1,-80.48108286215,43.4846601142594
45,150,115.029302637633,DI,1979.0,6.9,5,1,3,1,-80.48108286215,43.4846601142594
45,150,14.0336047011285,DI,1979.0,8.05,5,1,3,1,-80.48108286215,43.4846601142594
44,150,167.763242986369,DI,1980.0,8.5,5,1,3,1,-80.48108286215,43.4846601142594
43,150,131.176354267327,DI,1981.0,6.9,5,1,2,1,-80.4824833451337,43.4839652176777
60,200,10.0599111352112,CI,1964.0,7.85,6,1,0,0,,
60,200,2.29724043223123,CI,1964.0,7.85,0,3,0,0,,
18,450,0.990459313845382,PVC,2006.0,9.35,0,1,0,0,,
18,450,0.913676441591152,PVC,2006.0,9.35,0,1,0,0,,
64,300,1.54465344037276,DI,1960.0,8.5,7,1,1,1,-80.4565642030857,43.4664672784482
64,300,1.74949417184061,DI,1960.0,8.5,7,1,1,1,-80.4565642030857,43.4664672784482
46,600,534.742889934998,DI,1978.0,8.5,8,1,3,1,-80.4607520332058,43.4655310603459
46,600,183.343619443743,DI,1978.0,7.7,7,1,1,1,-80.4640176976984,43.4645223916355
27,300,1.98685814343083,PVC,1997.0,9.35,6,2,0,0,,
27,300,115.242080791695,PVC,1997.0,9.35,6,2,0,0,,
27,300,69.0549972741436,PVC,1997.0,9.35,6,2,0,0,,
27,300,0.999869192286548,PVC,1997.0,9.35,7,2,0,0,,
18,300,4.85765579790165,PVC,2006.0,9.35,6,1,0,0,,
18,300,109.091962428865,PVC,2006.0,9.35,7,1,0,0,,
36,300,22.084304137778,DI,1988.0,9.1,7,2,0,0,,
36,300,83.0067951647534,DI,1988.0,9.1,7,2,0,0,,
36,300,75.468479770313,DI,1988.0,9.1,7,2,0,0,,
36,300,39.2202012604693,DI,1988.0,9.1,7,2,0,0,,
36,300,91.5460069193535,DI,1988.0,9.1,7,2,0,0,,
60,200,0.915105588804374,CI,1964.0,7.85,0,1,0,0,,
60,200,0.919356789521464,CI,1964.0,7.85,0,1,0,0,,
72,450,314.350836630774,CI,1952.0,7.75,7,1,0,0,,
72,450,1.83459927552642,CI,1952.0,7.75,0,1,1,1,-80.5042021763691,43.4431668821553
11,150,140.026710297823,PVC,2013.0,9.35,6,1,0,0,,
11,150,83.6404518221461,PVC,2013.0,9.35,6,1,0,0,,
11,150,93.7110530761566,PVC,2013.0,9.35,6,1,0,0,,
36,300,0.715459529369214,DI,1988.0,9.1,0,2,0,0,,
36,300,1.08439895673356,DI,1988.0,9.1,7,2,0,0,,
36,300,1.30340415835343,DI,1988.0,9.1,7,2,0,0,,
18,300,5.89751707291258,PVC,2006.0,9.35,6,1,0,0,,
49,300,33.433686470695,DI,1975.0,8.5,6,1,0,0,,
49,300,4.95482375991127,DI,1975.0,8.5,0,1,0,0,,
49,300,5.3587349399452,DI,1975.0,8.5,0,1,0,0,,
22,300,15.4317412289697,PVC,2002.0,9.35,0,10,0,0,,
22,300,3.22471283979925,PVC,2002.0,9.35,0,10,0,0,,
22,300,287.182466443189,PVC,2002.0,9.35,0,10,0,0,,
45,450,20.411456372051,DI,1979.0,8.5,9,1,0,0,,
49,300,163.58858262403,DI,1975.0,8.5,8,1,0,0,,
49,300,24.1946150570945,DI,1975.0,8.5,7,1,0,0,,
56,450,4.9864150858775,DI,1968.0,8.5,9,1,0,0,,
45,450,58.3787352646958,DI,1979.0,8.5,9,7,0,0,,
60,300,190.607439875222,CI,1964.0,4.65,7,7,4,1,-80.4761366606759,43.4815290164526
60,300,14.2236060849098,DI,1964.0,8.5,7,7,0,0,,
60,300,10.2047029136806,CI,1964.0,7.85,6,7,4,1,-80.4761366606759,43.4815290164526
60,150,11.7410733270477,CI,1964.0,7.85,6,7,1,1,-80.473862692104,43.4823251052901
60,150,1.07660332580906,CI,1964.0,7.85,0,7,0,0,,
60,150,9.14021482370475,CI,1964.0,7.85,6,7,0,0,,
60,150,198.22842219351,CI,1964.0,7.05,6,7,1,1,-80.4768120595052,43.4822411711875
60,150,83.5210967553203,CI,1964.0,7.85,6,7,0,0,,
60,150,89.9687927701613,CI,1964.0,5.85,5,7,1,1,-80.4763432706932,43.4831786293908
60,300,74.4979343988697,DI,1964.0,8.5,7,7,0,0,,
56,450,1.88141096299307,DI,1968.0,8.5,0,1,6,1,-80.502936881436,43.4234799778811
56,450,4.47962242144824,DI,1968.0,8.5,7,1,6,1,-80.502936881436,43.4234799778811
17,200,27.6343250044136,PVC,2007.0,9.35,0,1,0,0,,
32,200,27.4083140148151,DI,1992.0,9.1,6,1,1,1,-80.5042021763691,43.4431668821553
32,200,1.06479308752716,DI,1992.0,9.1,0,1,1,1,-80.5042021763691,43.4431668821553
32,200,3.3528342695515,DI,1992.0,9.1,7,1,1,1,-80.5042021763691,43.4431668821553
32,200,2.3935446510242,DI,1992.0,9.1,7,1,1,1,-80.5042021763691,43.4431668821553
32,200,192.605665743762,DI,1992.0,7.85,7,1,1,1,-80.5042021763691,43.4431668821553
32,200,75.3858573362246,DI,1992.0,9.1,7,1,1,1,-80.5042021763691,43.4431668821553
29,300,2.03621870164489,PVC,1995.0,9.35,0,1,0,0,,
29,300,1.38453169024105,PVC,1995.0,9.35,0,1,0,0,,
29,300,14.8670368730924,PVC,1995.0,9.35,0,1,0,0,,
56,300,15.8471166082304,DI,1968.0,8.5,7,1,6,1,-80.502936881436,43.4234799778811
56,300,167.065384281425,DI,1968.0,8.5,7,1,6,1,-80.502936881436,43.4234799778811
56,300,167.767047431165,DI,1968.0,8.5,7,1,6,1,-80.502936881436,43.4234799778811
26,300,223.497968845513,PVC,1998.0,8.95,0,3,1,1,-80.5224608448573,43.4106967338158
26,300,289.700884644326,PVC,1998.0,9.35,0,10,0,0,,
18,200,1.24624542097631,PVC,2006.0,9.35,7,1,1,1,-80.5042021763691,43.4431668821553
18,200,161.293515987827,PVC,2006.0,9.35,6,1,0,0,,
18,200,164.596024531384,PVC,2006.0,9.35,6,1,0,0,,
18,200,135.509637296061,PVC,2006.0,9.35,7,1,0,0,,
18,200,105.630920334454,PVC,2006.0,9.35,6,1,0,0,,
18,300,81.7971701476559,PVC,2006.0,9.35,8,1,0,0,,
18,300,5.47898438722302,PVC,2006.0,9.35,8,1,0,0,,
32,300,8.64612216741682,DI,1992.0,9.1,7,1,0,0,,
32,300,6.16293697494728,DI,1992.0,9.1,7,1,1,1,-80.4968054769311,43.4557482065692
56,450,2.15141813034618,DI,1968.0,8.5,7,1,6,1,-80.502936881436,43.4234799778811
56,450,1.58040904165937,DI,1968.0,8.5,0,1,6,1,-80.502936881436,43.4234799778811
56,300,0.691671743352524,DI,1968.0,8.5,7,1,6,1,-80.502936881436,43.4234799778811
56,300,0.918446357158627,DI,1968.0,8.5,0,1,6,1,-80.502936881436,43.4234799778811
32,200,12.6752429209843,DI,1992.0,9.1,0,1,1,1,-80.5042021763691,43.4431668821553
77,150,132.879435362256,CI,1947.0,7.3,6,1,0,0,,
33,150,70.6935716618761,DI,1991.0,9.1,5,2,0,0,,
33,150,12.5469768994294,DI,1991.0,9.1,5,2,0,0,,
55,450,60.0026178760551,DI,1969.0,8.5,6,2,0,0,,
53,300,92.4458746313495,DI,1971.0,8.5,6,1,0,0,,
53,300,22.6511675535533,DI,1971.0,8.5,6,1,0,0,,
73,450,186.643035725656,CI,1951.0,7.75,7,1,0,0,,
56,150,14.112173718002,DI,1968.0,8.5,6,3,1,1,-80.5203766465575,43.4198337198759
56,150,80.4558402080081,DI,1968.0,8.5,6,3,0,0,,
32,300,10.2988329435294,DI,1992.0,9.1,6,1,0,0,,
99,150,60.3186013213828,CI,1925.0,7.75,5,1,0,0,,
37,150,15.375405703382,DI,1987.0,9.1,7,1,0,0,,
37,150,231.395914082359,DI,1987.0,9.1,7,1,0,0,,
37,150,9.38384162819685,DI,1987.0,9.1,7,1,0,0,,
64,150,168.961390555425,CI,1960.0,5.75,5,1,2,1,-80.5141935980766,43.4272675203351
39,200,5.98709382073989,DI,1985.0,9.1,6,0,0,0,,
39,200,51.2938539964973,DI,1985.0,9.1,6,0,0,0,,
39,200,10.5501427472823,DI,1985.0,9.1,6,0,0,0,,
49,300,97.2214433592406,DI,1975.0,8.5,7,3,0,0,,
49,300,10.8996837530026,DI,1975.0,8.5,7,3,0,0,,
49,300,166.889888282502,DI,1975.0,8.5,7,3,0,0,,
67,200,146.23272621396,CI,1957.0,6.55,6,1,2,1,-80.4995015362553,43.4289343851517
67,200,0.904708572123952,CI,1957.0,7.75,6,1,2,1,-80.4999532612671,43.4305705237327
20,200,12.2435462822753,PVC,2004.0,9.35,6,3,0,0,,
20,200,8.1057924377111,PVC,2004.0,9.35,6,3,0,0,,
77,150,1.52354450201176,CI,1947.0,7.75,5,1,0,0,,
29,300,83.920351263728,DI,1995.0,9.1,7,1,0,0,,
29,300,18.7540627587111,DI,1995.0,9.1,7,1,0,0,,
17,150,1.66400480738028,PVC,2007.0,9.35,6,1,0,0,,
11,200,3.57946012629038,PVC,2013.0,9.35,6,2,0,0,,
11,200,11.5173823120801,PVC,2013.0,9.35,6,2,0,0,,
66,750,2.0462877990646,CPP,1958.0,8.95,9,1,1,1,-80.5306258691107,43.4073064722364
66,750,423.783603836484,CPP,1958.0,8.95,9,1,1,1,-80.5306258691107,43.4073064722364
11,300,13.9160750893171,PVC,2013.0,9.35,6,2,0,0,,
11,300,106.308420034253,PVC,2013.0,9.35,6,2,0,0,,
11,300,69.5628238079938,PVC,2013.0,9.35,6,2,0,0,,
10,300,29.0102740198053,PVC,2014.0,9.35,8,1,0,0,,
10,300,45.4677581546946,PVC,2014.0,9.35,8,1,0,0,,
10,300,22.9953257594037,PVC,2014.0,9.35,8,1,0,0,,
36,300,2.22902471914417,DI,1988.0,5.18,0,3,1,1,-80.5392000408656,43.4335525866539
36,300,10.252054381467,DI,1988.0,9.1,7,0,1,1,-80.5392137788314,43.4335477733371
12,150,13.6806163972098,PVC,2012.0,9.35,6,0,0,0,,
12,150,50.4733490013004,PVC,2012.0,9.35,6,0,0,0,,
11,150,55.329436101177,PVC,2013.0,9.35,6,1,0,0,,
11,150,6.42482275931998,PVC,2013.0,9.35,6,1,0,0,,
24,300,1.48753584162739,PVC,2000.0,9.35,6,1,0,0,,
24,300,2.37407605604696,PVC,2000.0,9.35,6,1,0,0,,
13,200,54.3451898978561,PVC,2011.0,9.35,6,3,0,0,,
29,150,8.42961546906499,PVC,1995.0,9.35,5,1,0,0,,
29,150,4.20971006093299,PVC,1995.0,9.35,6,1,0,0,,
11,150,142.021072548123,PVC,2013.0,9.35,6,1,0,0,,
11,150,11.0632494385267,PVC,2013.0,9.35,5,1,0,0,,
17,150,7.99711218900378,PVC,2007.0,9.35,7,1,0,0,,
17,150,7.94668535928559,PVC,2007.0,9.35,7,1,0,0,,
29,150,4.03103451870211,PVC,1995.0,9.35,6,1,0,0,,
20,300,87.9303900841224,PVC,2004.0,9.35,6,1,0,0,,
18,300,1.87408644346341,PVC,2006.0,9.35,6,1,0,0,,
18,300,19.5790011686299,PVC,2006.0,9.35,6,1,0,0,,
18,300,8.66028253564131,PVC,2006.0,9.35,7,1,0,0,,
18,300,4.0685125363233,PVC,2006.0,9.35,7,1,0,0,,
18,300,166.112152961947,PVC,2006.0,9.35,7,1,0,0,,
20,300,36.5465490731244,PVC,2004.0,9.35,7,1,0,0,,
20,300,89.8777554532737,PVC,2004.0,9.35,7,1,0,0,,
20,300,11.1367407219543,PVC,2004.0,9.35,7,1,0,0,,
20,300,75.0103160918413,PVC,2004.0,9.35,7,1,0,0,,
20,300,54.7823692141321,PVC,2004.0,9.35,7,1,0,0,,
20,300,90.2854595046949,PVC,2004.0,9.35,7,1,0,0,,
49,300,0.609626509532205,DI,1975.0,8.5,7,1,1,1,-80.4390803813373,43.4723979603928
46,300,8.55854123080309,DI,1978.0,8.5,7,1,0,0,,
22,300,14.5825283533723,PVC,2002.0,9.35,7,1,0,0,,
22,300,130.722964210391,PVC,2002.0,9.35,7,1,0,0,,
17,200,5.77175285248448,PVC,2007.0,9.35,6,1,0,0,,
15,150,37.8440489558917,PVC,2009.0,9.35,6,1,0,0,,
15,150,14.6526567712288,PVC,2009.0,9.35,6,1,0,0,,
74,300,9.2121138508809,CI,1950.0,7.75,7,1,0,0,,
42,300,46.1507007441526,DI,1982.0,9.1,7,1,0,0,,
42,300,1.82916221173202,DI,1982.0,9.1,0,1,0,0,,
42,300,4.47023062679663,DI,1982.0,9.1,7,1,0,0,,
10,450,1.36800911334506,PVC,2014.0,9.35,0,1,1,1,-80.5008590669923,43.4343424488955
11,200,3.10622811193835,PVC,2013.0,9.35,5,2,0,0,,
11,200,3.11731030918284,PVC,2013.0,9.35,5,2,0,0,,
24,300,2.17186435147374,PVC,2000.0,9.35,6,1,5,1,-80.4189661503071,43.4250620931865
24,300,16.2486916672274,PVC,2000.0,9.35,6,1,5,1,-80.4189661503071,43.4250620931865
24,300,1.09946619755407,PVC,2000.0,9.35,0,1,5,1,-80.4189661503071,43.4250620931865
24,300,2.0748775767166,PVC,2000.0,9.35,0,1,5,1,-80.4189661503071,43.4250620931865
24,300,1.41667431687667,PVC,2000.0,9.35,6,1,5,1,-80.4189661503071,43.4250620931865
14,250,0.71769950485724,PVC,2010.0,9.35,7,1,0,0,,
44,150,20.6221453521453,DI,1980.0,8.5,5,1,0,0,,
44,150,4.15752331636147,DI,1980.0,8.5,6,1,0,0,,
33,150,17.6125690077031,DI,1991.0,9.1,5,1,0,0,,
33,150,3.41582355597973,DI,1991.0,9.1,5,1,0,0,,
33,150,5.35671632349052,DI,1991.0,9.1,5,1,0,0,,
33,150,125.191355885395,DI,1991.0,9.1,5,1,0,0,,
74,300,1.34917140490201,CI,1950.0,7.75,7,1,0,0,,
33,150,33.5493134611751,DI,1991.0,9.1,5,1,0,0,,
75,150,8.22994249323274,CI,1949.0,7.75,6,1,0,0,,
77,150,1.30818426783733,CI,1947.0,7.75,0,1,1,1,-80.4869706474725,43.4719867542457
77,150,10.5788682125302,CI,1947.0,7.75,5,1,1,1,-80.4875172034965,43.471302324448
74,150,12.3448263686504,CI,1950.0,7.75,7,1,2,1,-80.4885667314243,43.4697665682626
75,150,7.31450290829857,CI,1949.0,7.75,6,1,0,0,,
75,150,12.8032612029109,CI,1949.0,7.75,6,1,0,0,,
75,150,9.05482038776903,CI,1949.0,7.75,6,1,0,0,,
77,150,13.0091999750345,CI,1947.0,7.75,6,1,0,0,,
77,150,8.01150422865384,CI,1947.0,7.75,6,1,0,0,,
77,150,1.76346191230359,CI,1947.0,7.75,7,1,2,1,-80.4824019268087,43.4671578742031
77,150,8.00602909072205,CI,1947.0,7.75,7,1,2,1,-80.4824019268087,43.4671578742031
100,150,15.6696291065375,CI,1924.0,7.75,6,1,0,0,,
33,150,4.95669204113641,DI,1991.0,9.1,6,1,0,0,,
77,150,12.6485703677788,CI,1947.0,7.75,6,1,0,0,,
72,150,12.6384798393936,CI,1952.0,7.75,5,1,0,0,,
72,150,15.6970162042615,CI,1952.0,7.75,5,1,1,1,-80.4923177507851,43.4684968349219
72,150,7.58693297714935,CI,1952.0,7.75,5,1,0,0,,
16,150,1.33306926974736,PVC,2008.0,9.35,6,1,0,0,,
16,150,133.079529670521,PVC,2008.0,6.15,6,1,0,0,,
16,150,9.56966668021983,PVC,2008.0,9.35,6,1,0,0,,
65,150,1.11241357357072,CI,1959.0,7.75,5,1,5,1,-80.453280933076,43.4410921800946
65,150,214.529777936971,CI,1959.0,4.95,6,1,5,1,-80.453280933076,43.4410921800946
53,150,1.14116839389104,DI,1971.0,8.5,6,1,0,0,,
53,150,306.70989935686,DI,1971.0,7.3,6,1,2,1,-80.4603298891843,43.4370422209292
17,150,3.18561579574572,PVC,2007.0,9.35,6,1,0,0,,
29,150,69.0804123550299,PVC,1995.0,9.35,5,1,0,0,,
17,150,1.70401202040332,PVC,2007.0,9.35,6,1,0,0,,
17,150,6.99258797732859,PVC,2007.0,9.35,6,1,0,0,,
20,150,7.10670486332462,PVC,2004.0,9.35,6,1,0,0,,
20,150,1.66309677501173,PVC,2004.0,9.35,0,1,0,0,,
17,300,0.864442485242492,PVC,2007.0,9.35,6,1,0,0,,
17,150,10.4165467628308,PVC,2007.0,9.35,6,1,0,0,,
15,150,4.04432483359273,PVC,2009.0,9.35,6,1,0,0,,
20,150,3.18243083487122,PVC,2004.0,9.35,0,1,1,1,-80.5001847032869,43.4573161929359
20,150,8.60553518246349,PVC,2004.0,9.35,6,1,0,0,,
30,200,9.56682946008926,DI,1994.0,9.1,7,1,0,0,,
17,300,5.59048047693154,PVC,2007.0,9.35,7,1,0,0,,
17,300,1.33354626825411,PVC,2007.0,9.35,7,1,0,0,,
75,150,80.7558874276271,CI,1949.0,7.75,5,1,0,0,,
34,300,20.5641979258432,DI,1990.0,9.1,7,1,0,0,,
34,300,85.1235151196532,DI,1990.0,9.1,7,1,0,0,,
34,300,147.17846324303,DI,1990.0,9.1,7,1,0,0,,
34,300,99.0929448296811,DI,1990.0,9.1,7,1,0,0,,
34,300,18.6943488959324,DI,1990.0,9.1,7,1,0,0,,
34,300,99.0922973165156,DI,1990.0,9.1,8,1,0,0,,
46,150,12.9376439885115,DI,1978.0,8.5,6,1,0,0,,
46,150,82.605999808611,DI,1978.0,8.5,6,1,0,0,,
59,150,8.01113220555675,DI,1965.0,8.5,6,1,0,0,,
59,150,132.434399635007,DI,1965.0,8.5,6,1,0,0,,
39,150,93.4559764583288,DI,1985.0,9.1,5,1,0,0,,
39,150,57.5818222819405,DI,1985.0,9.1,0,1,0,0,,
39,150,173.864496452199,DI,1985.0,9.1,5,1,0,0,,
39,150,3.14740848323306,DI,1985.0,9.1,6,1,0,0,,
60,150,7.31811010567129,CI,1964.0,7.85,5,3,5,1,-80.5198000062665,43.4282468909119
60,150,7.34540070640562,CI,1964.0,7.85,5,3,5,1,-80.5198000062665,43.4282468909119
60,150,291.82370695868,CI,1964.0,4.6,6,3,5,1,-80.5198000062665,43.4282468909119
78,150,118.785588418882,CI,1946.0,7.75,6,1,0,0,,
22,300,103.217726911013,PVC,2002.0,9.35,7,1,0,0,,
22,300,98.1483411398036,PVC,2002.0,9.35,7,1,0,0,,
22,300,99.3809531705029,PVC,2002.0,9.35,7,1,0,0,,
22,300,99.8817011907955,PVC,2002.0,9.35,7,1,0,0,,
39,300,20.551050125539,DI,1985.0,9.1,6,1,0,0,,
39,300,10.736883592782,DI,1985.0,9.1,6,1,0,0,,
75,150,183.592377587722,CI,1949.0,7.75,6,1,0,0,,
31,150,6.40186921045507,PVC,1993.0,9.35,5,1,0,0,,
31,150,5.78513886393421,PVC,1993.0,9.35,5,1,0,0,,
30,150,131.952527247243,PVC,1994.0,9.35,5,1,0,0,,
31,150,118.334450461968,PVC,1993.0,9.35,5,1,0,0,,
70,150,78.0637253695227,CI,1954.0,7.75,6,1,0,0,,
76,150,0.416277599895985,CI,1948.0,7.75,7,1,0,0,,
23,200,9.69223102456466,PVC,2001.0,9.35,7,1,0,0,,
21,300,11.673835003335,PVC,2003.0,9.35,7,1,0,0,,
50,300,7.48330102585051,DI,1974.0,8.5,7,1,1,1,-80.4951468967102,43.4531679493483
50,450,9.70265460988716,DI,1974.0,8.5,7,1,1,1,-80.4951468967102,43.4531679493483
50,300,4.57179354463459,DI,1974.0,8.5,7,1,1,1,-80.4951468967102,43.4531679493483
50,300,4.83810642317864,DI,1974.0,4.58,7,1,1,1,-80.4951468967102,43.4531679493483
16,150,8.60298591090782,PVC,2008.0,9.35,7,1,0,0,,
57,300,1.44612486416293,DI,1967.0,8.5,0,1,0,0,,
57,300,1.76064615465125,DI,1967.0,8.5,0,1,0,0,,
57,300,1.24398906721161,DI,1967.0,8.5,7,1,0,0,,
30,150,11.697774157689,DI,1994.0,9.1,7,1,0,0,,
28,150,12.2474854222014,DI,1996.0,9.1,7,1,0,0,,
15,300,21.1948085148855,PVC,2009.0,9.35,7,1,1,1,-80.4965637623951,43.4553574792725
28,300,0.834996730578986,DI,1996.0,9.1,7,1,0,0,,
28,300,8.40664272846452,DI,1996.0,9.1,7,1,0,0,,
32,300,5.21596946254451,DI,1992.0,9.1,7,1,1,1,-80.4965637623951,43.4553574792725
32,300,1.0641490727688,DI,1992.0,9.1,7,1,1,1,-80.4968054769311,43.4557482065692
64,450,15.1531483412782,CI,1960.0,3.95,7,1,0,0,,
34,300,5.79463681741432,DI,1990.0,9.1,7,1,1,1,-80.4968054769311,43.4557482065692
39,200,86.4058435198679,DI,1985.0,9.1,6,2,0,0,,
39,200,243.67416103762,DI,1985.0,9.1,6,2,0,0,,
39,200,12.2824258183621,DI,1985.0,9.1,5,2,0,0,,
39,200,123.415437550576,DI,1985.0,9.1,6,2,0,0,,
94,300,95.6552557948032,CI,1930.0,7.75,7,1,0,0,,
50,300,153.796105499202,DI,1974.0,8.5,6,1,0,0,,
50,300,12.1781195776383,DI,1974.0,8.5,6,1,0,0,,
32,150,87.4411227284166,DI,1992.0,8.65,5,7,3,1,-80.4663307506828,43.4785680202244
32,150,90.7936992388658,DI,1992.0,8.65,6,7,3,1,-80.4663307506828,43.4785680202244
32,150,93.5355819033075,DI,1992.0,5.9,5,7,3,1,-80.4663307506828,43.4785680202244
32,150,13.9389367857703,DI,1992.0,9.1,5,7,3,1,-80.4663307506828,43.4785680202244
14,200,11.3998354598823,PVC,2010.0,9.35,6,1,0,0,,
14,200,60.6010721251914,PVC,2010.0,9.35,6,5,0,0,,
14,200,10.5939353406407,PVC,2010.0,9.35,6,5,0,0,,
39,300,42.9551336819041,DI,1985.0,9.1,6,1,0,0,,
51,300,98.5345605617932,DI,1973.0,8.5,6,1,0,0,,
25,200,1.45144342529278,PVC,1999.0,9.35,0,1,2,1,-80.4469060506385,43.4360051672127
25,200,83.125534873528,PVC,1999.0,9.35,7,1,0,0,,
57,300,3.76396864976805,DI,1967.0,8.5,8,1,0,0,,
57,300,17.1387378126977,DI,1967.0,8.5,7,1,0,0,,
60,150,12.324945056374,CI,1964.0,7.85,5,3,1,1,-80.5198732432541,43.4272663574063
60,150,138.667654491288,CI,1964.0,6.65,6,3,1,1,-80.5198732432541,43.4272663574063
34,200,12.7045219180685,PVC,1990.0,9.35,6,2,0,0,,
34,200,4.44651818817267,PVC,1990.0,9.35,6,2,0,0,,
34,200,152.788064867878,PVC,1990.0,9.35,7,2,0,0,,
33,300,47.2281008687643,DI,1991.0,9.1,6,1,0,0,,
33,300,171.990701123692,DI,1991.0,9.1,6,1,0,0,,
33,300,126.672284529413,DI,1991.0,9.1,6,1,0,0,,
30,200,84.8590671510627,DI,1994.0,9.1,6,1,0,0,,
13,150,61.3840243124091,PVC,2011.0,9.35,5,6,0,0,,
25,300,73.2383703372701,PVC,1999.0,9.35,7,3,0,0,,
25,300,7.48236032241429,PVC,1999.0,9.35,6,3,0,0,,
63,200,124.606488238257,CI,1961.0,4.5,6,1,2,1,-80.4559810949638,43.4209847883231
52,150,68.7521531066992,DI,1972.0,8.5,6,1,0,0,,
52,150,7.26632787729463,DI,1972.0,8.5,6,1,0,0,,
68,100,1.27143564500763,CI,1956.0,7.75,4,1,0,0,,
68,100,142.484849984706,CI,1956.0,6.55,4,1,0,0,,
68,100,0.928482030132051,CI,1956.0,7.75,4,1,0,0,,
53,300,7.31016267893213,DI,1971.0,8.5,6,1,0,0,,
53,300,262.471374485994,DI,1971.0,8.5,6,1,0,0,,
53,300,2.4301733466529,DI,1971.0,8.5,6,1,0,0,,
21,300,10.2292599100565,PVC,2003.0,9.35,6,3,0,0,,
21,300,82.6351926699178,PVC,2003.0,9.35,7,3,0,0,,
21,300,10.6785796500943,PVC,2003.0,9.35,6,3,0,0,,
14,200,4.61080510392453,PVC,2010.0,9.35,6,1,0,0,,
39,200,7.12697991936382,DI,1985.0,9.1,6,1,0,0,,
39,200,73.1716948074473,DI,1985.0,9.1,6,1,0,0,,
39,200,7.22089914739887,DI,1985.0,9.1,6,1,0,0,,
16,300,2.07698293711609,PVC,2008.0,9.35,6,0,0,0,,
16,300,1.41974755900427,PVC,2008.0,9.35,0,0,0,0,,
33,300,71.981428528919,DI,1991.0,9.1,6,1,0,0,,
18,450,99.1650304408834,PVC,2006.0,9.35,0,1,0,0,,
34,300,161.881447696999,DI,1990.0,9.1,6,1,0,0,,
53,150,5.0805854462604,CI,1971.0,7.75,5,3,3,1,-80.509926222045,43.4180968811212
53,150,1.14416478147875,CI,1971.0,3.83,5,3,3,1,-80.509926222045,43.4180968811212
53,150,65.7155143129754,CI,1971.0,4.1,5,3,3,1,-80.509926222045,43.4180968811212
46,150,7.60453643534785,DI,1978.0,8.5,6,1,0,0,,
46,150,79.8670656384574,DI,1978.0,8.5,6,1,0,0,,
68,100,45.54610522767,CI,1956.0,7.75,5,1,0,0,,
68,100,1.37117129516892,CI,1956.0,7.75,5,1,1,1,-80.4591009117007,43.4589342923012
29,150,34.4596471042449,DI,1995.0,9.1,5,1,0,0,,
29,150,0.863674475501778,DI,1995.0,9.1,5,1,0,0,,
38,150,13.1069203084738,DI,1986.0,9.1,5,0,0,0,,
38,150,84.8445405295937,DI,1986.0,9.1,5,0,0,0,,
62,150,7.62010344294307,CI,1962.0,7.85,6,1,1,1,-80.4562761947933,43.462067421661
62,150,54.1537251915536,CI,1962.0,7.85,5,1,1,1,-80.4562761947933,43.462067421661
16,150,127.152272890749,PVC,2008.0,7.75,6,1,0,0,,
16,150,2.50307496024934,PVC,2008.0,9.35,0,1,0,0,,
16,150,83.4229309270969,PVC,2008.0,9.35,6,1,0,0,,
16,150,8.63278721398117,PVC,2008.0,9.35,6,1,0,0,,
58,300,53.5725052141456,CI,1966.0,7.85,6,1,3,1,-80.4857842397749,43.4575510698103
73,250,272.417506901414,DI,1951.0,8.5,6,1,0,0,,
34,200,145.726845344985,DI,1990.0,9.1,6,3,0,0,,
34,200,0.612457345797668,DI,1990.0,9.1,6,3,0,0,,
37,150,84.0963661174414,DI,1987.0,9.1,5,3,0,0,,
18,150,12.3633576232689,PVC,2006.0,9.35,6,0,0,0,,
18,150,111.016974937657,PVC,2006.0,9.35,6,0,0,0,,
59,150,77.4625787796627,PVC,1965.0,6.65,4,1,1,1,-80.4512165702281,43.3800075067725
48,150,5.1816036738428,DI,1976.0,8.5,5,1,0,0,,
48,150,85.1577226739483,DI,1976.0,8.5,5,1,0,0,,
36,200,6.15128616212042,DI,1988.0,9.1,6,1,0,0,,
36,200,75.1352063347736,DI,1988.0,9.1,6,1,0,0,,
25,300,16.9966161232165,PVC,1999.0,9.35,6,3,0,0,,
26,300,138.780443969676,PVC,1998.0,9.35,7,3,0,0,,
26,300,95.2262729267773,PVC,1998.0,9.35,7,3,0,0,,
26,300,76.6625093766269,PVC,1998.0,9.35,7,3,0,0,,
26,300,4.01771254353882,PVC,1998.0,9.35,6,3,0,0,,
32,300,7.2657073872354,DI,1992.0,9.1,7,3,0,0,,
32,300,181.215966113009,DI,1992.0,9.1,6,3,0,0,,
32,300,12.4306854635597,DI,1992.0,9.1,7,3,0,0,,
32,300,370.767230547939,DI,1992.0,9.1,7,3,0,0,,
34,300,12.6032489653621,DI,1990.0,9.1,7,1,0,0,,
69,150,146.565146516049,CI,1955.0,6.1,5,1,1,1,-80.4872174746856,43.4720693109377
14,150,7.15433612907116,PVC,2010.0,9.35,6,1,0,0,,
17,200,35.1039809571366,PVC,2007.0,9.35,5,1,0,0,,
17,200,7.43996108079959,PVC,2007.0,9.35,5,1,0,0,,
37,300,5.4403577061263,DI,1987.0,9.1,6,1,0,0,,
37,300,5.43290334551611,DI,1987.0,9.1,6,1,0,0,,
18,300,1.1779490019397,PVC,2006.0,9.35,6,1,0,0,,
17,300,77.6003517915552,PVC,2007.0,9.35,7,1,0,0,,
57,150,96.3695929271681,CI,1967.0,5.85,6,1,1,1,-80.4631709775639,43.4239562453467
57,150,3.12091599662134,CI,1967.0,7.85,7,1,1,1,-80.4631709775639,43.4239562453467
65,150,210.962130712869,CI,1959.0,7.35,6,1,1,1,-80.4621877355514,43.4608195594378
65,150,6.23564196497065,CI,1959.0,7.75,6,1,0,0,,
16,250,4.14501731380348,PVC,2008.0,9.35,7,0,0,0,,
16,250,1.57419656290164,PVC,2008.0,9.35,7,3,0,0,,
16,250,6.85607311485682,PVC,2008.0,9.35,6,3,0,0,,
16,250,6.29006329966889,PVC,2008.0,9.35,6,0,0,0,,
14,150,5.31938699151368,PVC,2010.0,9.35,6,6,0,0,,
14,150,3.16877634772823,PVC,2010.0,9.35,6,6,0,0,,
26,200,9.33334706742146,PVC,1998.0,9.35,6,5,0,0,,
26,200,137.101251537996,PVC,1998.0,9.35,6,5,0,0,,
26,200,52.302564204772,PVC,1998.0,9.35,6,5,0,0,,
50,300,68.0116491497397,DI,1974.0,8.5,7,1,0,0,,
59,150,82.5980151544535,DI,1965.0,8.5,5,1,0,0,,
59,150,7.58412473522603,DI,1965.0,8.5,5,1,0,0,,
39,150,87.9272377462859,DI,1985.0,9.1,5,1,0,0,,
55,300,14.1376743381507,DI,1969.0,8.5,7,3,2,1,-80.5255316511009,43.4203687169179
55,300,91.7042795765492,DI,1969.0,8.5,7,3,2,1,-80.5255316511009,43.4203687169179
55,300,75.4839924226339,DI,1969.0,6.1,7,3,2,1,-80.5255316511009,43.4203687169179
71,150,7.80227418166464,CI,1953.0,7.75,6,1,1,1,-80.5085746893401,43.4433488031775
71,150,236.575780052922,CI,1953.0,7.35,6,1,1,1,-80.5085746893401,43.4433488031775
42,300,2.13360142546902,DI,1982.0,9.1,7,1,0,0,,
42,300,36.0266684687251,DI,1982.0,9.1,8,1,0,0,,
42,300,137.207028223786,DI,1982.0,9.1,6,1,0,0,,
27,300,12.6152123084679,PVC,1997.0,9.35,6,1,0,0,,
27,300,50.7987090679481,PVC,1997.0,9.35,6,1,0,0,,
37,750,304.203899157395,CPP,1987.0,8.95,7,5,1,1,-80.4140484544242,43.4244885133836
37,750,231.014138791217,CPP,1987.0,9.35,7,5,5,1,-80.4189661503071,43.4250620931865
37,750,66.5186263089513,CPP,1987.0,9.35,6,1,5,1,-80.4189661503071,43.4250620931865
14,150,0.938293562719211,PVC,2010.0,9.35,5,1,0,0,,
14,150,9.41517896539355,PVC,2010.0,9.35,5,1,0,0,,
24,150,1.67917089026302,PVC,2000.0,9.35,5,4,0,0,,
24,150,5.59982966953506,PVC,2000.0,9.35,5,4,0,0,,
24,150,201.477797195493,PVC,2000.0,9.35,5,4,0,0,,
20,250,12.4227884343888,PVC,2004.0,9.35,6,2,0,0,,
20,250,130.196644634255,PVC,2004.0,9.35,6,2,0,0,,
20,250,6.16596657801181,PVC,2004.0,9.35,6,2,0,0,,
20,250,150.006977876118,PVC,2004.0,9.35,6,2,0,0,,
29,250,1.21025782535905,DI,1995.0,9.1,0,2,0,0,,
29,250,9.265000663383,DI,1995.0,9.1,0,2,0,0,,
62,200,80.0811611464149,CI,1962.0,5.45,5,3,2,1,-80.5181317954516,43.4264396943658
21,150,153.997750485368,PVC,2003.0,9.35,5,3,0,0,,
21,150,7.39205898317995,PVC,2003.0,9.35,5,3,0,0,,
21,150,87.3535362907866,PVC,2003.0,9.35,5,3,0,0,,
21,150,57.207285046352,PVC,2003.0,9.35,5,3,0,0,,
14,150,14.0561940405927,PVC,2010.0,9.35,5,1,0,0,,
51,200,55.2252251637285,DI,1973.0,8.5,6,1,0,0,,
28,150,14.1525411246559,PVC,1996.0,9.35,5,3,0,0,,
28,150,99.3749932845279,PVC,1996.0,9.35,5,3,0,0,,
25,200,5.55799080163074,PVC,1999.0,9.35,7,1,1,1,-80.4517858010877,43.437249567964
25,200,11.8064578053334,PVC,1999.0,9.35,7,1,1,1,-80.4517858010877,43.437249567964
25,200,1.18091388215587,PVC,1999.0,9.35,0,1,0,0,,
10,150,17.7669702205964,PVC,2014.0,9.35,5,1,4,1,-80.4617537616621,43.4481672962605
39,300,161.561681270424,DI,1985.0,9.1,7,1,0,0,,
39,300,7.50285302632894,DI,1985.0,9.1,7,1,0,0,,
78,150,8.17088850310738,CI,1946.0,7.75,6,1,0,0,,
75,150,2.22495451640645,CI,1949.0,7.75,6,1,0,0,,
10,150,85.999622657827,PVC,2014.0,9.35,5,1,0,0,,
10,200,67.836864015494,PVC,2014.0,9.35,5,6,0,0,,
10,200,34.150106356569,PVC,2014.0,9.35,6,6,0,0,,
10,200,11.0624702317594,PVC,2014.0,9.35,5,6,0,0,,
10,200,65.9475430083669,PVC,2014.0,9.35,5,6,0,0,,
10,200,159.865721553367,PVC,2014.0,9.35,5,6,0,0,,
10,200,11.7373713347424,PVC,2014.0,9.35,5,6,0,0,,
91,300,1.75278573495563,CI,1933.0,7.75,7,1,0,0,,
91,300,6.87390801300814,CI,1933.0,7.75,7,1,0,0,,
39,150,5.97180132100789,DI,1985.0,9.1,7,1,0,0,,
48,150,7.93649296765581,DI,1976.0,8.5,6,3,0,0,,
48,150,253.484711252778,DI,1976.0,8.5,6,3,0,0,,
48,150,6.85879282753402,DI,1976.0,8.5,6,3,0,0,,
48,150,122.53734149969,DI,1976.0,8.5,6,3,0,0,,
62,200,7.42002730287103,CI,1962.0,7.85,0,3,2,1,-80.5172826786722,43.4275940357808
62,200,127.001941327328,CI,1962.0,5.45,5,1,2,1,-80.5172826786722,43.4275940357808
56,300,22.5053074473606,DI,1968.0,8.5,7,1,0,0,,
11,300,28.1698243608018,PVC,2013.0,9.35,6,3,0,0,,
11,300,27.4575619058658,PVC,2013.0,9.35,6,3,0,0,,
11,150,7.44057812446848,PVC,2013.0,9.35,5,3,0,0,,
47,600,3.83001370537882,DI,1977.0,8.5,7,1,0,0,,
47,600,369.542504319868,DI,1977.0,8.5,8,1,0,0,,
47,600,10.1551019728626,DI,1977.0,8.5,7,1,0,0,,
18,150,229.279488753297,PVC,2006.0,9.35,6,1,0,0,,
56,300,3.96248215111448,DI,1968.0,8.5,0,3,3,1,-80.5241396959951,43.4386532512731
56,300,4.1121688980563,DI,1968.0,8.5,7,1,3,1,-80.5241396959951,43.4386532512731
56,150,1.41142424458048,DI,1968.0,8.5,7,1,3,1,-80.5241396959951,43.4386532512731
56,150,12.6758194846808,DI,1968.0,8.5,7,3,0,0,,
14,600,297.136526989124,PVC,2010.0,9.35,7,1,0,0,,
14,600,220.865209306504,PVC,2010.0,9.35,0,1,0,0,,
14,600,204.484932227461,PVC,2010.0,8.95,0,1,1,1,-80.5183902521637,43.4403971689753
14,600,127.087534627839,PVC,2010.0,9.35,0,1,0,0,,
40,300,215.245687419032,DI,1984.0,8.7,7,1,1,1,-80.489666168317,43.4421523733386
35,900,114.992691518648,CPP,1989.0,9.35,7,1,3,1,-80.5178589287232,43.4226879482427
35,900,214.74269429726,CPP,1989.0,9.35,7,1,3,1,-80.5178589287232,43.4226879482427
35,900,335.954782471097,CPP,1989.0,9.35,8,1,4,1,-80.5190342345688,43.4236865966143
35,900,94.4613883239945,CPP,1989.0,9.35,0,1,1,1,-80.5225329014624,43.4272265885811
35,900,233.298955731232,CPP,1989.0,9.35,8,1,0,0,,
35,900,24.6171708044049,CPP,1989.0,9.35,0,1,0,0,,
35,900,481.586709281781,CPP,1989.0,9.35,9,1,0,0,,
35,900,58.4423920149135,CPP,1989.0,9.35,7,1,0,0,,
35,900,506.339148162564,CPP,1989.0,9.35,7,1,0,0,,
72,150,98.2218368517974,CI,1952.0,7.75,5,1,0,0,,
69,150,306.31741593922,CI,1955.0,4.55,6,1,8,1,-80.4722322203196,43.4577890974692
69,150,9.86183195140678,CI,1955.0,7.75,6,1,1,1,-80.4714603361399,43.4567706738022
34,150,52.5681912855347,DI,1990.0,9.1,0,1,0,0,,
29,150,110.956091390507,PVC,1995.0,9.35,6,1,0,0,,
49,150,54.2619090761588,PVC,1975.0,9.35,6,1,0,0,,
35,300,116.584604820437,DI,1989.0,9.1,6,1,0,0,,
54,150,12.5690011189235,DI,1970.0,8.5,6,1,0,0,,
54,150,9.39464948111788,DI,1970.0,8.5,5,1,0,0,,
57,150,12.6370443016005,CI,1967.0,7.85,5,1,1,1,-80.433675767358,43.4520960151711
57,150,103.668254842336,CI,1967.0,7.85,5,1,1,1,-80.433675767358,43.4520960151711
57,150,100.873536161036,CI,1967.0,6.25,5,1,1,1,-80.433675767358,43.4520960151711
51,150,166.87388436464,DI,1973.0,7.7,5,3,1,1,-80.5340508658973,43.4229011132792
51,150,12.4970735937719,DI,1973.0,8.5,5,3,1,1,-80.5340508658973,43.4229011132792
20,300,92.9792048850654,PVC,2004.0,9.35,7,1,0,0,,
29,200,6.75693072237624,DI,1995.0,9.1,6,1,0,0,,
29,200,65.5924864790731,DI,1995.0,9.1,6,1,0,0,,
53,250,13.2205649530708,DI,1971.0,8.5,6,3,2,1,-80.5259310640223,43.4251014615872
53,250,72.7715060715338,DI,1971.0,6.1,6,3,2,1,-80.5259310640223,43.4251014615872
36,200,11.240089896313,DI,1988.0,9.1,6,1,0,0,,
21,300,78.3731643107838,PVC,2003.0,9.35,6,3,0,0,,
21,300,14.6656567541652,PVC,2003.0,9.35,6,3,0,0,,
60,150,69.323103776121,CI,1964.0,7.85,5,1,0,0,,
14,300,61.4381005983737,PVC,2010.0,9.35,8,1,0,0,,
27,150,1.30765255217877,PVC,1997.0,9.35,0,1,0,0,,
27,150,90.1255932519686,PVC,1997.0,9.35,7,1,0,0,,
27,150,99.5275786475254,PVC,1997.0,9.35,6,1,0,0,,
27,150,98.8433891654835,PVC,1997.0,9.35,7,1,0,0,,
55,300,99.1447918420973,DI,1969.0,8.5,7,1,0,0,,
55,300,10.8424175218931,DI,1969.0,8.5,7,1,0,0,,
20,150,3.4610913953183,PVC,2004.0,9.35,6,1,0,0,,
50,150,7.61997503583383,DI,1974.0,8.5,6,3,0,0,,
50,150,66.7510439194144,DI,1974.0,8.5,6,3,0,0,,
28,300,162.787018718116,PVC,1996.0,9.35,7,1,0,0,,
16,150,7.33464229146087,PVC,2008.0,9.35,6,1,2,1,-80.4565067426225,43.4264355555769
16,150,11.9225679093469,PVC,2008.0,5.43,6,1,2,1,-80.4565067426225,43.4264355555769
16,150,7.63314405342386,PVC,2008.0,9.35,7,1,2,1,-80.5064032467737,43.4421469412875
46,300,41.7551465662733,DI,1978.0,8.5,7,1,0,0,,
46,300,11.9434690018408,DI,1978.0,8.5,6,1,0,0,,
46,300,172.149626712571,DI,1978.0,8.5,6,1,0,0,,
36,300,119.566401536915,DI,1988.0,9.1,6,1,0,0,,
36,300,2.68958836440116,DI,1988.0,9.1,6,1,0,0,,
24,300,51.4522821944031,PVC,2000.0,9.35,7,1,0,0,,
24,300,6.1166109007978,PVC,2000.0,9.35,6,1,0,0,,
24,300,27.0801243419436,PVC,2000.0,9.35,7,1,0,0,,
19,150,10.4489526798778,PVC,2005.0,9.35,6,4,0,0,,
19,150,79.9757259741682,PVC,2005.0,9.35,6,4,0,0,,
19,150,6.45609255252284,PVC,2005.0,9.35,6,4,0,0,,
52,300,13.8584861576503,DI,1972.0,8.5,6,2,0,0,,
52,300,49.9033838430117,DI,1972.0,8.5,6,2,0,0,,
12,300,83.044649236279,PVC,2012.0,9.35,6,0,0,0,,
12,300,12.2836685416573,PVC,2012.0,9.35,6,0,0,0,,
12,300,106.126580115575,PVC,2012.0,9.35,6,0,0,0,,
72,450,108.741632299823,AC,1952.0,6.9,6,3,0,0,,
17,450,80.6726224923641,PVC,2007.0,9.35,7,0,0,0,,
27,300,10.8000394742431,PVC,1997.0,9.35,6,2,0,0,,
27,300,1.24203529668709,PVC,1997.0,9.35,7,2,0,0,,
27,300,62.6261663389572,PVC,1997.0,9.35,7,2,0,0,,
10,150,27.8847781722248,PVC,2014.0,9.35,0,1,0,0,,
10,150,64.7033123959936,PVC,2014.0,9.35,5,1,0,0,,
29,300,0.260251020415928,PVC,1995.0,9.35,7,1,0,0,,
29,300,87.2746886282793,PVC,1995.0,9.35,7,1,0,0,,
11,300,4.9468015519643,PVC,2013.0,9.35,6,2,0,0,,
11,300,75.3675788702494,PVC,2013.0,9.35,6,2,0,0,,
24,300,13.2654810800117,PVC,2000.0,9.35,7,2,0,0,,
24,300,6.28310299161928,PVC,2000.0,9.35,6,2,0,0,,
24,300,62.1318212501578,PVC,2000.0,9.35,6,2,0,0,,
14,450,30.5923169387921,PVC,2010.0,9.35,6,1,0,0,,
14,450,3.60680060464051,PVC,2010.0,9.35,6,1,0,0,,
30,200,81.3285804291408,PVC,1994.0,9.35,7,0,0,0,,
30,200,19.9596401615885,PVC,1994.0,9.35,7,0,0,0,,
18,200,6.61935036062116,PVC,2006.0,9.35,5,1,0,0,,
18,200,74.4428667950133,PVC,2006.0,9.35,6,1,0,0,,
57,150,8.28605403058971,CI,1967.0,7.85,6,1,3,1,-80.4501035898585,43.4227281486621
57,150,216.711660110497,CI,1967.0,6.25,6,1,3,1,-80.4501035898585,43.4227281486621
57,150,8.19203242388934,CI,1967.0,7.85,6,1,3,1,-80.4501035898585,43.4227281486621
57,150,227.100829096883,CI,1967.0,7.45,6,1,3,1,-80.4501035898585,43.4227281486621
57,150,1.82827731560779,CI,1967.0,7.85,6,1,3,1,-80.4501035898585,43.4227281486621
47,150,13.3750847780516,DI,1977.0,8.5,6,0,1,1,-80.5435660738886,43.4178308145095
46,150,1.59139737373208,DI,1978.0,8.5,6,0,0,0,,
14,150,189.710168860664,DI,2010.0,8.5,7,0,0,0,,
33,300,9.17992608186894,DI,1991.0,9.1,6,3,0,0,,
33,300,115.845419311673,DI,1991.0,9.1,6,3,0,0,,
33,300,7.6967188898167,DI,1991.0,9.1,6,3,0,0,,
29,300,5.36296889781058,PVC,1995.0,9.35,6,1,0,0,,
29,300,55.6946051268026,DI,1995.0,9.1,6,1,0,0,,
29,300,38.5501643098712,DI,1995.0,9.1,6,1,0,0,,
11,200,12.9996934515749,PVC,2013.0,9.35,6,2,0,0,,
11,200,59.1532169698031,PVC,2013.0,9.35,6,2,0,0,,
11,200,137.593429837392,PVC,2013.0,9.35,6,2,0,0,,
11,200,12.7592919010763,PVC,2013.0,9.35,6,2,0,0,,
11,200,79.0797444322679,PVC,2013.0,9.35,6,2,0,0,,
13,150,44.697995973499,PVC,2011.0,9.35,5,6,0,0,,
13,150,11.9432826651193,PVC,2011.0,9.35,5,6,0,0,,
13,150,9.781265407817,PVC,2011.0,9.35,5,6,0,0,,
13,150,5.99445708137516,PVC,2011.0,9.35,6,6,0,0,,
22,300,100.687137938622,PVC,2002.0,9.35,7,1,0,0,,
22,300,97.2021420113121,PVC,2002.0,9.35,8,1,0,0,,
43,150,10.5201915954736,DI,1981.0,8.5,7,1,0,0,,
22,150,4.70152206798784,PVC,2002.0,9.35,6,1,0,0,,
43,300,25.0039897803808,DI,1981.0,8.5,7,1,0,0,,
94,300,14.8253536349326,CI,1930.0,7.75,7,1,1,1,-80.4790915213854,43.460374430445
94,300,5.05133912030411,CI,1930.0,7.75,7,1,0,0,,
43,300,5.79892868713556,DI,1981.0,8.5,7,1,1,1,-80.4790915213854,43.460374430445
43,300,12.8638866877503,DI,1981.0,8.5,6,1,0,0,,
43,150,7.59134115196354,DI,1981.0,8.5,6,1,0,0,,
43,150,4.12652165917379,DI,1981.0,8.5,7,1,0,0,,
17,150,9.879542107984,PVC,2007.0,9.35,6,1,0,0,,
73,150,0.403941493412305,CI,1951.0,7.75,6,1,7,1,-80.479171995521,43.4618531228383
66,200,87.088624626067,CI,1958.0,7.75,6,1,0,0,,
27,150,7.32729569776954,PVC,1997.0,9.35,5,1,0,0,,
27,150,194.137359765734,PVC,1997.0,9.35,7,1,0,0,,
27,150,4.76946621822756,PVC,1997.0,9.35,5,1,2,1,-80.4895185845332,43.4739362799816
31,300,41.1342044948454,DI,1993.0,9.1,7,1,1,1,-80.4733497303023,43.4721678261305
31,300,92.6720546895029,DI,1993.0,9.1,7,1,1,1,-80.4733497303023,43.4721678261305
31,300,91.6932007688181,DI,1993.0,9.1,7,1,1,1,-80.4733497303023,43.4721678261305
31,300,94.0694153139671,DI,1993.0,9.1,7,1,1,1,-80.4733497303023,43.4721678261305
31,300,63.7243661958713,DI,1993.0,9.1,7,1,1,1,-80.4733497303023,43.4721678261305
73,150,8.4876801156784,CI,1951.0,7.75,6,1,0,0,,
73,150,12.6237734479955,CI,1951.0,7.75,5,1,0,0,,
29,300,24.7815375275997,DI,1995.0,9.1,7,1,0,0,,
96,150,7.69469971694199,CI,1928.0,7.75,7,1,0,0,,
29,300,6.23900568286697,DI,1995.0,9.1,7,1,0,0,,
29,300,95.1841762879142,DI,1995.0,9.1,7,1,0,0,,
59,200,15.061695519142,CI,1965.0,7.85,6,1,1,1,-80.4426942687979,43.4583376711666
59,150,7.61534968940146,CI,1965.0,7.85,5,1,5,1,-80.4413514845355,43.4560894149175
98,150,63.119295626334,CI,1926.0,3.7,7,1,2,1,-80.4789354452969,43.4412556181755
98,150,22.2982525889679,CI,1926.0,7.75,7,1,2,1,-80.4789354452969,43.4412556181755
46,150,12.3320952390334,DI,1978.0,9.1,6,0,0,0,,
46,150,177.460442316691,DI,1978.0,9.1,6,0,0,0,,
46,150,99.6954438562501,DI,1978.0,9.1,6,0,0,0,,
49,300,23.6254406803355,DI,1975.0,8.5,6,0,0,0,,
49,300,51.9995048285162,DI,1975.0,8.5,6,0,0,0,,
14,150,83.2968998308341,PVC,2010.0,9.35,6,1,0,0,,
14,150,8.4729606065428,PVC,2010.0,9.35,6,1,0,0,,
30,200,6.28714282134097,DI,1994.0,9.1,7,1,0,0,,
30,200,1.29055076620111,DI,1994.0,9.1,7,1,0,0,,
28,200,16.5646900938311,PVC,1996.0,9.35,7,1,0,0,,
28,200,1.55832042908392,PVC,1996.0,9.35,7,1,0,0,,
30,200,14.3198777438764,DI,1994.0,9.1,6,1,0,0,,
11,200,6.44967661248522,PVC,2013.0,9.35,6,2,0,0,,
11,200,179.504430656204,PVC,2013.0,9.35,6,2,0,0,,
11,200,6.0775480958286,PVC,2013.0,9.35,6,2,0,0,,
50,300,19.0363716378883,DI,1974.0,8.5,7,1,7,1,-80.5141754022213,43.4473512448228
50,300,151.801635927289,DI,1974.0,5.7,7,1,8,1,-80.5155740608119,43.4495333409789
50,300,356.890614613469,DI,1974.0,6.5,8,1,8,1,-80.5155740608119,43.4495333409789
11,300,5.52216651389538,PVC,2013.0,5.43,7,1,0,0,,
11,300,24.0249335980707,PVC,2013.0,9.35,7,1,1,1,-80.5162445962617,43.4522383174644
17,300,5.92112370466559,PVC,2007.0,9.35,7,1,0,0,,
70,150,13.1064818784396,CI,1954.0,7.75,5,1,0,0,,
30,150,2.27724243739376,DI,1994.0,9.1,6,1,0,0,,
28,300,1.27325567828665,PVC,1996.0,9.35,7,1,0,0,,
49,300,233.056667788906,AC,1975.0,8.7,6,1,0,0,,
53,300,7.32067771110587,DI,1971.0,8.5,7,1,1,1,-80.4722247343696,43.4139527662706
53,300,185.803214769695,DI,1971.0,7.7,7,1,1,1,-80.4722247343696,43.4139527662706
38,150,107.467215757899,DI,1986.0,9.1,5,5,0,0,,
30,150,124.790520511612,DI,1994.0,9.1,7,1,0,0,,
27,150,171.32703133989,PVC,1997.0,9.35,5,0,0,0,,
14,150,159.127711007701,PVC,2010.0,6.95,6,1,0,0,,
14,150,4.73177098855294,PVC,2010.0,9.35,6,1,0,0,,
14,150,70.02837931896,PVC,2010.0,9.35,6,1,0,0,,
23,300,24.7839590139347,PVC,2001.0,9.35,7,1,0,0,,
20,150,11.1706408127914,PVC,2004.0,9.35,6,2,0,0,,
20,150,80.6818209030331,PVC,2004.0,9.35,6,2,0,0,,
20,150,90.7490720396419,PVC,2004.0,9.35,6,2,0,0,,
30,150,78.2046557490566,PVC,1994.0,7.35,5,1,1,1,-80.4925777362284,43.4365084024237
55,300,0.71362354206011,DI,1969.0,8.5,0,2,1,1,-80.4199967918687,43.3883211207016
55,300,0.875884558546333,DI,1969.0,8.5,7,2,1,1,-80.4199967918687,43.3883211207016
55,300,206.596961002626,DI,1969.0,8.5,6,2,0,0,,
55,300,77.72014883136,DI,1969.0,8.5,7,2,0,0,,
13,150,9.91589564829945,PVC,2011.0,9.35,7,1,0,0,,
13,150,8.55001712347722,PVC,2011.0,9.35,6,1,0,0,,
13,150,12.9256690760967,PVC,2011.0,9.35,6,1,0,0,,
13,150,2.18085279139284,PVC,2011.0,9.35,6,1,0,0,,
31,300,103.621260553832,DI,1993.0,9.1,7,1,1,1,-80.4733497303023,43.4721678261305
20,150,0.546718984790797,PVC,2004.0,9.35,0,1,0,0,,
33,300,8.3055520408839,DI,1991.0,9.1,7,1,0,0,,
28,300,7.0133301417133,PVC,1996.0,9.35,6,1,0,0,,
31,300,6.63000744530083,DI,1993.0,9.1,6,1,0,0,,
27,300,13.011537063443,PVC,1997.0,9.35,6,1,0,0,,
33,300,13.8778514183584,DI,1991.0,9.1,6,1,0,0,,
28,300,70.5575568746631,DI,1996.0,9.1,7,1,0,0,,
28,300,3.24558086743986,DI,1996.0,9.1,7,1,0,0,,
33,300,7.68942672499692,DI,1991.0,9.1,6,1,0,0,,
34,200,7.56115868215897,DI,1990.0,9.1,6,3,0,0,,
34,200,138.436921118913,DI,1990.0,9.1,6,3,0,0,,
34,200,7.66629162560694,DI,1990.0,9.1,6,3,0,0,,
59,150,175.831760199891,CI,1965.0,5.05,5,1,5,1,-80.4413514845355,43.4560894149175
59,150,92.722119978044,CI,1965.0,4.65,5,1,5,1,-80.4413514845355,43.4560894149175
43,150,12.1920409508941,DI,1981.0,8.5,6,1,0,0,,
43,150,306.363543842663,DI,1981.0,8.5,6,1,0,0,,
43,150,7.62626188896555,DI,1981.0,8.5,6,1,0,0,,
64,150,73.1952932916349,CI,1960.0,7.75,6,1,0,0,,
64,150,7.31516931292743,CI,1960.0,7.75,6,1,0,0,,
23,150,4.0000357004665,PVC,2001.0,9.35,6,3,0,0,,
23,150,145.411296678673,PVC,2001.0,9.35,6,3,0,0,,
23,150,115.481718241691,PVC,2001.0,9.35,6,3,0,0,,
23,150,3.13390052034328,PVC,2001.0,9.35,0,3,0,0,,
23,150,109.62961123076,PVC,2001.0,9.35,6,3,0,0,,
23,150,106.271394208836,PVC,2001.0,9.35,6,3,0,0,,
23,150,6.00006469368069,PVC,2001.0,9.35,6,3,0,0,,
23,150,125.077092366658,PVC,2001.0,9.35,6,3,0,0,,
46,300,9.17363333592049,DI,1978.0,8.5,6,1,0,0,,
26,300,5.00000904013725,PVC,1998.0,9.35,6,4,0,0,,
26,300,129.078322007608,PVC,1998.0,9.35,5,4,0,0,,
40,300,44.4376314146153,DI,1984.0,5.9,6,1,1,1,-80.4897977986159,43.4490799814751
46,600,406.230960327099,DI,1978.0,8.5,8,1,2,1,-80.4690044984496,43.4627948684897
52,300,176.206295831251,Other,1972.0,8.7,7,1,0,0,,
52,300,9.06045216493204,Other,1972.0,8.7,7,1,9,1,-80.4661591423416,43.4657182018731
46,300,1.43628075321753,DI,1978.0,8.5,7,1,0,0,,
20,150,2.81865855374064,PVC,2004.0,9.35,8,1,0,0,,
20,150,0.94552485380531,PVC,2004.0,9.35,0,1,0,0,,
17,300,79.1529165124976,PVC,2007.0,9.35,6,0,0,0,,
14,200,4.9978418006126,PVC,2010.0,9.35,7,1,0,0,,
14,200,11.3762806456316,PVC,2010.0,9.35,6,1,0,0,,
14,200,128.295321181774,PVC,2010.0,9.35,7,1,0,0,,
14,200,127.977675744625,PVC,2010.0,7.75,7,1,0,0,,
70,150,87.8342814370003,CI,1954.0,5.75,5,1,1,1,-80.4482509645739,43.4260514690843
30,200,3.96626781458807,DI,1994.0,9.1,7,1,0,0,,
30,200,1.65478627138027,DI,1994.0,9.1,0,1,0,0,,
28,300,7.7550449233909,PVC,1996.0,9.35,6,1,0,0,,
18,150,3.72783862691674,PVC,2006.0,9.35,6,1,0,0,,
28,300,6.92349324836245,PVC,1996.0,9.35,6,1,0,0,,
28,300,2.67268683518547,CI,1996.0,8.65,6,1,0,0,,
28,300,1.00328558817646,PVC,1996.0,9.35,6,1,0,0,,
17,300,9.58574691996477,PVC,2007.0,9.35,6,1,0,0,,
67,300,19.3806402884956,CI,1957.0,7.75,7,1,1,1,-80.4996991352909,43.4602633204099
73,100,13.3711287119719,CI,1951.0,7.75,5,1,1,1,-80.4996991352909,43.4602633204099
55,200,12.3653670742818,DI,1969.0,8.5,5,1,0,0,,
55,200,175.404050605625,DI,1969.0,8.5,6,1,0,0,,
18,200,64.2442547810545,PVC,2006.0,9.35,7,3,0,0,,
45,300,74.5184861596672,DI,1979.0,8.5,7,1,0,0,,
70,150,1.33968986870412,CI,1954.0,7.75,7,1,3,1,-80.4608413007312,43.4579176180284
70,150,84.8363566560734,CI,1954.0,3.95,7,1,3,1,-80.4608413007312,43.4579176180284
18,200,15.1816874209812,PVC,2006.0,9.35,5,3,0,0,,
18,200,86.5618443684099,PVC,2006.0,9.35,6,3,0,0,,
29,300,87.6966159423818,DI,1995.0,9.1,6,1,0,0,,
29,300,2.08918628046634,DI,1995.0,9.1,6,1,0,0,,
87,150,236.243027678075,CI,1937.0,7.3,6,1,0,0,,
30,300,10.6419043408991,DI,1994.0,9.1,7,0,0,0,,
30,300,111.683198741573,DI,1994.0,9.1,7,0,0,0,,
30,300,16.6720255717171,DI,1994.0,9.1,7,0,0,0,,
15,150,53.1233271067168,PVC,2009.0,9.35,6,1,0,0,,
15,150,4.4224185228532,PVC,2009.0,9.35,6,1,0,0,,
65,300,204.897794390348,CI,1959.0,7.75,7,1,0,0,,
45,300,163.862902842312,CI,1979.0,8.35,7,1,0,0,,
19,300,1.19066659863407,PVC,2005.0,9.35,8,1,0,0,,
19,300,12.3741697608541,PVC,2005.0,9.35,8,1,0,0,,
18,150,75.6796114934872,PVC,2006.0,9.35,6,2,0,0,,
18,150,7.70137037162656,PVC,2006.0,9.35,6,2,0,0,,
46,150,4.58211077976905,DI,1978.0,8.5,6,3,0,0,,
46,150,98.8005616058457,DI,1978.0,8.5,6,3,0,0,,
49,300,153.000510229948,DI,1975.0,7.3,7,3,2,1,-80.5296004758259,43.4268258291077
19,150,7.13744560520682,PVC,2005.0,9.35,6,0,0,0,,
19,150,54.6795354496335,PVC,2005.0,9.35,6,0,0,0,,
72,200,51.0791668014121,CI,1952.0,4.95,6,1,2,1,-80.511163515614,43.4425815755989
59,150,7.92471628939513,DI,1965.0,8.5,6,1,2,1,-80.4476170428567,43.4599040727558
59,150,94.4016022070854,DI,1965.0,6.5,6,1,2,1,-80.4476170428567,43.4599040727558
18,150,82.7307953787252,PVC,2006.0,9.35,6,1,1,1,-80.4939982638623,43.4392983921655
18,150,78.444773788228,PVC,2006.0,9.35,6,1,0,0,,
18,150,7.69305932382311,PVC,2006.0,9.35,6,1,0,0,,
18,150,82.1726539704194,PVC,2006.0,9.35,6,1,0,0,,
18,150,45.9121255781488,PVC,2006.0,9.35,6,1,0,0,,
22,150,14.7335289976124,PVC,2002.0,9.35,6,3,0,0,,
22,150,11.3941888727844,PVC,2002.0,9.35,6,3,0,0,,
22,150,63.4131936273267,PVC,2002.0,9.35,6,3,0,0,,
15,150,171.418225569998,PVC,2009.0,9.35,0,1,0,0,,
36,150,109.747284538063,DI,1988.0,9.1,5,3,0,0,,
36,150,8.33075833698803,DI,1988.0,9.1,6,3,0,0,,
17,300,12.6367052969402,PVC,2007.0,9.35,6,1,0,0,,
17,300,66.0709246594403,PVC,2007.0,6.95,7,1,0,0,,
57,150,9.29115427484711,CI,1967.0,7.85,6,1,1,1,-80.439172617277,43.4550047457905
57,150,180.279370190501,CI,1967.0,7.05,7,1,1,1,-80.439172617277,43.4550047457905
55,300,7.4674694707911,DI,1969.0,8.5,7,1,0,0,,
55,300,270.679592657507,DI,1969.0,8.5,6,1,0,0,,
55,300,5.48618519533,DI,1969.0,8.5,8,1,0,0,,
71,150,5.48582523921996,CI,1953.0,7.75,6,1,2,1,-80.4563079453537,43.4329540890382
71,150,7.31455671836278,CI,1953.0,7.75,6,1,2,1,-80.4563079453537,43.4329540890382
60,150,8.78711683695288,CI,1964.0,7.85,6,1,8,1,-80.4488149242388,43.4562370283945
60,150,6.75072537679563,CI,1964.0,3.93,6,1,8,1,-80.4488149242388,43.4562370283945
94,300,1.27871291584134,CI,1930.0,7.75,7,1,5,1,-80.4874873456351,43.4306763556287
13,150,95.9192766822023,PVC,2011.0,9.35,0,1,0,0,,
13,150,153.242710381013,PVC,2011.0,9.35,5,1,0,0,,
13,150,7.42205581548032,PVC,2011.0,9.35,5,1,0,0,,
35,300,8.70179171510386,DI,1989.0,9.1,6,0,0,0,,
35,300,77.1903956733219,DI,1989.0,9.1,6,0,0,0,,
35,300,203.132572681894,DI,1989.0,9.1,6,0,0,0,,
35,300,6.92942470120655,DI,1989.0,9.1,6,0,0,0,,
18,150,125.141300750579,PVC,2006.0,9.35,5,0,0,0,,
18,150,8.90601785860527,PVC,2006.0,9.35,6,0,0,0,,
20,150,151.17825889333,PVC,2004.0,9.35,6,1,0,0,,
20,150,11.3920389481549,PVC,2004.0,9.35,6,1,0,0,,
37,300,12.2487603805679,PVC,1987.0,9.35,7,1,0,0,,
37,300,108.326706076793,PVC,1987.0,9.35,7,1,0,0,,
37,300,59.8382104221222,PVC,1987.0,9.35,7,1,0,0,,
23,300,12.3402762103055,PVC,2001.0,9.35,7,1,0,0,,
23,300,108.661519188746,PVC,2001.0,9.35,7,1,0,0,,
23,300,14.0650926543688,PVC,2001.0,9.35,6,1,0,0,,
71,150,224.143905438039,CI,1953.0,4.5,6,1,4,1,-80.4454659052892,43.4347281661005
77,150,303.832967096685,CI,1947.0,6.45,5,1,1,1,-80.4869408267577,43.4709973690318
48,600,151.350723296562,DI,1976.0,8.5,6,1,0,0,,
18,150,64.7336981806241,PVC,2006.0,9.35,6,1,0,0,,
28,150,58.0534611496442,DI,1996.0,9.1,6,1,0,0,,
48,600,0.594766104928281,DI,1976.0,8.5,7,1,1,1,-80.4441998269671,43.4706166269346
48,600,2.43852510407111,DI,1976.0,8.5,7,1,1,1,-80.4441998269671,43.4706166269346
46,300,8.94328874878819,DI,1978.0,8.5,7,0,0,0,,
46,300,132.298562985387,DI,1978.0,8.5,7,0,0,0,,
27,150,84.6838643953637,PVC,1997.0,9.35,6,1,0,0,,
27,150,159.967651925952,PVC,1997.0,9.35,6,1,0,0,,
24,200,2.73561178566276,PVC,2000.0,9.35,6,5,0,0,,
24,200,93.1190275671727,PVC,2000.0,9.35,6,5,0,0,,
62,150,63.7869660774046,CI,1962.0,5.45,5,1,2,1,-80.509561761448,43.4240175620385
62,150,14.4557760835461,CI,1962.0,4.05,6,1,2,1,-80.509561761448,43.4240175620385
24,150,6.30237298740014,PVC,2000.0,9.35,6,4,0,0,,
24,150,74.8762130182586,PVC,2000.0,9.35,6,4,0,0,,
57,150,12.2007538395742,CI,1967.0,7.85,5,1,3,1,-80.4497178273387,43.4457625662409
57,150,87.6791590395012,CI,1967.0,5.85,5,1,2,1,-80.4498506616033,43.4451458760242
20,150,77.4462609371759,PVC,2004.0,9.35,7,1,0,0,,
47,150,60.909599910873,DI,1977.0,8.5,5,1,1,1,-80.4524717874543,43.4663478519637
47,150,160.123100692864,DI,1977.0,7.3,6,1,1,1,-80.4524717874543,43.4663478519637
47,150,11.8993021512749,DI,1977.0,8.5,6,1,1,1,-80.4543390967237,43.4661015222381
60,150,0.609739880999006,CI,1964.0,7.85,6,1,0,0,,
60,150,205.472487722288,CI,1964.0,7.45,6,1,0,0,,
60,150,7.92463098236365,CI,1964.0,7.85,6,1,0,0,,
46,300,96.5285206241003,DI,1978.0,8.5,6,1,0,0,,
31,300,41.3745591138488,DI,1993.0,9.1,6,1,0,0,,
30,150,162.866939855077,PVC,1994.0,9.35,7,1,0,0,,
33,300,77.1405215978506,DI,1991.0,9.1,8,3,0,0,,
19,150,203.305654230715,PVC,2005.0,9.35,7,1,0,0,,
19,150,10.2995992404917,PVC,2005.0,9.35,7,1,0,0,,
71,150,7.35868994767619,CI,1953.0,7.75,5,1,0,0,,
71,150,158.897469683755,CI,1953.0,7.75,5,1,0,0,,
48,600,194.749000696376,DI,1976.0,8.5,7,1,0,0,,
50,450,122.504525277056,DI,1974.0,8.5,7,1,0,0,,
16,300,2.76038306176692,PVC,2008.0,9.35,7,2,0,0,,
16,300,222.236045048489,PVC,2008.0,9.35,7,2,0,0,,
60,150,80.5183171247305,DI,1964.0,6.1,6,1,0,0,,
97,100,36.731312188289,CI,1927.0,7.75,6,1,0,0,,
97,100,1.2430486151846,CI,1927.0,7.75,0,1,0,0,,
97,100,1.50934635444824,CI,1927.0,7.75,0,1,0,0,,
97,100,0.917526163035364,CI,1927.0,7.75,0,1,0,0,,
39,150,8.04901186495926,DI,1985.0,9.1,6,1,0,0,,
39,150,76.7803574463605,DI,1985.0,9.1,6,1,0,0,,
21,250,10.7181522683931,PVC,2003.0,9.35,6,2,0,0,,
21,250,67.9592025974406,PVC,2003.0,9.35,6,2,0,0,,
21,250,17.6920941682583,PVC,2003.0,9.35,6,2,0,0,,
14,200,33.6819956407969,PVC,2010.0,9.35,6,0,0,0,,
30,200,6.62090669697695,PVC,1994.0,9.35,6,1,0,0,,
30,200,142.613589874089,PVC,1994.0,9.35,6,1,0,0,,
30,200,145.708186309622,PVC,1994.0,9.35,6,1,0,0,,
30,200,145.874509365071,PVC,1994.0,9.35,6,1,0,0,,
30,200,120.559909498566,PVC,1994.0,9.35,6,1,0,0,,
30,200,108.607828268218,PVC,1994.0,9.35,6,1,0,0,,
30,200,151.034632756639,PVC,1994.0,9.35,6,1,0,0,,
30,200,2.66651490816516,PVC,1994.0,9.35,0,1,0,0,,
30,200,7.1579688739734,PVC,1994.0,9.35,6,1,0,0,,
30,200,106.282013672693,PVC,1994.0,9.35,6,1,0,0,,
29,150,4.55923553243328,PVC,1995.0,9.35,5,1,0,0,,
29,150,41.618384202006,PVC,1995.0,9.35,5,1,0,0,,
13,75,2.74781189246856,PVC,2011.0,9.35,0,1,0,0,,
14,600,1.64286063058023,PVC,2010.0,9.35,7,1,0,0,,
55,300,6.16226176025536,DI,1969.0,8.5,0,1,0,0,,
55,300,11.7093563326689,DI,1969.0,8.5,7,1,1,1,-80.4878770018377,43.4567066169048
18,150,5.91613821534504,PVC,2006.0,9.35,5,7,0,0,,
55,300,1.72710164754152,DI,1969.0,8.5,7,1,0,0,,
55,300,1.19886161363783,DI,1969.0,8.5,7,1,0,0,,
47,300,330.056027489115,DI,1977.0,8.5,6,3,0,0,,
47,300,35.1688374843938,DI,1977.0,8.5,6,3,0,0,,
47,300,9.13745048372099,DI,1977.0,8.5,0,3,0,0,,
47,300,9.93338775375035,DI,1977.0,8.5,6,3,0,0,,
47,300,227.78331041154,DI,1977.0,8.5,7,3,0,0,,
13,150,54.8635107518218,PVC,2011.0,9.35,5,6,0,0,,
17,300,6.58243756821551,PVC,2007.0,9.35,7,1,0,0,,
17,300,96.1541849342893,PVC,2007.0,9.35,7,1,0,0,,
18,150,1.36452900252961,PVC,2006.0,9.35,5,7,0,0,,
69,150,6.70556203776299,CI,1955.0,7.75,5,1,0,0,,
69,150,97.1526282562232,CI,1955.0,7.75,6,1,0,0,,
13,150,16.098234834477,PVC,2011.0,9.35,6,6,0,0,,
43,300,58.9081459776348,DI,1981.0,8.5,7,3,0,0,,
43,300,9.08803961701842,DI,1981.0,8.5,6,3,0,0,,
43,300,68.1916188654718,DI,1981.0,8.5,6,7,0,0,,
13,150,6.48275204602424,PVC,2011.0,9.35,5,6,0,0,,
18,150,6.90956654345262,PVC,2006.0,9.35,5,7,0,0,,
10,450,3.21579518077081,PVC,2014.0,9.35,0,1,1,1,-80.5008590669923,43.4343424488955
13,150,11.7276890421254,PVC,2011.0,9.35,6,6,0,0,,
13,150,11.1043465594947,PVC,2011.0,9.35,5,6,0,0,,
63,100,0.819303119105217,DI,1961.0,4.58,5,1,5,1,-80.4511484919615,43.4492316254602
63,100,72.8717083847437,DI,1961.0,5.3,5,1,2,1,-80.4513522715835,43.4495369930246
75,150,36.4261549487859,CI,1949.0,7.75,6,1,0,0,,
14,300,100.40249018404,PVC,2010.0,9.35,8,1,0,0,,
17,150,0.822972879437752,PVC,2007.0,9.35,7,1,0,0,,
17,150,24.645501494708,PVC,2007.0,9.35,7,1,0,0,,
17,150,0.428275904412973,PVC,2007.0,9.35,6,1,0,0,,
17,150,77.9407449259279,PVC,2007.0,9.35,6,1,0,0,,
17,150,81.6297625442887,PVC,2007.0,9.35,6,1,0,0,,
17,150,157.748517880478,PVC,2007.0,9.35,6,1,0,0,,
17,150,24.2947981232425,PVC,2007.0,9.35,6,1,0,0,,
18,150,0.874719428588525,PVC,2006.0,9.35,5,1,0,0,,
18,150,12.9512254804345,PVC,2006.0,9.35,5,1,0,0,,
33,150,52.989524117367,DI,1991.0,9.1,6,2,0,0,,
32,300,67.5056393815942,DI,1992.0,9.1,5,7,0,0,,
27,300,12.8269935677916,PVC,1997.0,9.35,7,2,0,0,,
27,300,106.285726844875,PVC,1997.0,9.35,7,2,0,0,,
27,300,12.2756354508233,PVC,1997.0,9.35,6,2,0,0,,
27,300,219.842643290974,PVC,1997.0,9.35,7,2,0,0,,
69,150,93.2878776379769,CI,1955.0,7.75,4,1,0,0,,
19,200,8.55854927948337,PVC,2005.0,9.35,6,1,0,0,,
19,200,22.2724883680046,PVC,2005.0,9.35,6,1,0,0,,
46,300,0.719201674897765,DI,1978.0,8.5,0,3,0,0,,
46,300,2.1427064623744,DI,1978.0,8.5,6,3,0,0,,
46,300,201.362636452818,DI,1978.0,8.5,6,3,0,0,,
42,300,6.15766914588448,DI,1982.0,8.5,6,3,0,0,,
42,300,144.666092826243,DI,1982.0,8.5,7,3,0,0,,
18,300,9.15171977070388,PVC,2006.0,9.35,7,1,0,0,,
18,300,4.38248609925093,PVC,2006.0,9.35,7,1,0,0,,
18,300,102.021162154414,PVC,2006.0,7.75,7,1,0,0,,
13,150,6.31192839306172,PVC,2011.0,9.35,5,2,0,0,,
13,150,101.515320387227,PVC,2011.0,9.35,5,2,0,0,,
13,150,71.1391556982408,PVC,2011.0,9.35,5,2,0,0,,
70,150,13.5606947576511,CI,1954.0,7.75,6,1,4,1,-80.4592937995478,43.457465869078
70,150,67.3286215220432,CI,1954.0,3.95,5,1,4,1,-80.4592937995478,43.457465869078
11,150,10.8392664539781,PVC,2013.0,9.35,5,1,0,0,,
11,150,1.75000615491107,PVC,2013.0,9.35,5,1,0,0,,
33,150,5.81733335436736,DI,1991.0,9.1,5,2,0,0,,
33,150,77.4929388211854,DI,1991.0,9.1,5,2,0,0,,
17,250,4.66667488720434,PVC,2007.0,9.35,7,1,0,0,,
46,150,11.6120986287697,DI,1978.0,8.5,5,1,0,0,,
46,150,119.228004298848,DI,1978.0,8.5,6,1,0,0,,
33,200,76.4811656495716,DI,1991.0,9.1,6,1,0,0,,
33,200,6.55584796606847,DI,1991.0,9.1,6,1,0,0,,
37,150,163.61008039336,DI,1987.0,9.1,5,1,0,0,,
37,150,7.89675192060373,DI,1987.0,9.1,5,1,0,0,,
44,150,167.640590778075,DI,1980.0,8.5,6,1,0,0,,
53,200,9.66304910797778,DI,1971.0,8.5,6,2,0,0,,
53,200,151.798886687408,DI,1971.0,8.5,6,2,0,0,,
37,150,155.114055322244,DI,1987.0,9.1,5,3,0,0,,
43,100,12.6793053873188,DI,1981.0,8.5,5,2,0,0,,
43,100,13.4910289648749,DI,1981.0,8.5,5,2,0,0,,
43,100,62.7606113137851,DI,1981.0,8.5,5,2,0,0,,
22,150,5.52604203085541,PVC,2002.0,9.35,6,1,0,0,,
62,150,84.1664559328344,CI,1962.0,7.85,6,1,0,0,,
87,300,11.5353673638023,CI,1937.0,7.75,7,1,0,0,,
87,300,73.7235647384617,CI,1937.0,7.75,7,1,0,0,,
11,150,5.64613800974844,PVC,2013.0,9.35,6,1,0,0,,
9,150,13.1069859190429,PVC,2015.0,9.35,6,1,1,1,-80.4800641631084,43.4678751965881
34,450,41.0124355365301,DI,1990.0,9.1,7,0,0,0,,
34,450,0.81930751265107,DI,1990.0,9.1,0,0,0,0,,
50,300,7.40210346653301,DI,1974.0,8.5,7,1,1,1,-80.4951468967102,43.4531679493483
35,300,14.6196861956095,DI,1989.0,9.1,7,1,0,0,,
35,300,187.811604160454,DI,1989.0,9.1,7,1,0,0,,
35,300,21.500197412413,DI,1989.0,9.1,7,1,0,0,,
100,150,39.7494491141592,CI,1924.0,3.83,6,1,5,1,-80.4749023500285,43.468003983307
100,150,0.449185039843325,CI,1924.0,7.75,0,1,5,1,-80.4749023500285,43.468003983307
100,150,18.0517069707715,CI,1924.0,7.75,6,1,5,1,-80.4749023500285,43.468003983307
23,300,108.261412271876,DI,2001.0,8.5,7,1,0,0,,
19,300,10.1651042454712,PVC,2005.0,9.35,7,1,0,0,,
19,300,186.885269814562,PVC,2005.0,9.35,7,1,0,0,,
28,200,43.5582691176448,DI,1996.0,9.1,6,1,0,0,,
71,150,135.417946904101,CI,1953.0,5.35,5,1,2,1,-80.4727210695424,43.4551222995199
71,150,11.2288338301853,CI,1953.0,7.75,6,1,2,1,-80.4727210695424,43.4551222995199
27,150,7.4069694428017,PVC,1997.0,9.35,6,1,0,0,,
27,150,83.123558682784,PVC,1997.0,9.35,6,1,0,0,,
26,150,5.89589428783325,PVC,1998.0,9.35,6,1,0,0,,
51,150,18.3836600887269,DI,1973.0,8.5,6,3,0,0,,
16,150,0.602036178269799,PVC,2008.0,9.35,5,1,0,0,,
16,150,64.6180641697926,PVC,2008.0,9.35,5,1,0,0,,
11,300,29.4334692853074,PVC,2013.0,9.35,7,1,8,1,-80.5155740608119,43.4495333409789
12,150,41.9472639450595,PVC,2012.0,9.35,5,4,0,0,,
12,150,5.68360521844477,PVC,2012.0,9.35,0,4,0,0,,
12,150,78.3878665593677,PVC,2012.0,9.35,5,4,0,0,,
12,150,10.5157134804354,PVC,2012.0,9.35,0,4,0,0,,
12,150,191.48006609329,PVC,2012.0,9.35,6,4,0,0,,
49,200,1.84108689964901,DI,1975.0,8.5,7,1,2,1,-80.4857453119501,43.4601196215637
49,200,7.6414339390625,DI,1975.0,8.5,7,1,2,1,-80.4857453119501,43.4601196215637
108,100,6.03224458364282,CI,1916.0,7.75,6,1,2,1,-80.4857453119501,43.4601196215637
91,300,7.80683179773535,CI,1933.0,7.75,7,1,0,0,,
91,300,4.9114429643517,CI,1933.0,7.75,7,1,2,1,-80.4857453119501,43.4601196215637
27,150,15.042289129433,PVC,1997.0,9.35,7,1,0,0,,
27,150,12.9061421585528,PVC,1997.0,9.35,7,1,0,0,,
16,300,71.2044910002178,PVC,2008.0,9.35,8,1,0,0,,
16,300,2.20816453869989,PVC,2008.0,9.35,7,1,0,0,,
16,300,86.6586197561062,PVC,2008.0,5.75,7,1,0,0,,
20,300,7.19449176387394,PVC,2004.0,9.35,7,1,0,0,,
36,300,19.2959303895026,DI,1988.0,9.1,8,1,0,0,,
14,150,110.068652322163,PVC,2010.0,9.35,6,1,0,0,,
14,150,2.74673292693024,PVC,2010.0,9.35,7,1,0,0,,
14,150,11.9673776475655,PVC,2010.0,9.35,7,1,0,0,,
14,150,67.3795248646161,PVC,2010.0,6.95,7,1,0,0,,
14,150,1.06899067342282,PVC,2010.0,9.35,0,1,0,0,,
72,150,4.25718248658197,CI,1952.0,7.75,5,1,0,0,,
70,100,15.6594601182256,CI,1954.0,3.95,5,1,3,1,-80.4944978909616,43.4689213619151
71,150,15.666606624253,CI,1953.0,7.75,4,1,1,1,-80.4925104082531,43.4711760894153
72,150,9.01673488857043,CI,1952.0,7.75,5,1,0,0,,
72,150,16.1982258391784,CI,1952.0,7.75,5,1,2,1,-80.4923847642839,43.4686069114504
75,150,3.37647966278068,CI,1949.0,7.75,5,1,0,0,,
72,150,13.1084651630189,CI,1952.0,7.75,6,1,0,0,,
74,150,16.6203407840161,CI,1950.0,7.75,6,1,1,1,-80.4875172034965,43.471302324448
69,150,5.48648215187393,CI,1955.0,7.75,6,1,0,0,,
74,150,3.70339392404606,CI,1950.0,7.75,6,1,1,1,-80.4875172034965,43.471302324448
74,150,1.17364730657735,CI,1950.0,7.75,0,1,1,1,-80.4869706474725,43.4719867542457
96,150,1.16681720963507,CI,1928.0,7.75,6,1,0,0,,
96,150,86.5564337123283,CI,1928.0,7.75,6,1,0,0,,
31,300,88.6084243848784,DI,1993.0,9.1,7,1,1,1,-80.4733497303023,43.4721678261305
31,300,91.5248038610395,DI,1993.0,9.1,6,1,1,1,-80.4733497303023,43.4721678261305
31,300,37.3308009029189,DI,1993.0,5.9,6,1,1,1,-80.4733497303023,43.4721678261305
43,150,7.62032096987623,DI,1981.0,8.5,5,1,0,0,,
78,150,15.7111003404845,CI,1946.0,7.75,5,1,0,0,,
75,150,8.22927414517251,CI,1949.0,7.75,5,1,0,0,,
72,150,28.6512076302591,CI,1952.0,7.3,5,1,0,0,,
57,150,11.8814760357146,DI,1967.0,8.5,5,1,0,0,,
57,150,62.4003448690722,DI,1967.0,8.5,7,1,0,0,,
70,100,10.7484124535565,CI,1954.0,7.75,5,1,3,1,-80.4995710142482,43.4653839495087
70,100,10.8053599298198,CI,1954.0,7.75,5,1,3,1,-80.4995710142482,43.4653839495087
70,100,1.56707646133042,CI,1954.0,7.75,0,1,0,0,,
13,150,7.99372527291175,PVC,2011.0,9.35,6,1,0,0,,
63,450,18.6585342647991,AC,1961.0,8.7,7,1,6,1,-80.502936881436,43.4234799778811
63,450,102.091462110476,AC,1961.0,8.7,6,1,0,0,,
12,150,1.34616181070716,PVC,2012.0,9.35,6,1,0,0,,
12,150,10.5907032999184,PVC,2012.0,9.35,7,1,0,0,,
78,150,5.25597419291895,CI,1946.0,7.75,7,1,0,0,,
29,300,7.05069302112851,DI,1995.0,9.1,7,1,0,0,,
29,300,5.80076514917226,DI,1995.0,9.1,7,1,0,0,,
29,300,5.67568744780563,DI,1995.0,9.1,7,1,0,0,,
50,300,7.03744590948522,DI,1974.0,8.5,7,1,0,0,,
50,300,2.5871683362308,DI,1974.0,8.5,7,1,0,0,,
55,150,7.23848834991947,DI,1969.0,8.5,6,3,2,1,-80.5363262939598,43.4406466099051
52,150,229.818648569989,DI,1972.0,8.1,6,3,2,1,-80.5363262939598,43.4406466099051
52,150,96.0072627945179,DI,1972.0,8.5,6,3,2,1,-80.5363262939598,43.4406466099051
52,150,10.4618072398457,DI,1972.0,8.5,6,3,2,1,-80.5363262939598,43.4406466099051
55,150,174.726929882818,DI,1969.0,8.5,6,3,2,1,-80.5363262939598,43.4406466099051
34,200,6.28867215281386,DI,1990.0,9.1,6,1,0,0,,
36,300,2.49807071099611,DI,1988.0,9.1,6,1,0,0,,
36,300,1.49222024192028,DI,1988.0,9.1,0,1,0,0,,
36,300,9.13937692801447,DI,1988.0,9.1,6,1,0,0,,
11,150,54.0457765558685,PVC,2013.0,9.35,5,3,0,0,,
72,450,0.904686819021603,CI,1952.0,7.75,0,1,0,0,,
72,450,256.472501510251,CI,1952.0,7.75,8,1,0,0,,
10,450,130.149131093591,PVC,2014.0,9.35,7,1,0,0,,
95,150,3.0241276508335,CI,1929.0,7.75,6,1,0,0,,
50,300,9.09577942878564,DI,1974.0,8.5,7,1,0,0,,
95,150,5.45125879920201,CI,1929.0,7.75,7,1,0,0,,
36,200,4.67325922462832,DI,1988.0,9.1,0,1,0,0,,
13,150,147.394308926644,PVC,2011.0,9.35,5,6,0,0,,
50,150,12.4967309515982,DI,1974.0,8.5,5,1,0,0,,
50,150,186.068309778767,DI,1974.0,8.5,4,1,0,0,,
62,200,11.5875631740835,CI,1962.0,7.85,5,1,6,1,-80.5141838028954,43.4280347074737
62,200,256.404770047043,CI,1962.0,4.65,5,1,6,1,-80.5141838028954,43.4280347074737
20,300,1.45832017453776,PVC,2004.0,9.35,7,1,0,0,,
20,300,1.7697411387769,PVC,2004.0,9.35,7,1,0,0,,
16,300,105.315176148835,PVC,2008.0,9.35,7,1,0,0,,
37,200,12.270528999343,DI,1987.0,9.1,7,3,0,0,,
37,200,3.28708546836144,DI,1987.0,9.1,6,3,0,0,,
37,200,65.9582735452137,DI,1987.0,9.1,6,3,0,0,,
50,200,174.779451554719,DI,1974.0,8.5,6,1,0,0,,
50,200,9.61495196473743,DI,1974.0,8.5,6,1,0,0,,
18,150,16.0043672376085,PVC,2006.0,9.35,5,1,0,0,,
18,150,14.7193285288266,PVC,2006.0,9.35,5,1,0,0,,
45,750,62.0614601097251,CPP,1979.0,9.15,7,1,0,0,,
45,750,0.72561896337656,CPP,1979.0,9.15,0,1,0,0,,
14,150,4.97228642067802,PVC,2010.0,9.35,6,2,0,0,,
14,150,5.83470997166711,PVC,2010.0,9.35,6,2,0,0,,
14,150,136.120309232522,PVC,2010.0,9.35,6,2,0,0,,
39,300,9.62366341027271,DI,1985.0,9.1,7,1,0,0,,
39,300,116.095574990905,DI,1985.0,9.1,7,1,0,0,,
51,150,7.61989132630504,DI,1973.0,8.5,5,3,0,0,,
51,150,32.4070666085439,DI,1973.0,8.5,5,3,0,0,,
37,300,59.5465368341614,DI,1987.0,9.1,7,0,0,0,,
92,150,14.9961524731087,CI,1932.0,7.75,7,1,0,0,,
63,200,7.24407285593886,CI,1961.0,7.75,6,1,2,1,-80.456111979612,43.4627004948489
63,200,134.649024294124,CI,1961.0,5.35,6,1,2,1,-80.456111979612,43.4627004948489
69,150,7.11981215482012,CI,1955.0,7.75,5,1,1,1,-80.4872174746856,43.4720693109377
78,200,7.61565187964818,CI,1946.0,7.75,6,1,1,1,-80.4869932749298,43.4727581492157
78,200,8.10850840937553,CI,1946.0,7.75,6,1,1,1,-80.4869706474725,43.4719867542457
15,150,10.2236240699837,PVC,2009.0,9.35,5,1,0,0,,
15,150,11.0980273800225,PVC,2009.0,9.35,5,1,0,0,,
15,150,9.83275126567966,PVC,2009.0,9.35,6,1,0,0,,
15,150,60.8454758866926,PVC,2009.0,9.35,5,1,0,0,,
14,300,7.36413498284977,PVC,2010.0,9.35,8,1,0,0,,
14,300,2.54820535457443,PVC,2010.0,9.35,8,1,0,0,,
14,300,3.99979929523306,PVC,2010.0,9.35,7,1,0,0,,
14,300,66.0610659616997,PVC,2010.0,9.35,8,1,0,0,,
30,150,10.756571862905,PVC,1994.0,9.35,7,1,0,0,,
30,150,10.9129035919406,PVC,1994.0,9.35,6,1,0,0,,
48,200,20.8594212973022,DI,1976.0,8.5,6,1,0,0,,
14,300,6.4420632252389,PVC,2010.0,9.35,7,1,0,0,,
36,200,0.874043933848703,DI,1988.0,9.1,0,1,0,0,,
36,200,8.75678366070151,DI,1988.0,9.1,6,1,0,0,,
24,300,176.168778962071,PVC,2000.0,9.35,7,13,0,0,,
24,300,12.1150058988705,PVC,2000.0,9.35,6,1,0,0,,
14,300,1.08902022482759,PVC,2010.0,9.35,8,1,0,0,,
14,300,16.0471018839188,PVC,2010.0,9.35,0,1,0,0,,
24,200,4.94349751891214,PVC,2000.0,9.35,6,1,0,0,,
24,300,8.02892824592033,PVC,2000.0,9.35,7,1,0,0,,
48,150,72.001549774353,PVC,1976.0,9.35,6,1,0,0,,
48,150,2.7402449239526,PVC,1976.0,9.35,6,1,0,0,,
17,300,8.89496380742673,PVC,2007.0,9.35,6,1,2,1,-80.4954012664397,43.4502453306233
18,300,11.612415935133,PVC,2006.0,9.35,6,1,2,1,-80.4954012664397,43.4502453306233
33,150,5.27480186628582,DI,1991.0,9.1,5,2,0,0,,
33,150,1.91866770284769,DI,1991.0,9.1,5,2,0,0,,
33,150,119.323656010471,DI,1991.0,9.1,5,2,0,0,,
33,150,110.892294675783,DI,1991.0,9.1,5,2,0,0,,
20,200,12.9491474706903,PVC,2004.0,9.35,7,1,0,0,,
20,200,80.449395601806,PVC,2004.0,9.35,7,1,0,0,,
43,300,182.254261348435,DI,1981.0,7.7,6,7,1,1,-80.4604340285529,43.4812271346592
35,300,3.78510421556154,DI,1989.0,9.1,6,0,0,0,,
35,300,89.6480871132159,DI,1989.0,9.1,6,0,0,0,,
53,300,212.149824627369,DI,1971.0,8.5,7,1,0,0,,
55,450,146.756637902622,DI,1969.0,8.5,7,2,0,0,,
55,450,21.5810452956253,DI,1969.0,8.5,6,2,0,0,,
18,150,195.302043542765,PVC,2006.0,9.35,6,3,0,0,,
21,150,10.5675150568167,PVC,2003.0,9.35,5,3,0,0,,
18,150,11.856291809309,PVC,2006.0,9.35,5,1,0,0,,
18,150,125.905321211199,PVC,2006.0,9.35,5,1,0,0,,
18,150,226.385619681466,PVC,2006.0,9.35,5,1,0,0,,
18,150,12.4621204015857,PVC,2006.0,9.35,5,1,0,0,,
43,300,50.3510012421888,DI,1981.0,8.5,6,3,0,0,,
57,150,7.00879476024852,CI,1967.0,7.85,7,1,3,1,-80.4370740253812,43.458440169489
57,150,132.730737304152,CI,1967.0,4.65,7,1,3,1,-80.4370740253812,43.458440169489
46,300,9.42924693503909,DI,1978.0,8.5,6,1,0,0,,
46,300,107.563914183633,DI,1978.0,8.5,6,1,0,0,,
60,150,87.6217908131534,CI,1964.0,5.85,6,3,1,1,-80.5212970978254,43.427710401464
36,300,3.91519464348474,DI,1988.0,9.1,6,1,0,0,,
29,150,23.5604980339056,PVC,1995.0,9.35,7,1,0,0,,
71,25,3.87020858781212,Other,1953.0,8.8,4,1,0,0,,
71,0,185.017630113583,Other,1953.0,6.55,4,1,0,0,,
29,150,1.49655882686943,PVC,1995.0,9.35,7,1,0,0,,
43,300,82.2787648578345,DI,1981.0,8.5,6,7,0,0,,
14,200,23.0247838740766,PVC,2010.0,9.35,7,1,0,0,,
23,150,2.62735011766513,PVC,2001.0,9.35,0,3,0,0,,
23,150,3.32680644530231,PVC,2001.0,9.35,6,3,0,0,,
23,150,133.928772307422,PVC,2001.0,9.35,6,3,0,0,,
23,150,213.907477321674,PVC,2001.0,9.35,6,3,0,0,,
23,150,6.32475309918007,PVC,2001.0,9.35,6,3,0,0,,
22,150,87.315031750259,PVC,2002.0,9.35,6,1,1,1,-80.5213510921832,43.4326439570719
36,300,4.11648326951782,DI,1988.0,9.1,7,1,0,0,,
36,300,0.713076153875919,DI,1988.0,9.1,7,1,0,0,,
120,200,11.3282331452714,CI,1904.0,7.75,6,1,0,0,,
77,150,9.02135583220776,CI,1947.0,7.75,6,1,0,0,,
15,200,0.427470443763212,PVC,2009.0,9.35,7,1,0,0,,
15,300,73.6519424611404,PVC,2009.0,9.35,7,1,0,0,,
94,300,32.6657774104437,CI,1930.0,7.75,7,1,0,0,,
94,300,2.39252974058551,CI,1930.0,7.75,7,1,0,0,,
44,150,3.35282438542026,DI,1980.0,8.5,0,0,0,0,,
44,150,9.15173455839752,DI,1980.0,8.5,6,0,0,0,,
44,150,218.527286550576,DI,1980.0,8.5,6,0,0,0,,
44,150,201.467107427093,DI,1980.0,8.5,6,0,0,0,,
44,150,12.4391403742555,DI,1980.0,8.5,6,0,0,0,,
37,300,7.47184625011573,DI,1987.0,9.1,7,1,0,0,,
37,300,128.061958730448,DI,1987.0,9.1,6,1,0,0,,
37,300,12.1208608405786,DI,1987.0,9.1,6,1,0,0,,
36,200,5.43537332725193,DI,1988.0,9.1,6,1,0,0,,
36,200,6.06823130794777,DI,1988.0,9.1,6,1,0,0,,
55,100,6.03771223749728,DI,1969.0,8.5,5,1,0,0,,
55,100,38.1899331513657,DI,1969.0,8.5,5,1,0,0,,
38,150,6.01348741584877,DI,1986.0,9.1,5,1,0,0,,
38,150,6.29529418960844,DI,1986.0,9.1,5,1,0,0,,
38,150,63.2926891503414,DI,1986.0,9.1,7,1,0,0,,
25,150,250.993639025634,PVC,1999.0,7.35,6,1,2,1,-80.4565067426225,43.4264355555769
25,150,15.2557773315085,PVC,1999.0,9.35,6,1,2,1,-80.4565067426225,43.4264355555769
36,150,109.584725238688,DI,1988.0,9.1,5,1,0,0,,
20,300,2.59974429441369,PVC,2004.0,9.35,6,3,0,0,,
20,300,11.461825251205,PVC,2004.0,9.35,6,3,0,0,,
54,300,7.29116924977696,DI,1970.0,8.5,6,1,0,0,,
54,300,2.49106086930084,DI,1970.0,8.5,6,1,0,0,,
25,150,8.66351367984706,PVC,1999.0,9.35,6,3,0,0,,
25,150,98.5024787368394,PVC,1999.0,9.35,6,3,0,0,,
67,150,158.967464705064,CI,1957.0,7.75,6,1,2,1,-80.4999532612671,43.4305705237327
67,150,183.434880221699,CI,1957.0,5.75,6,1,2,1,-80.4999532612671,43.4305705237327
18,450,16.4549372843553,PVC,2006.0,9.35,7,0,0,0,,
57,200,137.648706200843,DI,1967.0,8.5,6,1,0,0,,
57,200,8.97964526814586,DI,1967.0,8.5,6,1,3,1,-80.4501035898585,43.4227281486621
48,150,38.2818719083074,DI,1976.0,8.5,5,1,0,0,,
64,600,19.2201271645136,CI,1960.0,7.75,7,1,5,1,-80.4617396003169,43.4381029600039
19,200,1.35385248864666,PVC,2005.0,9.35,6,3,0,0,,
19,200,40.3359904499634,PVC,2005.0,9.35,6,3,0,0,,
20,150,9.45974620660356,PVC,2004.0,9.35,6,1,0,0,,
24,300,45.6881996432345,PVC,2000.0,9.35,7,1,0,0,,
71,150,0.337718595985018,CI,1953.0,7.75,6,1,1,1,-80.4499592470292,43.4295323867224
23,200,78.4891803766272,PVC,2001.0,9.35,7,1,0,0,,
23,200,12.1253876091764,PVC,2001.0,9.35,7,1,0,0,,
47,100,5.50164026383395,DI,1977.0,8.5,5,1,0,0,,
47,100,85.5786270397585,DI,1977.0,8.5,5,1,0,0,,
33,300,12.353364694452,PVC,1991.0,9.35,6,1,0,0,,
33,300,82.0749913576998,PVC,1991.0,9.35,7,1,0,0,,
37,450,0.580365262701203,DI,1987.0,9.1,7,0,0,0,,
37,450,51.5980584656448,DI,1987.0,9.1,7,0,0,0,,
29,300,34.6791195848803,DI,1995.0,9.1,8,1,0,0,,
58,200,155.213789283496,CI,1966.0,7.85,7,1,1,1,-80.5117572611759,43.4396854835542
17,150,8.11903562013927,PVC,2007.0,9.35,6,1,0,0,,
17,150,80.7916899780111,PVC,2007.0,9.35,6,1,0,0,,
22,200,0.83852451400464,PVC,2002.0,9.35,0,0,0,0,,
22,200,1.58139326189391,PVC,2002.0,9.35,0,0,0,0,,
22,200,13.9609512311964,PVC,2002.0,9.35,7,0,0,0,,
15,150,17.3325806987365,PVC,2009.0,9.35,0,1,0,0,,
10,200,38.4472598336168,PVC,2014.0,9.35,5,2,0,0,,
11,300,10.2458531823099,PVC,2013.0,9.35,6,2,0,0,,
11,300,39.6250404092492,PVC,2013.0,9.35,6,2,0,0,,
37,150,35.5541632021326,DI,1987.0,9.1,5,1,0,0,,
37,150,10.6685554031363,DI,1987.0,9.1,5,1,0,0,,
50,200,35.2202584180611,DI,1974.0,8.5,6,3,0,0,,
50,200,11.143995456935,DI,1974.0,8.5,6,3,0,0,,
55,150,2.49572785885874,DI,1969.0,8.5,7,3,0,0,,
55,150,20.0584735133094,DI,1969.0,8.5,7,3,0,0,,
9,200,37.8713097174247,PVC,2015.0,9.35,6,1,0,0,,
29,450,80.3945206998396,PVC,1995.0,9.35,7,0,0,0,,
29,450,8.73090315976595,PVC,1995.0,9.35,7,0,0,0,,
10,150,16.7856993330658,PVC,2014.0,9.35,4,1,0,0,,
10,150,66.2365318677181,PVC,2014.0,9.35,4,1,0,0,,
63,200,13.534319273434,CI,1961.0,7.75,6,2,1,1,-80.4181377361916,43.3919460222194
16,150,20.2325693372062,PVC,2008.0,9.35,7,1,0,0,,
16,150,1.31637566916976,PVC,2008.0,9.35,0,1,0,0,,
71,0,341.873286548828,CI,1953.0,7.35,4,1,1,1,-80.4925104082531,43.4711760894153
66,100,171.569849291245,CI,1958.0,5.75,5,1,2,1,-80.4850197424419,43.4821732825986
57,150,79.1121450390205,DI,1967.0,8.5,5,1,0,0,,
57,150,7.49700574945975,DI,1967.0,8.5,5,1,0,0,,
48,150,12.7194398995364,PVC,1976.0,9.35,5,1,0,0,,
48,150,72.0569153024276,PVC,1976.0,8.9,6,1,0,0,,
13,150,84.4590335313071,PVC,2011.0,9.35,5,6,0,0,,
17,150,2.14465229117789,PVC,2007.0,9.35,7,1,0,0,,
45,150,4.75936326919562,DI,1979.0,8.5,5,0,0,0,,
45,150,151.662109072756,DI,1979.0,8.5,5,0,0,0,,
46,300,80.6702644815918,DI,1978.0,6.1,6,1,1,1,-80.4791691366513,43.4449029975224
13,300,168.730120691194,PVC,2011.0,9.35,6,2,0,0,,
63,150,11.2792925666084,CI,1961.0,7.75,5,1,1,1,-80.4386274210827,43.4348910267564
63,150,72.1063392025869,CI,1961.0,5.35,6,1,1,1,-80.4386274210827,43.4348910267564
59,300,152.561395371794,DI,1965.0,8.5,7,1,0,0,,
59,300,13.8387081773573,DI,1965.0,8.5,7,1,0,0,,
28,300,2.88010404487484,PVC,1996.0,9.35,6,1,0,0,,
33,300,7.39979785801987,PVC,1991.0,9.35,7,1,0,0,,
33,300,36.9004643423951,PVC,1991.0,9.35,7,1,0,0,,
33,300,38.7346805657157,PVC,1991.0,9.35,7,1,0,0,,
52,150,5.78834652793616,DI,1972.0,8.5,6,5,0,0,,
52,150,1.01125268738753,DI,1972.0,8.5,6,5,0,0,,
52,150,230.017356212693,DI,1972.0,8.5,6,5,0,0,,
52,150,164.402261940163,DI,1972.0,8.5,6,5,0,0,,
51,150,13.1172669705099,DI,1973.0,8.5,6,1,0,0,,
51,150,69.7292913212062,DI,1973.0,8.5,6,1,0,0,,
96,150,81.361638297581,CI,1928.0,7.75,5,1,0,0,,
96,150,1.46388338318394,CI,1928.0,7.75,5,1,0,0,,
32,300,8.37989074556851,DI,1992.0,9.1,7,1,0,0,,
32,300,44.8770026171816,DI,1992.0,9.1,7,1,0,0,,
32,300,1.43037142159248,DI,1992.0,9.1,0,1,0,0,,
70,150,6.70555750863499,CI,1954.0,7.75,6,1,1,1,-80.4537584548859,43.4220591822409
70,150,309.440504621321,CI,1954.0,6.9,6,1,1,1,-80.4537584548859,43.4220591822409
70,150,7.63377477435209,CI,1954.0,7.75,6,1,1,1,-80.4537584548859,43.4220591822409
60,150,61.6822571560941,CI,1964.0,7.85,6,7,0,0,,
36,300,6.30617742230673,DI,1988.0,9.1,0,1,0,0,,
36,300,14.7549773562314,DI,1988.0,9.1,7,1,0,0,,
15,150,52.9674352670146,PVC,2009.0,9.35,0,1,0,0,,
53,200,7.92303972115959,DI,1971.0,8.5,5,1,0,0,,
53,200,68.8810996876843,DI,1971.0,8.5,6,1,0,0,,
19,150,17.6607706511557,PVC,2005.0,9.35,5,1,0,0,,
27,150,12.9826116329065,PVC,1997.0,9.35,6,3,0,0,,
27,150,190.140726158115,PVC,1997.0,9.35,6,3,0,0,,
27,150,12.3299077370133,PVC,1997.0,9.35,6,3,0,0,,
27,150,119.836599360687,PVC,1997.0,9.35,6,3,0,0,,
50,300,13.7651142246609,DI,1974.0,8.5,6,2,1,1,-80.4395388820516,43.3991454141975
50,300,104.116578572193,DI,1974.0,6.9,6,2,1,1,-80.4395388820516,43.3991454141975
27,150,1.787347980467,PVC,1997.0,9.35,5,1,0,0,,
27,150,197.730199403273,PVC,1997.0,9.35,5,1,0,0,,
27,150,1.06566140953385,PVC,1997.0,9.35,5,1,0,0,,
14,200,6.54198416900074,PVC,2010.0,9.35,7,1,0,0,,
21,200,89.402198309629,PVC,2003.0,9.35,7,1,0,0,,
21,200,9.32751636823724,PVC,2003.0,9.35,6,1,0,0,,
52,150,7.01043393802687,DI,1972.0,8.5,6,1,0,0,,
52,150,7.00974229553762,DI,1972.0,8.5,6,1,0,0,,
52,150,235.894831173705,DI,1972.0,8.5,7,1,0,0,,
52,150,4.82496354521687,DI,1972.0,8.5,7,1,0,0,,
52,150,254.72021879518,DI,1972.0,8.5,7,1,0,0,,
13,200,12.1742835451805,PVC,2011.0,9.35,5,6,0,0,,
18,150,0.463651604661854,PVC,2006.0,9.35,6,7,0,0,,
76,200,1.27040000073612,CI,1948.0,7.75,7,1,1,1,-80.4844065664074,43.4713249451307
74,300,282.9444785675,CI,1950.0,7.75,7,1,0,0,,
74,300,7.71097927929444,CI,1950.0,7.75,7,1,0,0,,
40,300,0.777301279418911,DI,1984.0,9.1,7,1,0,0,,
40,300,30.9204048408835,DI,1984.0,9.1,7,1,0,0,,
40,300,56.6376771390801,DI,1984.0,9.1,7,1,0,0,,
40,300,1.16542799042834,DI,1984.0,9.1,7,1,0,0,,
13,200,11.0102399675593,PVC,2011.0,9.35,5,6,0,0,,
13,200,9.79270081557235,PVC,2011.0,9.35,5,6,0,0,,
13,200,8.43252476618843,PVC,2011.0,9.35,5,6,0,0,,
13,200,5.88785624362502,PVC,2011.0,9.35,5,6,0,0,,
24,200,10.2495983145134,PVC,2000.0,9.35,5,6,0,0,,
13,200,12.0178002009329,PVC,2011.0,9.35,5,6,0,0,,
13,150,11.9079628233586,PVC,2011.0,9.35,5,6,0,0,,
59,150,137.450044418036,CI,1965.0,6.65,7,1,1,1,-80.4454805505571,43.4376258472677
22,150,1.03790441343151,PVC,2002.0,9.35,6,6,0,0,,
14,150,16.6618237399977,PVC,2010.0,9.35,6,6,0,0,,
47,200,119.539635713399,DI,1977.0,8.5,6,2,0,0,,
47,200,179.998382344517,DI,1977.0,8.5,6,2,0,0,,
47,200,86.5869481941752,DI,1977.0,8.5,6,2,0,0,,
65,150,12.4830187258,CI,1959.0,7.75,5,1,1,1,-80.4588482823722,43.4437260694634
25,150,292.296116120202,PVC,1999.0,9.35,6,0,0,0,,
25,150,12.0695869881002,PVC,1999.0,9.35,6,0,0,0,,
55,150,1.95908623521092,DI,1969.0,8.5,6,3,2,1,-80.5267756982305,43.4199077772851
55,150,70.3753651375612,DI,1969.0,6.1,6,3,2,1,-80.5267756982305,43.4199077772851
55,150,12.0890538454946,DI,1969.0,8.5,7,3,2,1,-80.5267756982305,43.4199077772851
66,750,394.146877467651,CPP,1958.0,8.95,9,1,1,1,-80.5243438706733,43.410173513885
94,300,11.9670889102453,CI,1930.0,7.75,7,1,0,0,,
14,200,7.50414327643766,PVC,2010.0,9.35,6,1,1,1,-80.5086825646119,43.4275328240099
59,150,159.442118584273,AC,1965.0,8.7,5,1,0,0,,
33,300,6.21104119114957,DI,1991.0,9.1,7,1,0,0,,
33,300,14.7803411759678,DI,1991.0,9.1,7,1,0,0,,
33,300,106.070920471079,DI,1991.0,9.1,7,1,0,0,,
70,200,83.2199644297774,CI,1954.0,4.55,6,1,2,1,-80.447583564978,43.4240505621396
70,200,9.9988225244431,CI,1954.0,7.75,6,1,2,1,-80.447583564978,43.4240505621396
25,300,4.86971179821483,PVC,1999.0,9.35,7,1,2,1,-80.4469060506385,43.4360051672127
25,300,6.82958092807549,PVC,1999.0,9.35,7,1,2,1,-80.4469060506385,43.4360051672127
20,200,162.257713784506,PVC,2004.0,9.35,7,1,0,0,,
20,200,14.1059745829264,PVC,2004.0,9.35,7,1,0,0,,
14,200,5.33537425322385,PVC,2010.0,9.35,7,1,0,0,,
32,450,13.4201996115162,AC,1992.0,8.9,0,1,4,1,-80.4983458070912,43.4290502428461
32,300,67.3253704389192,DI,1992.0,9.1,7,1,0,0,,
58,600,30.6977771839577,CPP,1966.0,9.15,7,1,0,0,,
50,150,4.13053742306787,DI,1974.0,8.5,6,1,0,0,,
13,150,2.89368419174199,PVC,2011.0,9.35,6,1,0,0,,
55,300,1.33035344611448,DI,1969.0,8.5,0,3,1,1,-80.532119879883,43.4447672637191
55,300,11.9070389622667,DI,1969.0,8.5,5,3,1,1,-80.532119879883,43.4447672637191
55,300,1.54600194064005,DI,1969.0,8.5,0,1,1,1,-80.532119879883,43.4447672637191
95,100,1.13082341721166,CI,1929.0,7.75,0,1,0,0,,
13,150,2.61033903694828,PVC,2011.0,9.35,6,1,0,0,,
52,200,17.525495320679,DI,1972.0,8.5,6,5,1,1,-80.4166163098391,43.4304591467195
52,200,6.26379822158224,DI,1972.0,8.5,6,5,0,0,,
13,150,7.96900106111434,PVC,2011.0,9.35,7,1,0,0,,
71,200,12.7684029543036,CI,1953.0,7.75,6,1,0,0,,
71,200,79.4963818662873,CI,1953.0,7.75,6,1,0,0,,
27,150,264.913979910748,PVC,1997.0,9.35,8,1,0,0,,
28,150,5.19065907139803,PVC,1996.0,9.35,6,1,0,0,,
28,150,168.144938438194,PVC,1996.0,9.35,6,1,0,0,,
28,150,5.40802396412778,PVC,1996.0,9.35,6,1,0,0,,
28,150,153.438875484939,PVC,1996.0,9.35,6,1,0,0,,
63,150,75.3300807769594,CI,1961.0,7.75,5,1,0,0,,
63,150,0.541578876804713,CI,1961.0,7.75,5,1,0,0,,
50,150,7.62737194041807,DI,1974.0,4.58,6,1,2,1,-80.4672894387886,43.4136116505093
50,150,244.864646323861,DI,1974.0,6.9,6,1,2,1,-80.4672894387886,43.4136116505093
17,300,12.7092075749904,PVC,2007.0,9.35,6,0,0,0,,
14,300,68.428561810056,PVC,2010.0,9.35,6,0,0,0,,
64,100,83.1051437290923,DI,1960.0,6.1,5,1,1,1,-80.4641484930111,43.4341731935814
64,100,2.31773360651584,DI,1960.0,8.5,5,1,1,1,-80.4641484930111,43.4341731935814
50,300,4.17855857396218,DI,1974.0,8.5,6,1,0,0,,
13,150,9.78258327290471,PVC,2011.0,9.35,5,1,0,0,,
12,200,0.941613514031963,PVC,2012.0,9.35,5,1,2,1,-80.5004061635791,43.4627065384383
50,300,96.4814745644389,DI,1974.0,8.5,7,1,1,1,-80.4996991352909,43.4602633204099
24,300,21.6614541542775,PVC,2000.0,9.35,7,1,0,0,,
21,200,162.683915923816,PVC,2003.0,9.35,7,1,0,0,,
21,200,1.10016762491603,PVC,2003.0,9.35,0,1,0,0,,
21,200,3.19833723404822,PVC,2003.0,9.35,6,1,0,0,,
65,200,124.467659746037,CI,1959.0,6.15,7,1,1,1,-80.4653992200684,43.4296429486096
58,150,110.496024546809,CI,1966.0,4.25,6,1,7,1,-80.4402495737358,43.4483548673199
58,150,9.16961675976431,CI,1966.0,3.93,5,1,7,1,-80.4402495737358,43.4483548673199
57,100,12.8137730039382,DI,1967.0,8.5,5,1,0,0,,
57,100,70.8392405153028,DI,1967.0,8.5,5,1,0,0,,
43,150,178.662898600164,DI,1981.0,8.05,7,1,0,0,,
49,150,7.62029262841177,DI,1975.0,8.5,6,3,0,0,,
49,150,242.586607235346,DI,1975.0,8.5,7,3,0,0,,
59,150,8.17234286226283,CI,1965.0,7.85,5,1,1,1,-80.4443647936916,43.4467281433203
59,150,19.5813300326523,CI,1965.0,7.85,5,1,1,1,-80.4443647936916,43.4467281433203
59,150,200.113337718577,CI,1965.0,7.45,7,1,1,1,-80.4443647936916,43.4467281433203
10,450,14.474298772408,PVC,2014.0,9.35,7,1,0,0,,
10,150,1.29089414046225,PVC,2014.0,9.35,7,1,0,0,,
13,150,113.665304989295,PVC,2011.0,9.35,6,1,0,0,,
13,150,2.73073341931821,PVC,2011.0,9.35,5,1,0,0,,
13,150,40.5232635258416,PVC,2011.0,9.35,5,1,0,0,,
11,150,1.79174408053431,PVC,2013.0,9.35,5,1,0,0,,
11,150,138.622596571266,PVC,2013.0,9.35,7,1,0,0,,
11,150,3.64870819038715,PVC,2013.0,9.35,7,1,0,0,,
11,150,13.6489850186757,PVC,2013.0,9.35,5,1,0,0,,
78,200,1.21922335996018,CI,1946.0,7.75,6,1,1,1,-80.4869932749298,43.4727581492157
78,200,1.53313775256417,CI,1946.0,7.75,5,1,1,1,-80.4869932749298,43.4727581492157
43,300,10.2444754667138,DI,1981.0,8.5,7,1,1,1,-80.4841554996998,43.4565462996067
43,300,16.6791229911404,DI,1981.0,8.5,7,1,2,1,-80.4849877875438,43.4569003122597
16,300,2.68958007559046,PVC,2008.0,9.35,8,1,0,0,,
17,50,9.19399024745511,PVC,2007.0,9.35,5,1,3,1,-80.484931070172,43.4561000283465
41,300,12.5807147745334,DI,1983.0,9.1,7,1,1,1,-80.4841320241542,43.4560919683224
41,300,7.37610154255322,DI,1983.0,9.1,7,1,0,0,,
33,300,6.99985190693199,DI,1991.0,9.1,8,1,0,0,,
33,300,7.3852580723434,DI,1991.0,9.1,8,1,0,0,,
36,300,5.84815048723138,DI,1988.0,9.1,8,1,0,0,,
36,300,27.538288810027,DI,1988.0,9.1,7,1,0,0,,
33,300,8.70038016543687,DI,1991.0,9.1,7,1,0,0,,
34,300,6.31589619434912,DI,1990.0,9.1,7,1,0,0,,
17,300,6.85846556487924,PVC,2007.0,9.35,7,1,0,0,,
58,300,40.1702517089591,CI,1966.0,7.85,7,1,3,1,-80.4857842397749,43.4575510698103
58,300,40.5094338773887,CI,1966.0,4.05,7,1,3,1,-80.4857842397749,43.4575510698103
48,300,4.53676864736514,DI,1976.0,8.5,7,1,3,1,-80.4857842397749,43.4575510698103
42,300,1.86367039959677,DI,1982.0,9.1,7,1,3,1,-80.4857842397749,43.4575510698103
48,200,12.6631017306437,DI,1976.0,8.5,7,1,2,1,-80.4849877875438,43.4569003122597
48,200,13.1494042263178,DI,1976.0,8.5,7,1,2,1,-80.4849877875438,43.4569003122597
20,300,11.9185130382995,PVC,2004.0,9.35,6,1,0,0,,
61,200,0.60941007525242,CI,1963.0,7.85,7,1,1,1,-80.4844065664074,43.4713249451307
76,150,2.13993910404231,CI,1948.0,7.75,6,1,0,0,,
72,150,12.2661518654098,CI,1952.0,7.75,7,1,0,0,,
41,300,0.458470851236004,DI,1983.0,9.1,7,1,0,0,,
41,300,3.04795894863293,DI,1983.0,9.1,7,1,4,1,-80.4749157307697,43.4680256479454
41,300,2.19267325480469,DI,1983.0,9.1,0,1,4,1,-80.4749157307697,43.4680256479454
46,300,60.5581626211561,DI,1978.0,8.5,7,1,0,0,,
46,300,10.4807202957855,DI,1978.0,8.5,7,1,0,0,,
75,150,12.8855265800981,CI,1949.0,7.75,6,1,0,0,,
48,300,7.31598359620929,DI,1976.0,8.5,7,1,1,1,-80.4800641631084,43.4678751965881
59,150,12.7066847149983,CI,1965.0,3.93,5,1,2,1,-80.4458261278732,43.4459819809547
59,150,79.1811436159495,CI,1965.0,3.2,5,1,2,1,-80.4458261278732,43.4459819809547
45,300,4.90019170218181,DI,1979.0,8.5,7,1,1,1,-80.481162496429,43.468961132043
45,300,11.8228583614471,DI,1979.0,8.5,6,1,1,1,-80.481162496429,43.468961132043
77,150,13.4131065805391,CI,1947.0,7.75,7,1,0,0,,
77,150,8.78467269817848,CI,1947.0,7.75,5,1,1,1,-80.4809548426344,43.4670110578409
45,300,7.97850572463197,DI,1979.0,8.5,6,1,0,0,,
77,150,6.82073231255441,CI,1947.0,7.75,6,1,1,1,-80.4809548426344,43.4670110578409
52,150,14.7649610195108,DI,1972.0,8.5,6,3,3,1,-80.5246235598404,43.4246361293914
52,150,173.627434951589,DI,1972.0,7.7,6,3,3,1,-80.5246235598404,43.4246361293914
52,150,7.37619793648968,DI,1972.0,8.5,6,3,3,1,-80.5246235598404,43.4246361293914
52,150,123.888391168248,DI,1972.0,8.5,6,3,3,1,-80.5246235598404,43.4246361293914
22,150,10.2105088603511,PVC,2002.0,9.35,6,1,0,0,,
22,150,211.051334911959,PVC,2002.0,9.35,6,1,0,0,,
13,200,8.82510464724509,PVC,2011.0,9.35,5,1,2,1,-80.5004061635791,43.4627065384383
16,150,141.52668720701,PVC,2008.0,9.35,6,1,0,0,,
20,150,90.0187295144347,PVC,2004.0,7.35,6,1,0,0,,
20,150,2.40656055986924,PVC,2004.0,9.35,5,1,0,0,,
20,150,12.8309975929951,PVC,2004.0,9.35,6,1,0,0,,
20,150,8.6046460600409,PVC,2004.0,9.35,6,1,0,0,,
29,150,5.41108138584553,PVC,1995.0,9.35,5,1,0,0,,
11,150,60.4967347837714,PVC,2013.0,9.35,6,1,0,0,,
11,150,66.0850678008831,PVC,2013.0,9.35,5,1,0,0,,
11,150,18.1839827195695,PVC,2013.0,9.35,5,1,0,0,,
11,150,7.43018273374147,PVC,2013.0,9.35,5,1,0,0,,
29,150,8.77972803732102,PVC,1995.0,9.35,5,1,0,0,,
51,200,7.62009895040321,DI,1973.0,8.5,6,3,2,1,-80.5294307383052,43.4173874990754
51,200,148.191835410477,DI,1973.0,6.1,7,3,2,1,-80.5294307383052,43.4173874990754
51,200,81.3798121228658,DI,1973.0,8.5,6,3,2,1,-80.5294307383052,43.4173874990754
45,150,10.2502813551946,DI,1979.0,8.5,6,2,0,0,,
45,150,199.088026265419,DI,1979.0,8.5,6,2,0,0,,
45,150,109.443526130253,DI,1979.0,8.5,6,2,0,0,,
46,300,156.321856179646,DI,1978.0,8.5,7,1,0,0,,
63,750,37.9797115263597,CPP,1961.0,9.15,9,1,1,1,-80.5306258691107,43.4073064722364
57,150,14.1127804339096,CI,1967.0,7.85,6,1,1,1,-80.4631709414468,43.4249219102586
57,150,110.3849599526,CI,1967.0,6.25,6,1,1,1,-80.4631709414468,43.4249219102586
21,150,7.6236160920511,PVC,2003.0,9.35,6,3,0,0,,
21,150,3.35598185487914,PVC,2003.0,9.35,6,3,0,0,,
21,150,201.02072331794,PVC,2003.0,9.35,6,3,0,0,,
47,200,6.5948635171382,DI,1977.0,8.5,6,2,0,0,,
47,200,83.6546205794707,DI,1977.0,8.5,6,2,0,0,,
51,150,224.735162964798,CI,1973.0,7.75,5,1,0,0,,
63,400,85.261833376984,CI,1961.0,7.75,7,1,0,0,,
63,400,1.52397821616305,CI,1961.0,7.75,0,1,0,0,,
63,400,25.1478329220898,CI,1961.0,7.75,7,1,0,0,,
24,250,25.7591528888325,PVC,2000.0,9.35,6,1,0,0,,
19,300,116.141682543059,PVC,2005.0,9.35,6,1,0,0,,
19,300,75.4079206734526,PVC,2005.0,9.35,0,1,0,0,,
19,300,4.48265887698479,PVC,2005.0,9.35,6,1,0,0,,
66,150,258.650280788978,CI,1958.0,6.15,6,1,2,1,-80.503281964613,43.4299373899419
66,150,70.2315348010295,CI,1958.0,7.75,5,1,2,1,-80.503281964613,43.4299373899419
96,150,107.337138281679,CI,1928.0,7.75,5,1,0,0,,
56,200,105.80485477813,DI,1968.0,8.5,6,1,0,0,,
49,300,141.523229941477,DI,1975.0,8.5,6,0,0,0,,
49,300,3.51821683566158,DI,1975.0,8.5,6,0,0,0,,
37,150,12.2963858974453,DI,1987.0,9.1,6,3,1,1,-80.5065286038441,43.4200733220755
37,150,169.393248521488,DI,1987.0,9.1,6,3,1,1,-80.5065286038441,43.4200733220755
37,150,58.6510706618438,DI,1987.0,9.1,7,3,1,1,-80.5065286038441,43.4200733220755
37,150,3.83618902908484,DI,1987.0,9.1,6,3,1,1,-80.5065286038441,43.4200733220755
20,200,14.8680079447933,PVC,2004.0,9.35,6,1,0,0,,
15,300,5.19263601718355,PVC,2009.0,9.35,7,1,0,0,,
94,200,12.6533083405741,CI,1930.0,7.75,7,1,0,0,,
94,200,65.7678000750122,CI,1930.0,7.75,6,1,0,0,,
19,300,36.5296273490382,PVC,2005.0,9.35,6,2,0,0,,
18,300,8.37240597176094,PVC,2006.0,9.35,6,2,0,0,,
24,150,14.233565220403,PVC,2000.0,9.35,6,3,0,0,,
24,150,83.2652096444891,PVC,2000.0,9.35,6,3,0,0,,
24,150,152.919968848035,PVC,2000.0,9.35,6,3,0,0,,
24,150,12.754203724177,PVC,2000.0,9.35,6,3,0,0,,
39,300,101.946954321234,DI,1985.0,9.1,6,0,0,0,,
39,300,6.17471597974118,DI,1985.0,9.1,6,0,0,0,,
39,300,103.048028621101,DI,1985.0,9.1,6,0,0,0,,
22,300,70.139794174429,PVC,2002.0,9.35,7,3,0,0,,
22,300,19.7562353407774,PVC,2002.0,9.35,7,3,0,0,,
53,300,8.06878553429337,DI,1971.0,8.5,7,1,0,0,,
53,300,4.57988130891027,DI,1971.0,8.5,7,1,0,0,,
53,300,147.479856393592,DI,1971.0,8.5,7,1,0,0,,
16,200,70.4856070796956,PVC,2008.0,9.35,6,1,0,0,,
16,200,0.764210579884733,PVC,2008.0,9.35,6,1,0,0,,
45,300,8.05479860586171,DI,1979.0,8.5,6,5,0,0,,
45,300,187.519504982377,DI,1979.0,8.5,6,5,0,0,,
45,300,3.12603582834611,DI,1979.0,8.5,5,5,0,0,,
61,150,7.6385636450972,CI,1963.0,7.85,5,1,1,1,-80.4260910962594,43.433665116144
61,150,7.61969330800279,CI,1963.0,7.85,5,1,1,1,-80.4260910962594,43.433665116144
61,150,118.95763278405,CI,1963.0,7.85,6,1,1,1,-80.4260910962594,43.433665116144
73,150,8.4793949929831,CI,1951.0,7.75,6,1,0,0,,
73,150,134.279036911811,CI,1951.0,7.75,6,1,0,0,,
27,150,6.04048617878317,PVC,1997.0,9.35,7,1,0,0,,
27,150,73.7945775176675,PVC,1997.0,9.35,6,1,0,0,,
45,300,7.10709190647205,DI,1979.0,8.5,7,1,0,0,,
47,150,3.14324751310528,DI,1977.0,8.5,6,1,2,1,-80.5064032467737,43.4421469412875
66,150,22.2257965812843,CI,1958.0,3.95,4,1,2,1,-80.505327687526,43.4297512052667
17,200,86.4533938709722,PVC,2007.0,9.35,6,1,0,0,,
35,150,35.9935379754463,DI,1989.0,9.1,6,7,0,0,,
11,300,57.4059674800995,PVC,2013.0,9.35,6,2,0,0,,
32,150,110.323262150895,DI,1992.0,9.1,6,7,0,0,,
19,200,1.58003808194392,PVC,2005.0,9.35,0,1,0,0,,
19,200,98.7124597094165,PVC,2005.0,9.35,7,1,0,0,,
53,200,9.14438666755263,DI,1971.0,8.5,7,1,0,0,,
53,200,361.644978819038,DI,1971.0,8.5,6,1,0,0,,
53,200,197.593360715395,DI,1971.0,8.5,7,1,0,0,,
53,200,0.761951704805467,DI,1971.0,8.5,7,1,1,1,-80.5117572611759,43.4396854835542
53,150,47.9575412804721,DI,1971.0,8.5,6,3,0,0,,
53,150,6.46975083258923,DI,1971.0,8.5,6,3,0,0,,
50,200,12.6429957411507,DI,1974.0,8.5,5,1,0,0,,
50,200,1.82942509520837,DI,1974.0,8.5,0,3,0,0,,
50,200,215.822755823289,DI,1974.0,8.5,6,1,0,0,,
50,200,5.79157038419366,DI,1974.0,8.5,0,3,0,0,,
17,300,261.189393094415,PVC,2007.0,9.35,6,1,0,0,,
37,450,241.531426019821,DI,1987.0,9.1,8,2,0,0,,
37,450,178.494207007003,DI,1987.0,9.1,7,2,0,0,,
20,150,16.2379380707314,PVC,2004.0,9.35,6,1,0,0,,
63,450,115.011504428217,CI,1961.0,7.75,7,1,0,0,,
48,200,56.0451335529487,DI,1976.0,8.5,6,1,0,0,,
48,200,12.2251917705062,DI,1976.0,8.5,6,1,0,0,,
35,200,7.6214874868673,DI,1989.0,9.1,7,5,0,0,,
35,200,131.216920005206,DI,1989.0,9.1,6,5,0,0,,
35,200,6.26291916626378,DI,1989.0,9.1,6,5,0,0,,
17,150,216.988099632129,PVC,2007.0,9.35,7,1,0,0,,
37,150,1.02485940487003,DI,1987.0,9.1,6,3,0,0,,
37,150,90.6058673452012,DI,1987.0,9.1,6,3,0,0,,
37,150,13.8363526913596,DI,1987.0,9.1,6,3,0,0,,
65,150,249.14603819419,CI,1959.0,7.35,5,1,1,1,-80.4461985300375,43.4353963280436
19,200,8.36643372090321,PVC,2005.0,9.35,6,1,0,0,,
19,200,80.5972902096712,PVC,2005.0,9.35,6,1,0,0,,
21,150,4.55591307705052,PVC,2003.0,9.35,6,1,0,0,,
21,150,72.971857394091,PVC,2003.0,9.35,6,1,0,0,,
51,300,8.2663042912406,DI,1973.0,8.5,7,3,0,0,,
51,300,52.8262174539292,DI,1973.0,8.5,7,3,0,0,,
21,300,9.94686081184442,PVC,2003.0,9.35,6,3,0,0,,
21,300,74.3265315259356,PVC,2003.0,9.35,6,3,0,0,,
74,450,69.0286519948629,CI,1950.0,7.3,6,1,0,0,,
74,450,31.6332364512329,CI,1950.0,5.5,7,1,0,0,,
33,300,6.59676377661461,PVC,1991.0,9.35,6,1,0,0,,
33,300,9.01917021462693,PVC,1991.0,9.35,7,1,0,0,,
33,300,101.964856195008,PVC,1991.0,9.35,7,1,0,0,,
20,150,7.70439144129261,PVC,2004.0,9.35,6,1,0,0,,
10,300,39.4352609506846,PVC,2014.0,9.35,8,1,0,0,,
10,300,26.3215535053985,PVC,2014.0,9.35,8,1,0,0,,
10,300,10.1860268724721,PVC,2014.0,9.35,8,1,0,0,,
19,150,21.3985540708347,PVC,2005.0,9.35,6,1,0,0,,
16,200,1.25816428606267,PVC,2008.0,9.35,5,3,0,0,,
16,200,18.8901271142659,PVC,2008.0,9.35,5,3,0,0,,
60,450,24.2958242500106,CI,1964.0,7.85,7,1,0,0,,
60,450,2.12176839544482,CI,1964.0,7.85,7,1,0,0,,
51,300,27.4517797479999,DI,1973.0,8.5,7,1,0,0,,
52,450,32.2896234914482,DI,1972.0,4.9,7,1,1,1,-80.4911701366943,43.4261095421214
15,200,210.536747827084,PVC,2009.0,9.35,5,3,0,0,,
15,200,13.8612120451157,PVC,2009.0,9.35,5,3,0,0,,
15,200,31.5013139513329,PVC,2009.0,9.35,5,3,0,0,,
15,200,118.814097125408,PVC,2009.0,9.35,5,3,0,0,,
50,300,32.2002507820771,DI,1974.0,8.5,7,1,0,0,,
50,300,37.6258931978621,DI,1974.0,8.5,7,1,0,0,,
50,300,74.9017779285591,DI,1974.0,8.5,7,1,0,0,,
50,300,16.1699170323438,DI,1974.0,8.5,7,1,0,0,,
59,300,99.9295128291255,DI,1965.0,8.5,8,1,0,0,,
62,300,403.971784743198,CI,1962.0,7.4,8,1,0,0,,
56,300,6.8921128443972,DI,1968.0,8.5,7,1,0,0,,
38,300,7.65562951249552,DI,1986.0,9.1,6,1,0,0,,
38,0,72.3969429628508,DI,1986.0,9.1,6,1,0,0,,
48,150,213.16659924771,DI,1976.0,8.5,6,1,0,0,,
59,150,12.2389566942648,DI,1965.0,8.5,5,1,0,0,,
59,150,149.243104808745,DI,1965.0,8.5,5,1,0,0,,
39,300,15.1387979492375,DI,1985.0,9.1,7,1,0,0,,
39,300,63.4936261818463,DI,1985.0,9.1,7,1,0,0,,
21,150,25.7872422209875,PVC,2003.0,9.35,6,1,0,0,,
21,150,1.12595310750569,PVC,2003.0,9.35,0,1,0,0,,
21,150,6.85177764545699,PVC,2003.0,9.35,0,1,0,0,,
62,150,7.6231683593731,CI,1962.0,7.85,6,1,11,1,-80.5097648160508,43.4259890532761
62,150,186.624896289991,CI,1962.0,7.85,6,1,11,1,-80.5097648160508,43.4259890532761
62,150,356.467579340345,CI,1962.0,3.8,5,1,11,1,-80.5097648160508,43.4259890532761
62,150,2.1385552659553,CI,1962.0,7.85,7,1,11,1,-80.5097648160508,43.4259890532761
53,150,8.37283864778935,DI,1971.0,8.5,6,1,0,0,,
53,150,54.8724138083197,DI,1971.0,8.5,6,1,0,0,,
25,150,7.62947951050763,PVC,1999.0,9.35,4,1,0,0,,
25,150,65.4167162870997,PVC,1999.0,9.35,5,1,0,0,,
56,300,161.285234208816,DI,1968.0,8.5,7,1,0,0,,
56,300,2.54540897958873,DI,1968.0,8.5,6,1,0,0,,
14,150,39.2372898325979,PVC,2010.0,9.35,6,1,0,0,,
56,150,1.86365353129823,DI,1968.0,8.5,6,3,1,1,-80.5203766465575,43.4198337198759
56,150,191.966773244589,DI,1968.0,8.5,6,3,1,1,-80.5203766465575,43.4198337198759
56,150,294.434536522863,DI,1968.0,8.5,7,3,1,1,-80.5203766465575,43.4198337198759
56,150,2.04776690070524,DI,1968.0,8.5,6,3,1,1,-80.5203766465575,43.4198337198759
56,150,153.011952585683,DI,1968.0,8.5,6,3,1,1,-80.5203766465575,43.4198337198759
50,150,7.63932294445272,DI,1974.0,8.5,5,1,0,0,,
50,150,124.753743356217,DI,1974.0,8.5,5,1,0,0,,
23,150,8.70304926250181,PVC,2001.0,9.35,7,1,0,0,,
43,150,12.4992443824063,DI,1981.0,8.5,6,1,0,0,,
43,150,284.685433589813,DI,1981.0,8.5,6,1,0,0,,
43,150,11.8871480854875,DI,1981.0,8.5,6,1,0,0,,
22,150,9.48413116748331,PVC,2002.0,9.35,6,1,0,0,,
22,150,114.627616178823,PVC,2002.0,9.35,6,1,0,0,,
22,150,14.4924968066691,PVC,2002.0,9.35,6,1,0,0,,
38,150,10.3874939466086,DI,1986.0,9.1,5,0,0,0,,
38,150,14.2550885952924,DI,1986.0,9.1,6,0,0,0,,
38,150,56.3036403453796,DI,1986.0,9.1,5,0,0,0,,
22,150,14.4534108687895,PVC,2002.0,9.35,6,0,0,0,,
22,150,77.1850730244144,PVC,2002.0,9.35,6,0,0,0,,
19,150,13.2532520277168,PVC,2005.0,9.35,6,3,0,0,,
19,150,10.3830325123384,PVC,2005.0,9.35,6,3,0,0,,
19,150,72.4127278252959,PVC,2005.0,9.35,6,3,0,0,,
21,150,109.116093787942,HDPE,2003.0,10.0,5,2,0,0,,
21,150,97.1166725943527,HDPE,2003.0,10.0,5,2,0,0,,
63,200,8.68703756594691,CI,1961.0,7.75,6,1,1,1,-80.4506286931086,43.426160105555
63,200,48.3355378884333,CI,1961.0,4.55,6,1,1,1,-80.4506286931086,43.426160105555
66,100,12.7811213251896,DI,1958.0,4.58,6,1,6,1,-80.5051970951575,43.4285243812285
66,100,51.0485360917529,DI,1958.0,5.7,5,1,1,1,-80.5035989194373,43.4282673821331
35,150,7.49971652816247,DI,1989.0,9.1,5,1,0,0,,
35,150,3.39976199196668,DI,1989.0,9.1,5,1,0,0,,
38,150,1.52392970817404,DI,1986.0,8.5,6,3,2,1,-80.5307715059321,43.419278738818
38,150,170.384041811206,DI,1986.0,8.5,6,3,2,1,-80.5307715059321,43.419278738818
51,150,158.559049547451,DI,1973.0,8.5,6,3,2,1,-80.5307715059321,43.419278738818
57,150,66.8172270556757,DI,1967.0,8.5,5,1,1,1,-80.5173918623226,43.4310200848377
57,150,1.54373868636041,DI,1967.0,8.5,0,1,2,1,-80.5167773834458,43.43104763663
78,150,8.60724709347097,CI,1946.0,7.75,6,1,0,0,,
78,150,118.159828335507,CI,1946.0,7.75,6,1,0,0,,
47,100,11.0283750755575,DI,1977.0,8.5,5,1,0,0,,
47,100,52.4987459073759,DI,1977.0,8.5,5,1,0,0,,
37,300,49.3731286007698,DI,1987.0,9.1,6,1,0,0,,
37,300,21.4065944047813,DI,1987.0,9.1,6,1,0,0,,
18,150,1.65192895702789,PVC,2006.0,9.35,5,0,0,0,,
18,150,6.66766394195172,PVC,2006.0,9.35,5,0,0,0,,
18,150,268.200963401041,PVC,2006.0,9.35,5,0,0,0,,
23,150,13.3055060724601,PVC,2001.0,9.35,5,1,7,1,-80.5269649482367,43.4513698554882
23,150,20.2061616873459,PVC,2001.0,9.35,6,1,0,0,,
49,150,67.0740846607168,DI,1975.0,8.5,7,1,0,0,,
38,150,6.03105057869397,DI,1986.0,9.1,5,1,0,0,,
38,150,0.693068307969606,DI,1986.0,9.1,5,1,0,0,,
38,150,75.4726421662523,DI,1986.0,9.1,5,1,0,0,,
51,300,129.08686651914,DI,1973.0,8.5,7,1,2,1,-80.4647033017329,43.4020374293785
51,300,169.120239190092,DI,1973.0,6.5,6,1,2,1,-80.4647033017329,43.4020374293785
51,300,4.0048306234717,DI,1973.0,8.5,8,1,2,1,-80.4647033017329,43.4020374293785
17,200,3.78516855252931,PVC,2007.0,9.35,6,1,0,0,,
17,200,10.4189604144366,PVC,2007.0,9.35,0,1,0,0,,
17,200,122.389329712001,PVC,2007.0,9.35,6,1,0,0,,
43,150,7.56125201317509,DI,1981.0,8.5,5,1,2,1,-80.4187572151582,43.4247119760456
43,150,10.1091481595613,DI,1981.0,8.5,5,1,2,1,-80.4187572151582,43.4247119760456
43,150,227.619157543416,DI,1981.0,8.1,5,1,2,1,-80.4187572151582,43.4247119760456
47,200,88.5312166558033,DI,1977.0,8.5,6,2,0,0,,
47,200,11.9032478523117,DI,1977.0,8.5,6,2,0,0,,
52,150,6.2465685561041,DI,1972.0,8.5,7,5,1,1,-80.4192880367943,43.4267865774632
52,150,53.0258255871275,DI,1972.0,8.5,7,5,1,1,-80.4192880367943,43.4267865774632
21,250,11.7392842645604,PVC,2003.0,9.35,7,3,0,0,,
17,250,53.7208694804536,PVC,2007.0,9.35,7,3,0,0,,
71,200,9.44912944995265,CI,1953.0,7.75,7,1,0,0,,
71,200,28.9175616296326,CI,1953.0,7.75,7,1,0,0,,
25,300,11.4557660106354,PVC,1999.0,9.35,6,0,0,0,,
25,300,108.155749825209,PVC,1999.0,9.35,6,0,0,0,,
52,300,97.7792857750104,DI,1972.0,6.5,6,1,1,1,-80.5271134441145,43.4453764564198
52,300,7.90239345342192,DI,1972.0,8.5,6,1,1,1,-80.5271134441145,43.4453764564198
58,150,7.62004112373083,DI,1966.0,8.5,6,1,0,0,,
58,150,67.9704363191296,DI,1966.0,8.5,6,1,0,0,,
19,150,5.69666708982121,PVC,2005.0,9.35,6,4,0,0,,
19,150,72.917404939006,PVC,2005.0,9.35,6,4,0,0,,
19,150,10.5255116957408,PVC,2005.0,9.35,6,4,0,0,,
15,300,1.1135135966394,PVC,2009.0,9.35,7,1,0,0,,
26,200,1.02785470763837,PVC,1998.0,9.35,5,4,0,0,,
19,200,38.8195902157668,PVC,2005.0,9.35,7,1,0,0,,
13,450,10.7278730710929,PVC,2011.0,9.35,6,1,0,0,,
50,150,181.657206742561,DI,1974.0,8.5,6,1,1,1,-80.4983299378164,43.4647172030327
50,150,182.302267570477,DI,1974.0,7.7,6,1,1,1,-80.4983299378164,43.4647172030327
50,150,8.67457063381554,DI,1974.0,8.5,6,1,1,1,-80.4983299378164,43.4647172030327
91,300,99.6041950755834,CI,1933.0,7.75,6,1,0,0,,
75,150,158.144506616276,CI,1949.0,7.75,6,1,0,0,,
35,300,11.8601727695267,DI,1989.0,9.1,7,1,0,0,,
39,300,18.7380995906021,DI,1985.0,9.1,8,1,2,1,-80.489615968996,43.4499969504534
39,300,46.3837734724709,DI,1985.0,9.1,7,1,0,0,,
47,300,46.1894611031373,DI,1977.0,8.5,7,2,2,1,-80.4439011439736,43.3995788382544
47,300,2.90164197984987,DI,1977.0,8.5,7,2,2,1,-80.4439011439736,43.3995788382544
61,150,12.4923871482419,CI,1963.0,7.85,5,1,5,1,-80.4418087849899,43.4422246738251
61,150,27.3604766595043,CI,1963.0,3.93,6,1,2,1,-80.4389966719414,43.4432389437636
61,150,350.044146686786,CI,1963.0,5.45,6,1,5,1,-80.4418087849899,43.4422246738251
39,200,1.94433619161371,DI,1985.0,9.1,0,0,0,0,,
39,200,6.82656307979411,DI,1985.0,9.1,6,0,0,0,,
39,200,321.294558931478,DI,1985.0,9.1,6,0,0,0,,
24,600,6.3728815513969,PVC,2000.0,9.35,0,3,0,0,,
24,600,29.4756001576522,PVC,2000.0,9.35,6,3,0,0,,
71,200,111.084799246969,CI,1953.0,4.55,6,1,3,1,-80.4646943128454,43.4282678309834
49,300,29.7666547161532,DI,1975.0,8.5,6,0,0,0,,
23,300,21.4399598614087,PVC,2001.0,9.35,7,1,0,0,,
23,300,132.146395390532,PVC,2001.0,9.35,7,1,0,0,,
71,150,12.7510326483106,CI,1953.0,7.75,6,1,2,1,-80.4665015492669,43.4576589103103
71,150,78.9629115166471,CI,1953.0,4.55,6,1,2,1,-80.4665015492669,43.4576589103103
47,150,6.71868526882876,DI,1977.0,8.5,7,1,1,1,-80.45308632556,43.4670892246768
47,150,111.365705272097,DI,1977.0,6.9,7,1,1,1,-80.45308632556,43.4670892246768
26,150,12.1415163862528,PVC,1998.0,9.35,6,2,0,0,,
26,150,7.15996742994569,PVC,1998.0,9.35,6,2,0,0,,
26,150,74.5408502168571,PVC,1998.0,9.35,6,2,0,0,,
29,150,7.43309396738702,PVC,1995.0,9.35,5,1,0,0,,
29,150,206.656303961493,PVC,1995.0,9.35,5,1,0,0,,
29,150,201.529728420353,PVC,1995.0,9.35,5,1,0,0,,
29,150,6.38701313593295,PVC,1995.0,9.35,5,1,0,0,,
38,600,7.41129197993265,DI,1986.0,9.1,6,1,0,0,,
50,300,10.4228014614386,DI,1974.0,8.5,6,3,0,0,,
50,300,111.704167546808,DI,1974.0,8.5,6,3,0,0,,
37,150,10.470330386195,DI,1987.0,9.1,5,3,0,0,,
37,150,14.3806216396564,DI,1987.0,9.1,5,3,0,0,,
37,150,219.313607539493,DI,1987.0,9.1,5,3,0,0,,
46,300,2.01467210118067,DI,1978.0,8.5,6,1,0,0,,
46,300,137.995080140987,DI,1978.0,8.5,6,1,0,0,,
70,100,143.234572807481,CI,1954.0,4.55,5,1,3,1,-80.4995710142482,43.4653839495087
43,300,209.603096241021,DI,1981.0,8.5,7,7,0,0,,
48,300,98.0345991377337,DI,1976.0,8.5,6,2,0,0,,
48,300,12.4964955737965,DI,1976.0,8.5,6,2,0,0,,
38,150,7.62033642337858,DI,1986.0,9.1,6,5,0,0,,
38,150,73.9299939643268,DI,1986.0,9.1,6,5,0,0,,
25,300,76.7856282674512,PVC,1999.0,9.35,7,1,0,0,,
25,300,6.89736679020086,PVC,1999.0,9.35,7,1,2,1,-80.4469060506385,43.4360051672127
55,150,7.70048942924447,CI,1969.0,7.85,5,3,4,1,-80.5206014328021,43.4181630374157
55,150,7.59537831669723,CI,1969.0,7.85,5,3,4,1,-80.5206014328021,43.4181630374157
55,150,146.725149056997,CI,1969.0,7.85,5,3,4,1,-80.5206014328021,43.4181630374157
55,150,166.647978910408,CI,1969.0,7.85,5,3,4,1,-80.5206014328021,43.4181630374157
55,150,176.802509276022,CI,1969.0,4.65,5,3,4,1,-80.5206014328021,43.4181630374157
53,150,91.5891749805641,DI,1971.0,8.5,6,1,0,0,,
57,150,15.7458003341865,DI,1967.0,8.5,6,1,0,0,,
57,150,109.492293149679,DI,1967.0,8.5,5,1,0,0,,
39,200,3.59702999826398,DI,1985.0,9.1,6,1,0,0,,
39,200,8.63408798788283,DI,1985.0,9.1,6,1,0,0,,
39,200,66.4266297906753,DI,1985.0,9.1,6,1,0,0,,
52,150,127.055093899594,CI,1972.0,7.75,5,1,0,0,,
72,150,40.6772891188155,CI,1952.0,7.75,5,1,0,0,,
50,300,12.1894492687248,DI,1974.0,8.5,6,3,0,0,,
50,300,62.8044263933152,DI,1974.0,8.5,6,3,0,0,,
48,150,98.7725276928495,DI,1976.0,8.5,5,2,0,0,,
48,150,14.8855104264505,DI,1976.0,8.5,5,2,0,0,,
56,300,47.8971087892585,DI,1968.0,8.5,6,3,0,0,,
56,300,9.0500775423412,DI,1968.0,8.5,6,3,0,0,,
15,150,105.674872282993,PVC,2009.0,9.35,6,1,0,0,,
15,150,12.6877014397763,PVC,2009.0,9.35,5,1,0,0,,
55,100,0.997802545630214,DI,1969.0,8.5,0,1,0,0,,
55,100,58.0755124436199,DI,1969.0,8.5,7,1,0,0,,
17,300,43.6981808451284,PVC,2007.0,9.35,7,1,0,0,,
64,200,109.652904663836,CI,1960.0,7.75,6,1,0,0,,
64,200,1.53416478893579,CI,1960.0,7.75,6,1,0,0,,
26,300,119.390421856613,PVC,1998.0,9.35,7,3,0,0,,
18,300,22.0698173953014,PVC,2006.0,9.35,6,2,0,0,,
18,300,65.0419063635639,PVC,2006.0,9.35,7,2,0,0,,
61,150,7.78869298513963,CI,1963.0,7.85,5,1,4,1,-80.5169189527525,43.4287982246907
61,150,261.516372681858,CI,1963.0,5.45,5,1,4,1,-80.5169189527525,43.4287982246907
61,150,85.1161146985161,CI,1963.0,7.85,5,1,4,1,-80.5169189527525,43.4287982246907
65,150,9.81151827535321,CI,1959.0,7.75,5,1,4,1,-80.4940862284898,43.4271591223586
65,150,7.62570837021846,CI,1959.0,7.75,5,1,4,1,-80.4940862284898,43.4271591223586
65,150,276.780181831894,CI,1959.0,5.35,5,1,4,1,-80.4940862284898,43.4271591223586
19,150,12.0866994768538,PVC,2005.0,9.35,6,2,0,0,,
19,150,75.2041684922559,PVC,2005.0,9.35,6,2,0,0,,
18,300,4.1298780607317,PVC,2006.0,9.35,6,1,0,0,,
18,300,160.935149941856,PVC,2006.0,9.35,8,1,0,0,,
63,150,12.6856377206602,CI,1961.0,7.75,5,1,5,1,-80.5069949957456,43.4236979928867
63,150,204.502435480816,CI,1961.0,6.15,5,1,5,1,-80.5069949957456,43.4236979928867
63,150,132.515864601665,CI,1961.0,4.55,5,1,5,1,-80.5069949957456,43.4236979928867
63,150,12.9559286424221,CI,1961.0,7.75,5,1,5,1,-80.5069949957456,43.4236979928867
32,300,109.178226393007,PVC,1992.0,9.35,7,3,0,0,,
32,300,5.65552604587575,PVC,1992.0,9.35,6,3,0,0,,
24,150,18.1044837377906,PVC,2000.0,9.35,6,1,0,0,,
24,150,110.2198207461,PVC,2000.0,9.35,6,1,0,0,,
66,150,90.2446559958273,CI,1958.0,7.75,6,1,0,0,,
66,150,0.612707695790292,CI,1958.0,7.75,6,1,1,1,-80.4934528059506,43.4264192930346
37,300,5.62345512326626,DI,1987.0,9.1,6,1,0,0,,
37,300,4.06804637111631,DI,1987.0,9.1,6,1,0,0,,
37,300,64.4619656986221,DI,1987.0,9.1,6,1,0,0,,
22,250,6.36633624943366,PVC,2002.0,9.35,6,2,0,0,,
22,250,6.304500551381,PVC,2002.0,9.35,6,2,0,0,,
22,250,93.0824481824074,PVC,2002.0,9.35,6,2,0,0,,
22,250,142.213156178558,PVC,2002.0,9.35,6,2,0,0,,
28,300,130.519715929693,PVC,1996.0,9.35,7,1,0,0,,
23,300,6.26841472107374,PVC,2001.0,9.35,7,1,0,0,,
23,300,1.47863657799256,PVC,2001.0,9.35,7,1,0,0,,
37,150,4.26270083301777,DI,1987.0,9.1,6,3,0,0,,
37,150,72.0212628499068,DI,1987.0,9.1,6,3,0,0,,
35,300,115.120771002783,DI,1989.0,9.1,7,1,0,0,,
39,150,25.6246508818632,DI,1985.0,9.1,6,1,0,0,,
39,150,195.197443626214,DI,1985.0,9.1,6,1,0,0,,
39,150,12.0454194920966,DI,1985.0,9.1,6,1,0,0,,
30,200,146.774758173324,DI,1994.0,9.1,6,1,0,0,,
63,200,58.2469595392897,CI,1961.0,7.75,6,1,0,0,,
63,200,13.5493575865354,CI,1961.0,7.75,6,1,0,0,,
16,300,9.71379168504032,PVC,2008.0,9.35,7,1,0,0,,
22,300,287.435122861994,PVC,2002.0,9.35,7,1,1,1,-80.4348810904024,43.4196307420824
22,300,7.4333351733183,PVC,2002.0,9.35,6,1,1,1,-80.4348810904024,43.4196307420824
22,300,289.822213621965,PVC,2002.0,8.95,7,1,1,1,-80.4348810904024,43.4196307420824
94,150,18.8991259734534,CI,1930.0,7.75,5,1,0,0,,
94,150,4.15232896550394,CI,1930.0,7.75,5,13,0,0,,
94,150,94.7454965784114,CI,1930.0,7.75,5,1,0,0,,
94,150,1.69206231568105,CI,1930.0,7.75,5,13,0,0,,
39,150,1.9562495748493,DI,1985.0,9.1,0,1,0,0,,
39,150,10.8197367902423,DI,1985.0,9.1,6,1,0,0,,
39,150,85.3372525881638,DI,1985.0,9.1,6,1,0,0,,
29,300,46.3599465023708,DI,1995.0,9.1,8,1,0,0,,
29,300,11.6367809059476,DI,1995.0,9.1,8,1,0,0,,
29,150,164.636359425317,PVC,1995.0,9.35,5,0,0,0,,
24,150,5.13153103145236,PVC,2000.0,9.35,6,2,0,0,,
24,150,65.0496421488319,PVC,2000.0,9.35,6,2,0,0,,
24,150,12.4486789686255,PVC,2000.0,9.35,6,2,0,0,,
102,150,15.0895312693317,CI,1922.0,7.75,7,1,0,0,,
102,150,130.577159960864,CI,1922.0,5.05,7,1,0,0,,
16,300,4.28334849934663,PVC,2008.0,5.43,8,1,0,0,,
39,450,91.5498880862101,DI,1985.0,9.1,7,0,0,0,,
49,300,220.82524986946,DI,1975.0,8.5,7,3,0,0,,
49,300,1.81971094144328,DI,1975.0,8.5,7,3,0,0,,
27,150,17.7004768235663,PVC,1997.0,9.35,6,1,3,1,-80.4908129581743,43.4749735954509
51,150,12.7443648034281,DI,1973.0,8.5,7,1,0,0,,
51,150,0.995337933151573,DI,1973.0,8.5,7,1,1,1,-80.4826579594926,43.4182273702733
51,150,250.001684384583,DI,1973.0,8.1,7,1,0,0,,
14,300,1.59912606708119,PVC,2010.0,9.35,7,1,0,0,,
56,150,16.1793222165797,DI,1968.0,8.5,5,3,0,0,,
56,150,12.7707928994568,DI,1968.0,8.5,5,3,0,0,,
56,150,90.604147547058,DI,1968.0,6.25,5,3,0,0,,
18,200,11.5562999662203,PVC,2006.0,9.35,6,0,0,0,,
18,200,4.67858488184631,PVC,2006.0,9.35,6,0,0,0,,
40,300,9.19349274295905,DI,1984.0,9.1,7,1,0,0,,
40,300,163.609055341936,DI,1984.0,9.1,7,1,0,0,,
55,600,1.48177253928697,DI,1969.0,8.5,0,1,6,1,-80.502936881436,43.4234799778811
55,600,5.23339422310555,DI,1969.0,8.5,0,1,6,1,-80.502936881436,43.4234799778811
55,600,246.960264484997,DI,1969.0,8.5,6,1,0,0,,
18,150,5.71762973264516,PVC,2006.0,9.35,6,3,0,0,,
21,150,64.7962541109489,PVC,2003.0,9.35,6,3,0,0,,
46,300,13.1450021518923,DI,1978.0,8.5,6,0,0,0,,
46,300,62.0804798309224,DI,1978.0,8.5,7,0,0,0,,
60,200,87.0428365606271,DI,1964.0,8.5,6,1,0,0,,
70,200,2.51628202687105,CI,1954.0,7.75,0,1,1,1,-80.4951496223241,43.4260612837674
70,200,5.09886261769339,CI,1954.0,7.75,6,1,1,1,-80.4951496223241,43.4260612837674
70,200,0.799619935542119,CI,1954.0,7.75,6,1,0,0,,
27,150,87.9374880427189,PVC,1997.0,9.35,6,1,0,0,,
27,150,7.18040712940707,PVC,1997.0,9.35,6,1,0,0,,
23,300,11.8752317808033,PVC,2001.0,9.35,7,1,0,0,,
23,300,4.40629168752585,PVC,2001.0,9.35,7,1,0,0,,
33,150,109.999157515742,DI,1991.0,9.1,5,1,0,0,,
33,150,12.707931044347,DI,1991.0,9.1,5,1,0,0,,
56,300,7.77367373209786,DI,1968.0,8.5,6,1,0,0,,
56,300,138.786284056473,DI,1968.0,8.5,7,1,0,0,,
15,150,25.1468992227131,PVC,2009.0,9.35,6,1,0,0,,
24,150,44.9979450801236,PVC,2000.0,9.35,5,3,0,0,,
18,150,3.89343472477088,PVC,2006.0,9.35,5,1,0,0,,
53,150,7.61698481092679,DI,1971.0,8.5,0,1,1,1,-80.4253723367329,43.4298251931244
53,150,7.00843089906984,DI,1971.0,8.5,5,1,1,1,-80.4253723367329,43.4298251931244
53,150,145.815050832884,DI,1971.0,8.5,5,1,1,1,-80.4253723367329,43.4298251931244
53,150,252.972197611602,DI,1971.0,8.1,5,1,1,1,-80.4253723367329,43.4298251931244
53,150,131.681635128991,DI,1971.0,8.5,5,1,1,1,-80.4253723367329,43.4298251931244
40,300,8.43167476752217,DI,1984.0,9.1,7,0,0,0,,
40,300,156.784920301711,DI,1984.0,9.1,7,0,0,0,,
17,150,12.3701307230519,PVC,2007.0,9.35,6,1,0,0,,
17,150,1.24028541818124,PVC,2007.0,9.35,6,1,0,0,,
61,100,148.81262213627,CI,1963.0,7.85,6,1,0,0,,
33,300,76.0388112797381,DI,1991.0,9.1,6,1,0,0,,
33,300,11.1613632004033,DI,1991.0,9.1,6,1,0,0,,
15,150,7.07532203252936,PVC,2009.0,9.35,7,1,1,1,-80.5090104525185,43.4475376646911
15,150,112.339650973416,PVC,2009.0,9.35,7,1,1,1,-80.5090104525185,43.4475376646911
50,300,69.3845946609463,DI,1974.0,8.5,7,1,0,0,,
33,200,89.7734320329283,DI,1991.0,9.1,6,0,0,0,,
33,200,6.52715049791712,DI,1991.0,9.1,6,0,0,0,,
49,150,5.90165856024452,DI,1975.0,8.5,5,0,0,0,,
49,150,227.511823447448,DI,1975.0,8.5,5,0,0,0,,
72,200,263.291072703784,CI,1952.0,7.35,6,1,1,1,-80.4537918660262,43.4303722925739
72,200,7.77229395245748,CI,1952.0,7.75,6,1,1,1,-80.4537918660262,43.4303722925739
59,150,181.846521846413,DI,1965.0,6.5,6,1,3,1,-80.4464146861472,43.4586846465217
59,150,177.900764063381,DI,1965.0,7.7,6,1,3,1,-80.4464146861472,43.4586846465217
59,150,76.9544012436585,DI,1965.0,8.5,6,1,1,1,-80.443345026205,43.4597327062183
34,300,40.0261377482786,DI,1990.0,9.1,7,1,0,0,,
34,300,35.7361629771876,DI,1990.0,9.1,7,1,0,0,,
34,300,99.8030909830381,DI,1990.0,9.1,7,1,0,0,,
34,300,45.2248329925534,DI,1990.0,9.1,7,1,0,0,,
24,150,54.3466799826809,PVC,2000.0,9.35,5,1,1,1,-80.4543390501735,43.3816670926142
58,200,76.1199281876225,DI,1966.0,8.5,6,1,0,0,,
48,200,20.5095274257005,PVC,1976.0,9.35,7,1,0,0,,
48,200,55.7782983654536,PVC,1976.0,9.35,6,1,0,0,,
14,150,2.84134765407626,PVC,2010.0,9.35,7,3,0,0,,
14,150,13.9018085989273,PVC,2010.0,9.35,0,3,0,0,,
58,150,7.52897203898561,CI,1966.0,7.85,6,1,2,1,-80.4432480008077,43.461503055426
58,150,113.954841588675,CI,1966.0,6.25,6,1,2,1,-80.4432480008077,43.461503055426
58,150,89.6503377937176,CI,1966.0,7.85,5,1,2,1,-80.4432480008077,43.461503055426
53,150,5.02832019753721,DI,1971.0,8.5,3,3,0,0,,
53,150,1.20482662659338,DI,1971.0,8.5,0,3,0,0,,
53,150,153.855600966835,DI,1971.0,8.5,3,3,0,0,,
57,300,11.8094081974169,DI,1967.0,8.5,6,1,0,0,,
57,300,137.263704304007,DI,1967.0,8.5,6,1,0,0,,
57,300,11.7460538634746,DI,1967.0,8.5,7,1,0,0,,
65,150,12.9847276164067,CI,1959.0,7.75,5,1,3,1,-80.4585021370973,43.4612662556661
65,150,240.050254537413,CI,1959.0,6.15,7,1,3,1,-80.4585021370973,43.4612662556661
48,150,10.6698488094204,DI,1976.0,8.5,6,2,0,0,,
48,150,235.604709127959,DI,1976.0,8.5,6,2,0,0,,
48,150,10.6652279108127,DI,1976.0,8.5,7,2,0,0,,
48,150,154.827816996371,DI,1976.0,8.5,6,2,0,0,,
70,150,7.88994445670985,CI,1954.0,7.75,5,1,2,1,-80.4665453159917,43.4583635047394
46,150,73.0125469947198,DI,1978.0,8.5,5,1,0,0,,
46,150,12.8946518657554,DI,1978.0,8.5,5,1,0,0,,
38,150,6.08025027055908,DI,1986.0,9.1,6,0,0,0,,
38,150,85.0111239911554,DI,1986.0,9.1,6,0,0,0,,
22,150,6.13349290427274,PVC,2002.0,9.35,6,3,0,0,,
22,150,158.234570136538,PVC,2002.0,9.35,6,3,0,0,,
22,150,65.409968387644,PVC,2002.0,9.35,6,3,0,0,,
22,150,1.99697062810018,PVC,2002.0,9.35,0,3,0,0,,
22,150,3.65364612387494,PVC,2002.0,9.35,6,3,0,0,,
21,250,83.5673935250596,PVC,2003.0,9.35,6,3,0,0,,
61,150,6.4008686411809,CI,1963.0,3.93,5,3,1,1,-80.5176951591606,43.4270556653353
61,150,72.6270831096924,CI,1963.0,7.85,6,3,1,1,-80.5176951591606,43.4270556653353
19,150,76.0512439182832,PVC,2005.0,9.35,7,1,0,0,,
19,150,4.12268369326982,PVC,2005.0,9.35,6,1,0,0,,
27,300,11.2837671160045,PVC,1997.0,9.35,7,1,0,0,,
27,300,53.6458969900539,PVC,1997.0,6.55,7,1,0,0,,
13,150,32.3098327945513,PVC,2011.0,9.35,6,2,0,0,,
13,150,12.0198322259959,PVC,2011.0,9.35,6,2,0,0,,
69,100,47.388342502781,CI,1955.0,4.55,5,1,1,1,-80.5257797920461,43.4490384604653
49,200,2.89988559846789,DI,1975.0,8.5,6,3,2,1,-80.5296004758259,43.4268258291077
49,200,6.48361055109134,DI,1975.0,8.5,7,3,6,1,-80.5297661860309,43.4249884672488
49,200,299.898529695845,DI,1975.0,6.1,7,3,6,1,-80.5297661860309,43.4249884672488
49,200,189.753185782121,DI,1975.0,7.7,7,3,0,0,,
72,150,91.1604686467321,CI,1952.0,7.75,6,1,0,0,,
72,150,7.50237720812781,CI,1952.0,7.75,6,1,0,0,,
15,150,9.76190932970233,DI,2009.0,9.1,5,7,0,0,,
59,150,0.303906727840158,DI,1965.0,8.5,4,1,0,0,,
59,150,13.2823865441967,DI,1965.0,8.5,5,1,0,0,,
59,150,72.0888170320478,DI,1965.0,8.5,5,1,0,0,,
36,150,8.30633138928964,DI,1988.0,9.1,6,1,1,1,-80.5150162767653,43.4304063719171
36,150,7.20553325768222,DI,1988.0,9.1,6,1,1,1,-80.5150162767653,43.4304063719171
36,150,60.3115759126414,DI,1988.0,6.3,6,1,1,1,-80.5150162767653,43.4304063719171
52,200,12.2023359397993,DI,1972.0,8.5,6,1,0,0,,
52,200,190.490146204541,DI,1972.0,8.5,6,1,0,0,,
19,150,60.7730945986602,PVC,2005.0,9.35,6,1,0,0,,
20,150,8.80102471241914,PVC,2004.0,9.35,6,3,0,0,,
20,150,6.9410496612638,PVC,2004.0,9.35,6,3,0,0,,
20,150,211.411953645916,PVC,2004.0,9.35,6,3,0,0,,
36,300,11.202304177571,DI,1988.0,9.1,6,1,0,0,,
36,300,83.5854756764877,DI,1988.0,9.1,5,1,0,0,,
19,0,72.4247017932808,PVC,2005.0,9.35,6,1,0,0,,
19,150,4.37471122787154,PVC,2005.0,9.35,6,1,0,0,,
19,150,58.545957724507,PVC,2005.0,9.35,6,1,0,0,,
37,200,35.7435739375901,DI,1987.0,9.1,6,3,0,0,,
37,200,4.53927306966884,DI,1987.0,9.1,6,3,0,0,,
18,150,171.865268842341,PVC,2006.0,9.35,6,1,0,0,,
18,150,0.757627032383391,PVC,2006.0,9.35,5,1,0,0,,
17,150,75.3200422981041,PVC,2007.0,9.35,7,1,0,0,,
46,300,2.28526427412523,DI,1978.0,8.5,7,1,1,1,-80.4800641631084,43.4678751965881
21,150,9.18769098565853,PVC,2003.0,9.35,6,1,0,0,,
21,150,66.0669517806642,PVC,2003.0,9.35,6,1,0,0,,
21,150,10.9201621653207,PVC,2003.0,9.35,6,1,0,0,,
18,200,112.04840602091,PVC,2006.0,9.35,6,0,0,0,,
12,300,163.10864919116,PVC,2012.0,9.35,6,2,0,0,,
12,300,13.7299419147837,PVC,2012.0,9.35,6,2,0,0,,
39,300,12.4970649325234,DI,1985.0,9.1,7,1,0,0,,
39,300,95.265222154505,DI,1985.0,9.1,7,1,0,0,,
39,300,3.2618720750893,DI,1985.0,9.1,0,1,0,0,,
93,150,81.7313029007304,CI,1931.0,7.75,7,1,0,0,,
93,150,9.26180666771338,CI,1931.0,7.75,6,1,0,0,,
43,300,162.42805671291,DI,1981.0,6.1,6,1,2,1,-80.4849877875438,43.4569003122597
47,300,7.31462482515142,DI,1977.0,8.5,7,1,0,0,,
47,300,90.4194273223498,DI,1977.0,8.5,7,1,0,0,,
47,300,293.55000655353,DI,1977.0,8.5,7,1,0,0,,
47,300,274.279722160922,DI,1977.0,8.5,7,1,0,0,,
47,300,96.8790702261295,DI,1977.0,8.5,7,1,0,0,,
47,300,5.44731997159227,DI,1977.0,8.5,7,1,0,0,,
47,300,70.4456342602125,DI,1977.0,8.5,7,1,0,0,,
20,200,5.50801348465503,PVC,2004.0,9.35,6,3,0,0,,
20,200,70.216862099621,PVC,2004.0,9.35,6,3,0,0,,
63,150,11.8383155077455,CI,1961.0,7.75,6,1,1,1,-80.4576937879672,43.4612282983983
63,150,71.9525290518712,CI,1961.0,5.35,6,1,1,1,-80.4576937879672,43.4612282983983
66,150,11.2110136535089,CI,1958.0,7.75,5,1,0,0,,
66,150,72.0913776790291,CI,1958.0,7.75,5,1,0,0,,
35,300,4.7668727862015,DI,1989.0,9.1,7,0,0,0,,
35,300,13.974689423953,DI,1989.0,9.1,6,0,0,0,,
35,300,175.194736705465,DI,1989.0,9.1,7,0,0,0,,
35,300,172.078483732988,DI,1989.0,9.1,7,0,0,0,,
35,300,132.004865480117,DI,1989.0,9.1,7,0,0,0,,
17,300,11.7819990528167,PVC,2007.0,9.35,6,1,0,0,,
17,300,100.340440559984,PVC,2007.0,9.35,7,1,0,0,,
27,300,107.099444329194,PVC,1997.0,9.35,7,1,0,0,,
27,300,5.9310114966066,PVC,1997.0,9.35,7,1,0,0,,
30,150,12.4035782173909,DI,1994.0,9.1,7,1,0,0,,
30,150,212.121955968474,DI,1994.0,9.1,6,1,0,0,,
30,150,10.5264813150017,DI,1994.0,9.1,6,1,0,0,,
25,300,12.8075677203756,PVC,1999.0,9.35,7,0,0,0,,
25,300,57.0317191262423,PVC,1999.0,9.35,6,0,0,0,,
20,150,35.6128301734977,PVC,2004.0,9.35,6,1,0,0,,
62,150,3.08436080916513,DI,1962.0,8.5,5,1,6,1,-80.502936881436,43.4234799778811
62,150,392.32043653464,CI,1962.0,6.25,5,1,1,1,-80.5018070337945,43.42511695915
62,150,2.88412245828429,DI,1962.0,8.5,5,1,1,1,-80.5018070337945,43.42511695915
62,200,76.4832096888337,CI,1962.0,7.85,5,1,0,0,,
19,150,15.0833464289855,PVC,2005.0,9.35,6,1,0,0,,
19,150,29.9246679103908,PVC,2005.0,9.35,6,1,0,0,,
46,150,75.7832139045835,DI,1978.0,8.5,6,1,0,0,,
46,150,13.1036625871245,DI,1978.0,8.5,5,1,0,0,,
29,450,1.91925748731065,PVC,1995.0,9.35,7,0,0,0,,
29,450,11.0082608135214,PVC,1995.0,9.35,6,0,0,0,,
29,450,280.181919780737,PVC,1995.0,9.35,7,0,0,0,,
39,150,10.231013482995,DI,1985.0,9.1,6,1,0,0,,
39,150,97.4738305334866,DI,1985.0,9.1,6,1,0,0,,
39,150,106.54569231212,DI,1985.0,9.1,6,1,0,0,,
57,150,8.05478063530023,CI,1967.0,7.85,5,1,8,1,-80.4375434442071,43.4524093903879
57,150,186.493463633031,CI,1967.0,4.65,5,1,8,1,-80.4375434442071,43.4524093903879
57,150,143.744248382624,CI,1967.0,5.45,5,1,8,1,-80.4375434442071,43.4524093903879
66,150,6.09960704974421,CI,1958.0,7.75,5,1,1,1,-80.4608266171939,43.4293007378162
66,150,73.6199966624396,CI,1958.0,5.35,5,1,1,1,-80.4608266171939,43.4293007378162
66,150,186.939598041838,CI,1958.0,7.75,5,1,1,1,-80.4608266171939,43.4293007378162
59,200,47.7505161692687,DI,1965.0,8.5,6,1,0,0,,
52,150,7.62074407968511,DI,1972.0,8.5,6,1,0,0,,
52,150,54.1647474053139,DI,1972.0,8.5,6,1,0,0,,
51,300,208.894113937186,DI,1973.0,8.5,6,1,0,0,,
51,300,7.60023010177417,DI,1973.0,8.5,7,1,0,0,,
47,150,53.9516753091464,DI,1977.0,8.5,6,1,0,0,,
35,300,5.85380117212025,DI,1989.0,9.1,6,0,0,0,,
35,300,11.5879392806252,DI,1989.0,9.1,6,0,0,0,,
35,300,81.8956087589689,DI,1989.0,9.1,6,0,0,0,,
19,300,2.39974085710103,PVC,2005.0,9.35,7,1,0,0,,
19,300,210.34130283816,PVC,2005.0,9.35,7,1,0,0,,
19,300,124.786431610268,PVC,2005.0,9.35,7,1,0,0,,
19,300,109.596669888539,PVC,2005.0,9.35,7,1,0,0,,
49,150,0.499938716938361,DI,1975.0,8.5,0,1,3,1,-80.4264809886046,43.4349490718271
49,150,11.9936403173321,DI,1975.0,8.5,5,1,0,0,,
49,150,220.846195039196,DI,1975.0,8.5,5,1,0,0,,
49,150,35.6002118435284,DI,1975.0,8.5,5,5,0,0,,
19,150,13.6923238022871,PVC,2005.0,9.35,6,2,0,0,,
19,150,59.3597109958173,PVC,2005.0,9.35,6,2,0,0,,
75,150,14.6426447889457,CI,1949.0,7.75,6,1,1,1,-80.4653793603429,43.4412276173476
75,150,260.580626334835,CI,1949.0,7.35,6,1,1,1,-80.4653793603429,43.4412276173476
26,200,39.5960463175414,PVC,1998.0,9.35,6,4,0,0,,
26,200,194.527711125108,PVC,1998.0,9.35,6,5,0,0,,
26,200,19.7288261080614,PVC,1998.0,9.35,6,5,0,0,,
26,200,9.77473967509217,PVC,1998.0,9.35,0,5,0,0,,
26,200,20.0619666404993,PVC,1998.0,9.35,6,5,0,0,,
16,150,59.1186131941068,PVC,2008.0,9.35,6,1,0,0,,
51,100,59.1255612165328,DI,1973.0,8.5,5,1,1,1,-80.4753299948803,43.4148853246876
39,150,101.803771319594,DI,1985.0,9.1,5,1,0,0,,
38,150,11.8753684261734,DI,1986.0,9.1,5,1,0,0,,
38,150,93.9740568885486,DI,1986.0,8.65,6,1,0,0,,
29,150,77.5406948932434,PVC,1995.0,9.35,5,1,0,0,,
23,300,11.8407331018527,PVC,2001.0,9.35,7,1,0,0,,
23,300,0.896232677061447,PVC,2001.0,9.35,7,1,0,0,,
55,150,24.5185320054943,DI,1969.0,4.7,5,1,1,1,-80.5010561119255,43.4304404317091
55,100,123.51392817326,DI,1969.0,4.85,5,1,1,1,-80.5010561119255,43.4304404317091
23,300,68.0260083777747,DI,2001.0,9.1,6,3,1,1,-80.5411093289125,43.4434380726006
19,150,10.2613926203448,PVC,2005.0,9.35,6,1,0,0,,
19,150,88.1563687015374,PVC,2005.0,9.35,6,1,0,0,,
14,150,14.6497813722448,PVC,2010.0,9.35,6,1,0,0,,
14,150,175.593835080785,PVC,2010.0,9.35,6,1,0,0,,
14,150,6.42318609060141,PVC,2010.0,9.35,6,1,0,0,,
26,300,73.5253092653511,PVC,1998.0,9.35,7,3,0,0,,
26,300,7.9315689092176,PVC,1998.0,9.35,7,3,0,0,,
16,150,6.50593354453043,PVC,2008.0,9.35,6,1,0,0,,
28,200,68.7478785864666,PVC,1996.0,9.35,6,3,0,0,,
28,200,5.65771193463328,PVC,1996.0,9.35,6,3,0,0,,
53,300,53.9476299225589,DI,1971.0,8.5,7,3,0,0,,
28,150,54.6227659913536,PVC,1996.0,9.35,6,1,0,0,,
19,150,22.3639504424412,PVC,2005.0,9.35,5,1,1,1,-80.4580765245719,43.4404674929673
19,150,134.966574207943,PVC,2005.0,9.35,6,1,0,0,,
19,150,18.450003580968,PVC,2005.0,9.35,5,1,0,0,,
19,150,112.776841924502,PVC,2005.0,9.35,6,1,0,0,,
18,200,11.9715811302018,PVC,2006.0,9.35,0,3,0,0,,
18,200,50.7954368901725,PVC,2006.0,9.35,6,1,0,0,,
18,200,12.6193682821365,PVC,2006.0,9.35,6,1,0,0,,
18,200,102.262582976439,PVC,2006.0,9.35,6,1,0,0,,
61,150,7.42030373826534,CI,1963.0,7.85,6,1,1,1,-80.4663953455223,43.4594887074506
61,150,154.300278631983,CI,1963.0,7.85,6,1,1,1,-80.4663953455223,43.4594887074506
57,150,209.631402626512,DI,1967.0,8.5,5,1,1,1,-80.4519469931101,43.4431481260308
57,150,61.2854499924227,DI,1967.0,5.7,5,1,1,1,-80.4519469931101,43.4431481260308
38,150,8.27129159442071,DI,1986.0,9.1,6,5,0,0,,
38,150,220.223109842196,DI,1986.0,9.1,6,5,0,0,,
60,150,12.3380541747856,CI,1964.0,7.85,5,3,2,1,-80.5204594684839,43.4262928861025
60,150,12.4968104020298,CI,1964.0,7.85,5,3,2,1,-80.522222807004,43.4273901252624
60,150,324.986116114745,CI,1964.0,7.45,5,3,2,1,-80.5204594684839,43.4262928861025
14,150,67.80347387024,PVC,2010.0,9.35,6,1,0,0,,
14,150,6.15023111200474,PVC,2010.0,9.35,6,1,0,0,,
64,150,38.9759018208594,CI,1960.0,7.75,5,1,4,1,-80.4655492676259,43.4343165489209
64,150,214.617322839251,CI,1960.0,4.95,6,1,0,0,,
26,300,26.5333167164283,PVC,1998.0,9.35,5,4,0,0,,
26,300,113.106149358892,PVC,1998.0,9.35,5,4,0,0,,
49,300,14.1819852876022,DI,1975.0,8.5,7,1,0,0,,
49,300,242.750304431997,DI,1975.0,8.5,7,1,0,0,,
18,150,138.233643248378,PVC,2006.0,9.35,5,3,0,0,,
18,150,7.66442080407419,PVC,2006.0,9.35,6,3,0,0,,
39,150,10.3441854022498,DI,1985.0,9.1,5,1,0,0,,
39,150,6.23784951419798,DI,1985.0,9.1,5,1,0,0,,
39,150,85.7372687921221,DI,1985.0,9.1,6,1,0,0,,
50,150,94.050700074353,DI,1974.0,8.5,5,1,0,0,,
50,150,1.92013903616131,DI,1974.0,8.5,5,1,0,0,,
12,150,63.0654079690368,PVC,2012.0,5.55,6,1,0,0,,
67,150,92.3415776948812,CI,1957.0,5.5,6,1,0,0,,
67,150,5.12475972120199,CI,1957.0,7.75,6,1,0,0,,
24,300,9.10596890080817,PVC,2000.0,9.35,6,3,1,1,-80.5097316009011,43.4039691557069
24,300,12.9592356871477,PVC,2000.0,9.35,6,3,1,1,-80.5097316009011,43.4039691557069
24,300,137.922617427425,PVC,2000.0,8.15,6,3,1,1,-80.5097316009011,43.4039691557069
35,200,11.4391415969237,DI,1989.0,9.1,6,5,0,0,,
35,200,174.821450793023,DI,1989.0,9.1,6,5,0,0,,
35,200,186.690758498933,DI,1989.0,9.1,6,5,0,0,,
35,0,136.607230006893,DI,1989.0,9.1,6,5,0,0,,
35,200,7.20022728927429,DI,1989.0,9.1,6,5,0,0,,
35,200,107.580743841736,DI,1989.0,9.1,6,5,0,0,,
35,200,7.5609210021398,DI,1989.0,9.1,6,5,0,0,,
35,200,139.911097201865,DI,1989.0,9.1,6,5,0,0,,
22,150,1.19729167663434,PVC,2002.0,9.35,6,2,0,0,,
22,150,77.7445480099058,PVC,2002.0,9.35,6,2,0,0,,
50,200,7.67329170592403,DI,1974.0,8.5,6,2,6,1,-80.4395391467695,43.3980893822613
50,200,6.10294912418149,DI,1974.0,8.5,6,2,1,1,-80.4383270319617,43.3988032916585
50,200,225.295577576304,DI,1974.0,5.3,6,2,6,1,-80.4395391467695,43.3980893822613
14,200,0.682285336148187,PVC,2010.0,9.35,7,1,1,1,-80.4996019450604,43.4509837228026
14,200,20.061658212919,PVC,2010.0,9.35,8,1,0,0,,
14,200,87.023060023544,PVC,2010.0,6.15,7,1,0,0,,
59,150,133.513107360662,DI,1965.0,8.5,5,1,1,1,-80.4459802611389,43.4455626967373
59,150,8.38777903258746,DI,1965.0,8.5,5,1,1,1,-80.4459802611389,43.4455626967373
63,450,109.888974506751,AC,1961.0,8.7,0,1,2,1,-80.4999532612671,43.4305705237327
30,150,18.2177399250616,PVC,1994.0,9.35,6,0,0,0,,
30,150,13.9747125203771,PVC,1994.0,9.35,6,0,0,0,,
30,150,115.848523890758,PVC,1994.0,9.35,6,0,0,0,,
35,300,11.2412380881527,DI,1989.0,9.1,6,0,0,0,,
35,300,109.537742446018,DI,1989.0,9.1,7,0,0,0,,
35,300,5.5512346019898,DI,1989.0,9.1,7,0,0,0,,
49,150,3.17948345431984,DI,1975.0,8.5,5,1,1,1,-80.4552018013187,43.4576055398552
62,150,127.481934816262,DI,1962.0,8.5,5,1,1,1,-80.4552018013187,43.4576055398552
49,150,13.5759108413705,DI,1975.0,8.5,5,1,1,1,-80.4552018013187,43.4576055398552
49,150,274.96360895778,DI,1975.0,8.5,5,1,1,1,-80.4552018013187,43.4576055398552
16,150,5.44961269938725,PVC,2008.0,9.35,6,1,0,0,,
70,150,8.35628089591014,CI,1954.0,7.75,6,2,0,0,,
70,150,32.4444028751069,CI,1954.0,7.75,6,2,0,0,,
25,150,146.963726329976,PVC,1999.0,9.35,5,3,0,0,,
50,300,92.4839640638668,DI,1974.0,6.5,7,3,1,1,-80.5343223454952,43.4185863241083
79,150,49.3382455207747,CI,1945.0,7.75,6,1,0,0,,
75,150,194.857677074925,CI,1949.0,7.75,8,1,0,0,,
18,300,0.957865945642985,PVC,2006.0,9.35,7,1,0,0,,
18,300,0.973425027677838,PVC,2006.0,9.35,0,1,0,0,,
66,150,49.4356445409704,CI,1958.0,7.75,5,1,0,0,,
66,150,20.6324220994184,CI,1958.0,7.75,5,1,2,1,-80.4620762162573,43.4512435637362
26,150,12.7287116139491,PVC,1998.0,9.35,7,3,0,0,,
26,150,123.617132486593,PVC,1998.0,9.35,7,3,0,0,,
22,150,262.058375155711,PVC,2002.0,9.35,6,3,0,0,,
26,150,109.087294828261,PVC,1998.0,9.35,7,3,0,0,,
22,150,12.9514569672518,PVC,2002.0,9.35,6,3,0,0,,
18,150,14.0732784754579,PVC,2006.0,9.35,7,0,0,0,,
18,150,9.13337991405321,PVC,2006.0,9.35,6,0,0,0,,
18,150,115.006634278298,PVC,2006.0,9.35,7,0,0,0,,
50,150,2.86534396049412,DI,1974.0,8.5,0,1,0,0,,
50,150,19.8448164070216,DI,1974.0,8.5,6,1,0,0,,
50,150,155.108946316177,DI,1974.0,8.5,6,1,0,0,,
50,150,174.629799672434,DI,1974.0,8.5,6,1,0,0,,
50,150,7.40867924447968,DI,1974.0,8.5,6,1,0,0,,
46,450,134.085282231397,DI,1978.0,8.5,6,0,0,0,,
45,450,12.8702892887875,DI,1979.0,8.5,6,0,0,0,,
51,150,10.7591224113109,DI,1973.0,8.5,6,1,1,1,-80.4753299948803,43.4148853246876
51,150,12.4342576578554,DI,1973.0,8.5,6,1,1,1,-80.4753299948803,43.4148853246876
20,150,9.14727420779457,PVC,2004.0,9.35,6,3,0,0,,
20,150,6.66210490407583,PVC,2004.0,9.35,6,3,0,0,,
20,150,210.276970625351,PVC,2004.0,9.35,6,3,0,0,,
15,600,164.389411678657,HDPE,2009.0,7.6,0,1,2,1,-80.5127665617753,43.4479295368103
50,200,7.92465489765475,DI,1974.0,8.5,6,1,1,1,-80.4506068622091,43.4653367714499
50,200,286.803287448767,DI,1974.0,8.1,6,1,1,1,-80.4506068622091,43.4653367714499
50,200,6.49790491082077,DI,1974.0,8.5,6,1,1,1,-80.4506068622091,43.4653367714499
63,150,8.43054808061428,DI,1961.0,8.5,6,1,0,0,,
63,150,0.351381728802187,DI,1961.0,8.5,0,1,0,0,,
63,150,5.74495363297172,DI,1961.0,8.5,6,1,0,0,,
41,150,12.6511700833231,DI,1983.0,9.1,6,0,0,0,,
41,150,13.9956918951664,DI,1983.0,9.1,7,0,0,0,,
41,150,128.608105405069,DI,1983.0,9.1,6,0,0,0,,
41,150,205.272131541936,DI,1983.0,9.1,6,0,0,0,,
34,150,12.4007593315536,PVC,1990.0,9.35,6,2,0,0,,
34,150,153.183819109096,PVC,1990.0,9.35,6,2,0,0,,
34,150,5.56537655826143,PVC,1990.0,9.35,6,2,0,0,,
34,150,122.370486915037,PVC,1990.0,9.35,6,2,0,0,,
43,150,12.8889867658512,DI,1981.0,8.5,5,1,0,0,,
43,150,1.52384592485322,DI,1981.0,8.5,0,1,0,0,,
43,150,128.635671528734,DI,1981.0,8.5,5,1,0,0,,
36,200,108.556348290756,DI,1988.0,9.1,6,1,0,0,,
36,200,11.8007037074296,DI,1988.0,9.1,6,1,0,0,,
47,150,55.604162018555,DI,1977.0,8.5,5,1,0,0,,
46,150,1.29780146472185,DI,1978.0,8.5,6,1,0,0,,
46,150,140.47360462203,DI,1978.0,8.5,6,1,0,0,,
53,150,12.4824239316801,DI,1971.0,8.5,6,2,0,0,,
53,150,219.157563701644,DI,1971.0,8.5,6,2,0,0,,
53,150,12.191234241196,DI,1971.0,8.5,6,2,0,0,,
53,150,313.451908245341,DI,1971.0,8.5,6,2,0,0,,
14,200,12.8472248976765,HDPE,2010.0,10.0,6,1,0,0,,
14,200,81.4626560564772,HDPE,2010.0,6.8,6,1,0,0,,
57,150,70.7990802862948,DI,1967.0,8.5,6,1,0,0,,
57,300,47.2335736212036,DI,1967.0,8.5,7,1,0,0,,
52,200,12.674258183136,DI,1972.0,8.5,6,5,0,0,,
52,200,49.1118801831034,DI,1972.0,8.5,7,5,0,0,,
52,200,11.526628606683,DI,1972.0,8.5,7,5,0,0,,
56,150,72.1323513307167,DI,1968.0,8.5,5,3,0,0,,
56,150,10.4892141178866,DI,1968.0,8.5,5,3,0,0,,
74,150,9.30746251682638,CI,1950.0,7.75,6,1,0,0,,
74,150,129.247882789525,CI,1950.0,7.75,5,1,0,0,,
45,300,85.1611421695249,DI,1979.0,8.5,6,5,0,0,,
45,300,9.28455755717073,DI,1979.0,8.5,6,5,0,0,,
18,150,5.10593338743534,PVC,2006.0,9.35,5,1,0,0,,
18,150,85.1745267327761,PVC,2006.0,9.35,5,1,0,0,,
18,150,2.63987211848326,PVC,2006.0,9.35,5,1,0,0,,
46,600,156.742798266023,DI,1978.0,8.5,8,1,0,0,,
65,300,62.4068368298668,CI,1959.0,4.95,7,1,1,1,-80.4584311132923,43.4652771591571
56,300,202.11378055235,DI,1968.0,8.5,7,1,0,0,,
71,150,86.7153210645991,CI,1953.0,5.75,6,1,1,1,-80.4654864307006,43.4567333094685
71,150,6.84980444659575,CI,1953.0,7.75,6,1,1,1,-80.4654864307006,43.4567333094685
38,300,2.61943535919966,DI,1986.0,9.1,6,0,0,0,,
38,300,52.2563046203836,DI,1986.0,9.1,6,0,0,0,,
38,300,0.75406662788302,DI,1986.0,9.1,7,0,0,0,,
71,150,7.00553738763517,CI,1953.0,7.75,6,1,1,1,-80.4670715091221,43.4582660487765
71,150,103.423253791115,CI,1953.0,5.7,6,1,1,1,-80.4670715091221,43.4582660487765
46,300,1.63683420351455,DI,1978.0,8.5,7,1,0,0,,
58,200,12.9960792340785,DI,1966.0,8.5,7,1,0,0,,
58,200,83.3035567861389,DI,1966.0,8.5,6,1,0,0,,
38,150,11.2350692307765,DI,1986.0,9.1,5,0,0,0,,
38,150,183.546926372111,DI,1986.0,9.1,5,0,0,0,,
38,150,8.90042894214347,DI,1986.0,9.1,5,0,0,0,,
55,300,140.0606018687,DI,1969.0,8.5,7,2,0,0,,
19,150,5.67964880625657,PVC,2005.0,9.35,6,3,0,0,,
19,150,6.99848176590691,PVC,2005.0,9.35,6,3,0,0,,
19,150,0.895054499938988,PVC,2005.0,9.35,0,3,0,0,,
19,150,199.227107623431,PVC,2005.0,9.35,6,3,0,0,,
71,150,12.2643665944961,CI,1953.0,7.75,6,1,1,1,-80.4490625045562,43.4357982671486
71,150,142.512791244508,CI,1953.0,6.55,7,1,1,1,-80.4490625045562,43.4357982671486
46,300,210.361623156764,DI,1978.0,8.5,7,1,0,0,,
49,300,33.5843966251934,DI,1975.0,8.5,6,3,0,0,,
49,300,23.5164973645097,DI,1975.0,8.5,6,0,0,0,,
57,200,15.547354816822,DI,1967.0,8.5,6,1,0,0,,
57,200,56.8458028644454,DI,1967.0,8.5,7,1,0,0,,
70,150,12.0071222134284,CI,1954.0,7.75,5,1,0,0,,
70,150,375.68165086646,CI,1954.0,5.1,5,1,1,1,-80.4643783845381,43.4584258817252
50,150,9.29733528083421,DI,1974.0,8.5,6,3,0,0,,
50,150,64.9405698522005,DI,1974.0,8.5,6,3,0,0,,
68,150,84.2068572024236,CI,1956.0,4.15,6,1,4,1,-80.4534254487771,43.4281394518698
43,150,252.91289243068,DI,1981.0,8.1,5,0,1,1,-80.5439165557297,43.41275102507
43,150,8.30816143293565,DI,1981.0,8.5,5,0,1,1,-80.5439165557297,43.41275102507
14,150,62.8273659057995,PVC,2010.0,9.35,6,6,0,0,,
37,300,8.09577519437335,DI,1987.0,9.1,7,1,0,0,,
37,300,57.4686328691558,DI,1987.0,9.1,7,1,0,0,,
37,300,4.79793972492109,DI,1987.0,9.1,6,1,0,0,,
37,300,25.2568515067314,DI,1987.0,9.1,7,1,0,0,,
55,200,7.64902402456548,CI,1969.0,7.85,7,1,2,1,-80.4964078022342,43.4236263298039
55,200,1.36759722368491,CI,1969.0,7.85,7,1,1,1,-80.4943037716937,43.4222486285004
55,200,139.226564456946,CI,1969.0,6.65,7,1,2,1,-80.4964078022342,43.4236263298039
55,200,198.221806386704,CI,1969.0,5.85,7,1,2,1,-80.4964078022342,43.4236263298039
35,300,6.64448524321266,DI,1989.0,9.1,6,0,0,0,,
35,300,3.24451342790145,DI,1989.0,9.1,7,0,0,0,,
35,300,1.63774229015798,DI,1989.0,9.1,0,0,0,0,,
46,150,7.18063704102296,DI,1978.0,8.5,5,1,0,0,,
46,150,202.657464183421,DI,1978.0,8.5,5,1,0,0,,
46,150,8.14823753613502,DI,1978.0,8.5,5,1,0,0,,
66,150,7.3293194999843,CI,1958.0,7.75,6,1,4,1,-80.4571046885157,43.4612145159239
66,150,8.62001775120383,CI,1958.0,7.75,5,1,4,1,-80.4571046885157,43.4612145159239
66,150,292.696885413174,CI,1958.0,4.9,5,1,4,1,-80.4571046885157,43.4612145159239
74,450,203.046002455043,CI,1950.0,5.1,6,1,1,1,-80.5059288240497,43.4380800632318
59,300,8.76819336019693,DI,1965.0,8.5,7,1,6,1,-80.4566562154875,43.4344998008199
59,300,3.01858516569223,DI,1965.0,8.5,7,1,6,1,-80.4566562154875,43.4344998008199
14,300,11.6479970276726,PVC,2010.0,9.35,5,2,0,0,,
14,300,44.0355718447573,PVC,2010.0,9.35,6,2,0,0,,
14,300,4.23698935729083,PVC,2010.0,9.35,6,2,0,0,,
48,300,0.233137212852787,DI,1976.0,8.5,0,1,0,0,,
48,300,11.3748007876212,DI,1976.0,8.5,6,1,0,0,,
48,300,25.936647042396,DI,1976.0,8.5,6,1,0,0,,
22,300,73.4736383361083,PVC,2002.0,9.35,7,3,0,0,,
22,300,4.92306376311359,PVC,2002.0,9.35,6,3,0,0,,
69,150,85.5907842217132,CI,1955.0,7.75,6,1,0,0,,
29,350,6.91376145767761,DI,1995.0,9.1,6,1,0,0,,
65,100,9.81763574534138,CI,1959.0,7.75,5,1,1,1,-80.5013813188074,43.4306819171759
65,100,78.2842251552662,CI,1959.0,7.75,5,1,0,0,,
58,200,1.82883797071582,DI,1966.0,8.5,6,1,6,1,-80.4473452568233,43.4587232968056
58,200,156.03242080392,DI,1966.0,4.7,6,1,6,1,-80.4473452568233,43.4587232968056
70,150,220.827125131464,CI,1954.0,4.9,6,1,3,1,-80.4555057399752,43.4239826016716
46,300,24.5806913879338,DI,1978.0,8.5,6,1,0,0,,
46,300,100.807106266638,DI,1978.0,8.5,6,1,0,0,,
34,150,9.14172326510012,PVC,1990.0,9.35,5,2,0,0,,
37,150,10.9397045665972,DI,1987.0,9.1,6,0,1,1,-80.5414481450554,43.423366156876
37,150,135.566801297554,DI,1987.0,7.9,6,0,1,1,-80.5414481450554,43.423366156876
37,150,159.987791300221,DI,1987.0,9.1,6,0,1,1,-80.5414481450554,43.423366156876
37,150,15.8498391918098,DI,1987.0,9.1,6,0,1,1,-80.5414481450554,43.423366156876
35,150,11.3603496640623,DI,1989.0,9.1,5,3,0,0,,
35,150,152.875744755197,DI,1989.0,9.1,5,3,0,0,,
35,150,122.656772279665,DI,1989.0,9.1,5,3,0,0,,
35,150,225.992674004571,DI,1989.0,9.1,5,3,0,0,,
35,150,11.5773471495737,DI,1989.0,9.1,6,3,0,0,,
44,200,0.699222061158339,DI,1980.0,8.5,6,0,0,0,,
44,200,18.1149761195608,DI,1980.0,8.5,6,0,0,0,,
44,200,46.2502779375451,DI,1980.0,8.5,5,0,0,0,,
44,200,100.050326007725,DI,1980.0,8.5,6,0,0,0,,
58,150,71.4735439537397,CI,1966.0,4.05,6,1,5,1,-80.4449894187932,43.4616680164392
58,150,7.07855478761722,CI,1966.0,7.85,6,1,5,1,-80.4449894187932,43.4616680164392
13,150,37.4264072221137,PVC,2011.0,9.35,5,2,0,0,,
13,150,6.73236487768917,PVC,2011.0,9.35,6,2,0,0,,
38,150,12.4169165897112,DI,1986.0,9.1,6,0,0,0,,
38,150,311.686382282232,DI,1986.0,9.1,6,0,0,0,,
38,150,147.909084273596,DI,1986.0,9.1,6,0,0,0,,
38,150,9.28603856085023,DI,1986.0,9.1,6,0,0,0,,
39,300,183.666513635212,DI,1985.0,9.1,7,1,0,0,,
50,150,7.4569463026331,DI,1974.0,8.5,5,3,6,1,-80.5183078730173,43.4187225865315
50,150,172.253099881286,DI,1974.0,6.5,5,3,6,1,-80.5183078730173,43.4187225865315
50,150,221.855005438678,DI,1974.0,6.9,5,3,6,1,-80.5183078730173,43.4187225865315
50,150,6.50839932407799,DI,1974.0,8.5,5,3,6,1,-80.5183078730173,43.4187225865315
37,150,8.22660697099866,DI,1987.0,9.1,5,1,0,0,,
37,150,87.0550619911742,DI,1987.0,9.1,5,1,0,0,,
37,150,53.7647193896201,DI,1987.0,9.1,5,1,0,0,,
37,150,5.60806185299547,DI,1987.0,9.1,5,1,0,0,,
52,200,1.82483371342921,DI,1972.0,8.5,7,2,1,1,-80.4142095320671,43.3928337632287
52,200,119.6446769919,DI,1972.0,6.9,6,2,1,1,-80.4142095320671,43.3928337632287
52,200,8.84550678253565,DI,1972.0,8.5,6,2,1,1,-80.4142095320671,43.3928337632287
18,300,153.70557342987,PVC,2006.0,9.35,7,1,0,0,,
16,300,5.29865662286788,PVC,2008.0,9.35,8,1,0,0,,
22,150,1.81028537953428,PVC,2002.0,9.35,5,4,0,0,,
22,150,43.5656403088763,PVC,2002.0,9.35,5,4,0,0,,
22,150,5.72371030595795,PVC,2002.0,9.35,5,4,0,0,,
22,150,115.279455710978,PVC,2002.0,9.35,5,4,0,0,,
22,150,110.320686893392,PVC,2002.0,9.35,5,4,0,0,,
22,150,75.2511349676638,PVC,2002.0,9.35,5,4,0,0,,
22,150,97.8868910805148,PVC,2002.0,9.35,5,4,0,0,,
25,200,19.7688246482723,PVC,1999.0,9.35,7,1,0,0,,
25,200,68.384809495962,PVC,1999.0,9.35,6,1,0,0,,
53,200,45.6485234700228,DI,1971.0,8.5,7,1,0,0,,
53,200,2.03436024229362,DI,1971.0,8.5,7,1,0,0,,
22,300,109.585786223284,PVC,2002.0,9.35,8,3,0,0,,
22,300,129.864337146606,PVC,2002.0,9.35,7,3,0,0,,
22,300,3.23464351391243,PVC,2002.0,9.35,6,3,0,0,,
48,150,86.5310077642362,PVC,1976.0,9.35,6,1,0,0,,
48,150,7.9249821200471,PVC,1976.0,9.35,6,1,0,0,,
43,150,8.31615859374492,DI,1981.0,8.5,5,0,0,0,,
43,150,5.45128420721659,DI,1981.0,8.5,5,0,0,0,,
43,150,95.7557840043577,DI,1981.0,8.5,5,0,0,0,,
33,150,3.48447863312676,DI,1991.0,9.1,6,1,0,0,,
71,200,219.890955923372,CI,1953.0,7.35,7,1,2,1,-80.4563079453537,43.4329540890382
71,200,153.452969370081,CI,1953.0,6.55,7,1,2,1,-80.4563079453537,43.4329540890382
94,150,12.8612307767464,CI,1930.0,7.75,5,1,0,0,,
94,150,20.492988494829,CI,1930.0,7.75,5,1,0,0,,
94,150,139.375864718749,CI,1930.0,7.75,5,1,0,0,,
37,150,20.0999916967469,DI,1987.0,9.1,4,1,0,0,,
37,150,41.6971718566118,DI,1987.0,9.1,5,1,0,0,,
37,150,58.1818477352264,DI,1987.0,9.1,4,1,0,0,,
37,150,14.1446955774191,DI,1987.0,5.18,4,1,1,1,-80.4282985139048,43.4367107490708
58,150,12.8017307358161,DI,1966.0,8.5,5,1,3,1,-80.436715213319,43.4453986655384
58,150,176.374384471072,DI,1966.0,6.5,5,1,3,1,-80.436715213319,43.4453986655384
58,150,27.3176874980326,DI,1966.0,8.5,5,1,3,1,-80.436715213319,43.4453986655384
26,200,6.99211468993587,PVC,1998.0,9.35,5,4,0,0,,
26,200,119.939770399598,PVC,1998.0,9.35,6,4,0,0,,
50,300,13.6034277749963,DI,1974.0,8.5,6,3,0,0,,
50,300,153.129055910495,DI,1974.0,8.5,6,3,0,0,,
28,300,3.84265651809668,PVC,1996.0,9.35,7,0,0,0,,
28,300,159.290563414926,PVC,1996.0,9.35,7,3,0,0,,
35,200,1.2310403118791,DI,1989.0,9.1,0,0,0,0,,
35,200,13.4313148621578,DI,1989.0,9.1,6,0,0,0,,
49,300,148.852286778858,DI,1975.0,8.5,6,0,0,0,,
49,300,6.09615988919231,DI,1975.0,8.5,6,0,0,0,,
55,150,8.44588405315194,DI,1969.0,8.5,5,3,2,1,-80.5269701963087,43.4437217985213
55,150,180.911600481712,DI,1969.0,8.5,5,3,2,1,-80.5269701963087,43.4437217985213
55,150,7.41668659279354,DI,1969.0,8.5,5,3,2,1,-80.5269701963087,43.4437217985213
55,150,138.928259071579,DI,1969.0,6.1,5,3,2,1,-80.5269701963087,43.4437217985213
55,150,184.105881432122,DI,1969.0,8.5,5,3,2,1,-80.5269701963087,43.4437217985213
57,200,13.4894436833824,DI,1967.0,4.58,7,1,2,1,-80.4404313412233,43.4519781764115
57,200,159.673811335424,DI,1967.0,7.3,7,1,2,1,-80.4404313412233,43.4519781764115
14,150,5.66576205250805,PVC,2010.0,9.35,7,1,1,1,-80.5138584638292,43.4568092119606
15,150,164.280330598273,PVC,2009.0,9.35,6,1,0,0,,
15,150,0.566363929294281,PVC,2009.0,9.35,5,1,0,0,,
48,150,6.78027147311204,PVC,1976.0,9.35,6,1,0,0,,
48,150,151.597952393793,PVC,1976.0,9.35,6,1,0,0,,
48,150,3.8349082325385,PVC,1976.0,9.35,6,1,0,0,,
36,200,96.0047237099773,DI,1988.0,9.1,6,1,0,0,,
36,200,7.66007435970899,DI,1988.0,9.1,6,1,0,0,,
18,200,64.5699211439061,PVC,2006.0,9.35,6,0,0,0,,
50,200,24.4581763833966,DI,1974.0,8.5,6,1,1,1,-80.4733497303023,43.4721678261305
50,200,31.8437145538681,DI,1974.0,4.9,6,1,0,0,,
50,200,1.63387015421852,DI,1974.0,8.5,0,1,0,0,,
50,200,5.86742412149691,DI,1974.0,8.5,6,1,0,0,,
48,300,9.46618226697809,DI,1976.0,8.5,6,3,0,0,,
48,300,33.7253057119121,DI,1976.0,8.5,6,3,0,0,,
36,150,1.10729147013086,DI,1988.0,9.1,0,1,0,0,,
36,150,11.4023424160201,DI,1988.0,9.1,6,1,0,0,,
36,150,53.4537180022402,DI,1988.0,9.1,6,1,0,0,,
36,150,12.6204294907574,DI,1988.0,9.1,6,1,0,0,,
36,150,222.995086278628,DI,1988.0,9.1,6,1,0,0,,
50,300,12.6259014053813,DI,1974.0,8.5,6,2,0,0,,
50,300,90.9639150905569,DI,1974.0,8.5,6,2,0,0,,
22,300,6.67355205129355,PVC,2002.0,9.35,6,1,0,0,,
25,200,1.12028367804818,PVC,1999.0,9.35,0,1,1,1,-80.4490625045562,43.4357982671486
25,200,17.1940650829319,PVC,1999.0,9.35,7,1,1,1,-80.4490625045562,43.4357982671486
25,200,3.03686680527339,PVC,1999.0,9.35,6,1,1,1,-80.4490625045562,43.4357982671486
68,150,8.99675519279945,CI,1956.0,3.83,6,1,3,1,-80.4516280080801,43.4267540226297
68,150,121.18412702112,CI,1956.0,4.5,6,1,3,1,-80.4516280080801,43.4267540226297
37,150,9.61210841232855,DI,1987.0,9.1,5,3,0,0,,
37,150,10.1477547522606,DI,1987.0,9.1,5,3,0,0,,
37,150,78.7411866314889,DI,1987.0,9.1,5,3,0,0,,
19,300,9.52108954240327,PVC,2005.0,9.35,7,1,0,0,,
19,300,91.6252100801576,PVC,2005.0,9.35,7,1,0,0,,
66,150,0.76320807118894,CI,1958.0,7.75,5,1,5,1,-80.4579198221934,43.4536454318789
66,150,100.527973736748,CI,1958.0,5.7,5,1,2,1,-80.4588330267528,43.4521514354912
36,300,94.9047010300897,DI,1988.0,9.1,8,1,0,0,,
19,150,6.02881877876466,PVC,2005.0,9.35,5,4,0,0,,
19,150,154.46949285431,PVC,2005.0,9.35,5,4,0,0,,
19,150,10.4763805298585,PVC,2005.0,9.35,5,4,0,0,,
51,150,11.5798609295199,CI,1973.0,7.75,6,1,0,0,,
51,150,70.7957814672263,CI,1973.0,7.75,6,1,0,0,,
91,150,66.7830001314811,CI,1933.0,5.35,7,1,1,1,-80.4969497994976,43.4405412475621
91,150,11.5200583551355,CI,1933.0,7.75,6,1,1,1,-80.4963250768428,43.4398453127661
24,200,41.2150406236501,DI,2000.0,9.1,6,3,1,1,-80.5399256495246,43.4438442905157
24,200,99.8651189871053,DI,2000.0,9.1,6,3,1,1,-80.5399256495246,43.4438442905157
24,200,138.053741083427,DI,2000.0,9.1,6,3,1,1,-80.5399256495246,43.4438442905157
24,200,111.266654680167,DI,2000.0,9.1,0,3,1,1,-80.5399256495246,43.4438442905157
24,200,78.835627788207,DI,2000.0,9.1,6,1,1,1,-80.5399256495246,43.4438442905157
24,200,10.9181306225676,DI,2000.0,9.1,6,1,1,1,-80.5399256495246,43.4438442905157
24,200,113.920065116701,DI,2000.0,9.1,6,1,1,1,-80.5399256495246,43.4438442905157
22,300,1.21930718760237,PVC,2002.0,9.35,7,0,0,0,,
22,300,848.348087630084,PVC,2002.0,9.35,7,0,0,0,,
14,150,6.48602783873868,PVC,2010.0,9.35,6,1,0,0,,
17,150,5.81304018307765,PVC,2007.0,9.35,6,1,0,0,,
17,150,142.326907410938,PVC,2007.0,9.35,6,1,0,0,,
17,150,9.31597401125987,PVC,2007.0,9.35,6,1,0,0,,
58,150,0.814140577162365,CI,1966.0,7.85,6,1,3,1,-80.5107913471909,43.4331836945587
58,150,103.735171689568,CI,1966.0,7.85,6,1,3,1,-80.5107913471909,43.4331836945587
62,150,5.79082339300206,CI,1962.0,7.85,6,1,0,0,,
62,150,1.52411327632232,CI,1962.0,7.85,6,1,0,0,,
76,150,1.19824311838052,CI,1948.0,7.75,0,1,0,0,,
76,150,5.98884217208794,CI,1948.0,3.83,6,1,1,1,-80.4951496223241,43.4260612837674
76,150,373.541259391872,CI,1948.0,5.1,6,1,1,1,-80.4951496223241,43.4260612837674
48,200,43.3529105710554,DI,1976.0,8.5,5,1,0,0,,
40,300,55.721223166756,DI,1984.0,9.1,7,0,0,0,,
40,300,10.2469560207719,DI,1984.0,9.1,7,0,0,0,,
70,150,7.30235205993973,CI,1954.0,7.75,6,1,0,0,,
70,150,80.4768133628342,CI,1954.0,7.75,6,1,0,0,,
49,300,7.59180159771988,DI,1975.0,8.5,7,1,0,0,,
49,300,110.285253701713,DI,1975.0,8.5,7,1,0,0,,
30,150,4.26723466485887,DI,1994.0,9.1,6,2,0,0,,
30,150,66.9968015156791,DI,1994.0,9.1,6,2,0,0,,
57,300,4.87995473949815,DI,1967.0,8.5,7,1,0,0,,
57,300,1.40987108601731,DI,1967.0,8.5,6,1,0,0,,
18,150,3.29875596017855,PVC,2006.0,9.35,7,1,0,0,,
18,150,14.6486512890309,PVC,2006.0,9.35,7,1,0,0,,
49,150,9.23643135830287,PVC,1975.0,9.35,5,1,0,0,,
49,150,219.37098437426,PVC,1975.0,9.35,6,1,0,0,,
49,150,28.7297811358578,PVC,1975.0,9.35,6,1,0,0,,
40,300,28.8941437332988,DI,1984.0,9.1,7,0,0,0,,
40,300,77.117266833621,DI,1984.0,9.1,7,0,0,0,,
37,150,11.9691607110751,DI,1987.0,9.1,6,1,0,0,,
37,150,162.561206918879,DI,1987.0,9.1,6,1,0,0,,
89,300,10.219013001619,CI,1935.0,7.75,6,1,5,1,-80.4655914587121,43.4379387646759
89,300,419.323398065281,CI,1935.0,5.7,6,1,5,1,-80.4655914587121,43.4379387646759
89,300,12.1977099453723,CI,1935.0,3.83,7,1,5,1,-80.4655914587121,43.4379387646759
37,300,9.56320000814428,DI,1987.0,9.1,6,1,0,0,,
16,300,110.549293778546,PVC,2008.0,9.35,7,1,0,0,,
48,100,45.6667593720385,DI,1976.0,8.5,5,1,0,0,,
29,300,19.1970662765146,DI,1995.0,9.1,7,3,0,0,,
29,300,138.280373188585,DI,1995.0,9.1,6,3,0,0,,
31,300,93.2763273968872,DI,1993.0,9.1,6,3,0,0,,
31,300,105.741915786702,DI,1993.0,9.1,6,3,0,0,,
31,300,43.8086482257461,DI,1993.0,9.1,6,3,0,0,,
31,300,125.536322655891,DI,1993.0,9.1,6,3,0,0,,
31,300,68.2092651206417,DI,1993.0,9.1,6,3,0,0,,
46,300,118.708491729116,DI,1978.0,8.5,7,1,0,0,,
17,300,138.46699668493,PVC,2007.0,9.35,7,1,0,0,,
59,150,59.2796706262136,CI,1965.0,4.25,5,1,2,1,-80.4422335497568,43.4452185122894
63,600,149.666861855504,CPP,1961.0,9.15,6,1,0,0,,
63,600,298.637389865153,CPP,1961.0,9.15,6,1,5,1,-80.4974814651808,43.425290897304
45,200,13.9140344199447,DI,1979.0,8.5,6,2,0,0,,
45,200,176.229051992519,DI,1979.0,8.5,6,2,0,0,,
45,200,49.1649771316615,DI,1979.0,8.5,6,2,0,0,,
19,150,86.2904335009477,PVC,2005.0,9.35,5,4,0,0,,
19,150,5.05137285580344,PVC,2005.0,9.35,5,4,0,0,,
37,150,103.744854835942,DI,1987.0,9.1,6,1,0,0,,
37,150,12.2060223043739,DI,1987.0,9.1,6,1,0,0,,
27,150,12.8457658129748,PVC,1997.0,9.35,6,1,2,1,-80.4731781490394,43.4513247323825
28,150,4.10852442107331,DI,1996.0,9.1,7,1,0,0,,
28,150,2.18738726841144,DI,1996.0,9.1,7,1,0,0,,
56,200,1.82899093483283,DI,1968.0,8.5,0,1,0,0,,
56,200,142.54976168289,DI,1968.0,8.5,7,1,0,0,,
21,300,15.3129885166727,PVC,2003.0,9.35,6,3,0,0,,
21,300,154.668305923071,PVC,2003.0,9.35,6,3,0,0,,
21,300,7.3429099407818,PVC,2003.0,9.35,7,3,0,0,,
39,150,6.33335564758799,DI,1985.0,9.1,6,0,0,0,,
39,150,6.3156571863758,DI,1985.0,9.1,6,0,0,0,,
39,150,234.829020009593,DI,1985.0,9.1,6,0,0,0,,
39,150,99.2969960972226,DI,1985.0,9.1,6,0,0,0,,
59,150,133.388402925797,CI,1965.0,7.85,6,1,0,0,,
59,150,2.17195009172161,CI,1965.0,7.85,6,1,0,0,,
59,150,194.25835402299,CI,1965.0,7.85,6,1,0,0,,
30,300,16.5000043879344,DI,1994.0,9.1,6,1,0,0,,
30,300,122.620624269168,DI,1994.0,9.1,7,1,0,0,,
30,300,7.92082713973293,DI,1994.0,9.1,7,1,0,0,,
39,200,29.7392356708689,DI,1985.0,9.1,6,1,0,0,,
39,200,7.51413256593408,DI,1985.0,9.1,6,1,0,0,,
37,200,9.52109584427805,DI,1987.0,9.1,6,1,0,0,,
37,200,44.9992299336256,DI,1987.0,9.1,5,1,0,0,,
59,150,12.8117036309813,CI,1965.0,7.85,5,1,0,0,,
59,150,278.649593184364,CI,1965.0,7.85,5,1,0,0,,
59,150,5.55612044784916,CI,1965.0,7.85,5,1,0,0,,
56,200,7.56055446785345,DI,1968.0,8.5,5,1,0,0,,
56,200,90.0885441838865,DI,1968.0,8.5,5,1,0,0,,
38,150,120.940418088768,DI,1986.0,9.1,5,1,0,0,,
38,150,12.5944265126697,DI,1986.0,9.1,5,1,0,0,,
38,150,132.124056484785,DI,1986.0,9.1,5,1,0,0,,
59,150,6.58629633130427,DI,1965.0,8.5,5,1,0,0,,
59,150,101.292520073683,DI,1965.0,8.5,5,1,0,0,,
22,200,173.609238373676,PVC,2002.0,9.35,6,3,0,0,,
25,150,7.62476291054032,PVC,1999.0,9.35,6,0,0,0,,
25,150,111.371558603081,PVC,1999.0,9.35,6,0,0,0,,
48,150,1.55391618733645,DI,1976.0,8.5,0,1,0,0,,
48,150,2.05350081558022,DI,1976.0,8.5,6,1,0,0,,
48,150,144.261800888035,DI,1976.0,8.5,6,1,0,0,,
48,150,9.51108710258651,DI,1976.0,8.5,6,1,0,0,,
18,300,7.89627826305166,PVC,2006.0,9.35,7,1,0,0,,
18,300,7.70890194227916,PVC,2006.0,9.35,7,1,0,0,,
18,300,129.262165055658,PVC,2006.0,9.35,7,1,0,0,,
27,150,0.251691875761718,PVC,1997.0,9.35,6,1,0,0,,
27,150,1.61585330990935,PVC,1997.0,9.35,0,1,0,0,,
63,450,172.087005078676,CI,1961.0,7.75,7,1,0,0,,
63,450,38.7599697008014,CI,1961.0,7.75,7,1,0,0,,
37,600,157.222818281205,CPP,1987.0,9.35,7,5,0,0,,
63,150,26.8968153853058,CI,1961.0,7.75,6,1,0,0,,
63,150,5.17638410148124,CI,1961.0,7.75,6,1,0,0,,
18,200,211.551363881959,PVC,2006.0,9.35,6,1,0,0,,
18,200,62.6469542794159,PVC,2006.0,9.35,6,1,0,0,,
18,200,93.3548412045996,PVC,2006.0,9.35,6,1,0,0,,
18,200,73.3649078709366,PVC,2006.0,9.35,6,1,0,0,,
18,150,11.0444361301004,PVC,2006.0,9.35,5,4,0,0,,
18,150,29.5147360255521,PVC,2006.0,9.35,5,4,0,0,,
46,150,12.1283575473972,DI,1978.0,8.5,5,1,0,0,,
44,150,69.253222290078,DI,1980.0,8.5,5,1,0,0,,
21,150,5.72266905523343,PVC,2003.0,9.35,6,3,0,0,,
21,150,117.551505924687,PVC,2003.0,9.35,6,3,0,0,,
21,150,9.15116197795293,PVC,2003.0,9.35,6,3,0,0,,
66,150,0.995367350059918,CI,1958.0,7.75,5,1,5,1,-80.4598767355571,43.4511536603347
66,150,251.529649969256,CI,1958.0,5.35,5,1,5,1,-80.4598767355571,43.4511536603347
19,200,106.357718909044,PVC,2005.0,9.35,7,1,0,0,,
43,100,95.4508881806083,DI,1981.0,8.5,4,1,0,0,,
69,150,12.4012939645781,CI,1955.0,7.75,4,1,0,0,,
69,150,216.375842517005,CI,1955.0,7.75,5,1,0,0,,
69,150,9.23407536404363,CI,1955.0,7.75,4,1,0,0,,
56,150,7.61999639950007,DI,1968.0,8.5,6,1,0,0,,
56,150,3.68001798711897,DI,1968.0,8.5,6,1,0,0,,
56,150,157.860065044545,DI,1968.0,8.5,6,1,0,0,,
58,150,12.6772609595251,DI,1966.0,8.5,5,1,2,1,-80.5262928710393,43.4465029050962
58,150,275.001682237818,DI,1966.0,7.3,5,1,2,1,-80.5262928710393,43.4465029050962
58,150,13.0143776302221,DI,1966.0,8.5,5,1,2,1,-80.5262928710393,43.4465029050962
58,150,143.016587544206,DI,1966.0,8.5,5,1,2,1,-80.5262928710393,43.4465029050962
27,150,22.2343023192714,PVC,1997.0,9.35,6,1,0,0,,
27,150,7.77698377598429,PVC,1997.0,9.35,6,1,0,0,,
92,150,77.2117560811302,CI,1932.0,7.75,5,1,0,0,,
92,150,17.2208507651581,CI,1932.0,7.75,5,1,0,0,,
38,150,13.827713798635,DI,1986.0,9.1,7,1,0,0,,
38,150,153.716858575503,DI,1986.0,9.1,7,1,0,0,,
55,150,7.88833854152377,DI,1969.0,8.5,5,3,1,1,-80.5227092687775,43.4190800753616
55,150,198.375011724134,DI,1969.0,8.5,5,3,1,1,-80.5227092687775,43.4190800753616
55,150,155.186024550207,DI,1969.0,8.5,5,3,1,1,-80.5227092687775,43.4190800753616
55,150,12.4900156031209,DI,1969.0,8.5,6,3,1,1,-80.5227092687775,43.4190800753616
29,150,9.37483973144182,PVC,1995.0,9.35,6,3,0,0,,
29,150,8.05967805838367,PVC,1995.0,9.35,6,3,0,0,,
29,150,339.523792329857,PVC,1995.0,9.35,6,3,0,0,,
24,200,0.856805976588383,PVC,2000.0,9.35,0,1,0,0,,
24,200,15.4620917595795,PVC,2000.0,9.35,6,1,0,0,,
58,150,12.44615166297,CI,1966.0,7.85,6,1,6,1,-80.4399900139448,43.4467355163987
58,150,184.434174211153,CI,1966.0,4.25,6,1,6,1,-80.4399900139448,43.4467355163987
17,150,12.8307789563145,PVC,2007.0,9.35,6,1,0,0,,
17,150,36.2775331859863,PVC,2007.0,9.35,6,1,0,0,,
36,150,1.71657954891937,DI,1988.0,9.1,7,1,2,1,-80.5011607858477,43.4357885812536
36,300,2.83769061100412,DI,1988.0,9.1,7,1,2,1,-80.5011607858477,43.4357885812536
36,150,1.37325542473209,DI,1988.0,9.1,0,1,2,1,-80.5011607858477,43.4357885812536
64,150,7.50133169024425,CI,1960.0,3.83,5,1,4,1,-80.5135078162004,43.4272540751913
64,150,9.73687796508385,CI,1960.0,7.75,5,1,4,1,-80.5135078162004,43.4272540751913
64,150,12.9647497293139,CI,1960.0,7.75,5,1,4,1,-80.5135078162004,43.4272540751913
64,150,251.078414620681,CI,1960.0,5.75,5,1,4,1,-80.5135078162004,43.4272540751913
37,450,99.1676158375974,DI,1987.0,9.1,7,2,0,0,,
37,450,18.7294993334965,DI,1987.0,9.1,7,2,0,0,,
57,200,76.6482432802765,DI,1967.0,8.5,6,1,0,0,,
57,200,12.5138174347164,DI,1967.0,8.5,6,1,0,0,,
72,150,66.3126624900322,CI,1952.0,7.75,5,1,0,0,,
65,150,4.60726255484235,CI,1959.0,7.75,6,1,2,1,-80.4628191559073,43.4501978981749
65,150,24.2271342054118,CI,1959.0,7.75,6,1,2,1,-80.4628191559073,43.4501978981749
46,300,60.8992443033144,DI,1978.0,8.5,7,1,0,0,,
67,200,107.402485715972,CI,1957.0,7.75,6,1,0,0,,
67,200,0.604173484743543,CI,1957.0,7.75,6,1,2,1,-80.503281964613,43.4299373899419
27,150,118.363916762472,PVC,1997.0,9.35,6,1,0,0,,
55,450,124.601106601698,DI,1969.0,8.5,8,1,0,0,,
74,150,283.209702583388,CI,1950.0,6.1,7,1,2,1,-80.4885667314243,43.4697665682626
67,200,14.3299721707316,CI,1957.0,7.75,6,1,6,1,-80.5051970951575,43.4285243812285
60,150,2.09975728035961,DI,1964.0,8.5,7,1,0,0,,
60,150,87.036367938086,DI,1964.0,8.5,7,1,0,0,,
88,150,132.317469120219,CI,1936.0,6.15,6,1,1,1,-80.4841607065714,43.4315859669645
21,300,14.5742664513991,PVC,2003.0,9.35,7,1,0,0,,
97,150,82.9584237072349,CI,1927.0,5.35,6,1,1,1,-80.5041900424914,43.4371685254726
97,150,13.4035771286851,CI,1927.0,7.75,0,1,1,1,-80.5041900424914,43.4371685254726
9,200,30.74573215133,PVC,2015.0,9.35,0,2,0,0,,
40,200,8.58864766970066,DI,1984.0,9.1,7,1,0,0,,
40,300,69.7886279163197,DI,1984.0,9.1,7,1,0,0,,
9,200,1.56019488765394,PVC,2015.0,9.35,0,2,0,0,,
67,150,5.26214621748211,CI,1957.0,7.75,5,1,1,1,-80.4820268069858,43.4321596805297
67,150,158.487817654841,CI,1957.0,6.55,5,1,1,1,-80.4820268069858,43.4321596805297
68,150,0.909515388199409,CI,1956.0,7.75,5,1,2,1,-80.4810819331947,43.4320138018608
68,150,31.3565438785181,CI,1956.0,3.95,5,1,2,1,-80.4810819331947,43.4320138018608
53,150,13.4155531526722,DI,1971.0,8.5,6,1,0,0,,
53,150,209.182679801125,DI,1971.0,8.5,6,1,0,0,,
35,150,5.58701663523856,DI,1989.0,9.1,6,0,0,0,,
35,150,15.7215155148177,DI,1989.0,9.1,6,0,0,0,,
35,150,72.6235295850294,DI,1989.0,9.1,6,0,0,0,,
34,300,16.0501492927085,DI,1990.0,9.1,7,1,0,0,,
34,300,19.8972236850401,DI,1990.0,9.1,6,1,0,0,,
34,300,104.780586221102,DI,1990.0,9.1,7,1,0,0,,
34,300,125.222329214297,DI,1990.0,9.1,6,1,0,0,,
34,300,270.749912804142,DI,1990.0,9.1,6,1,0,0,,
46,450,79.8312733022408,DI,1978.0,8.5,6,0,0,0,,
58,150,7.62059137724215,CI,1966.0,7.85,6,1,7,1,-80.445292151779,43.4636261766427
58,150,7.63805272718768,CI,1966.0,7.85,6,1,7,1,-80.445292151779,43.4636261766427
58,150,290.701970750746,CI,1966.0,4.65,6,1,7,1,-80.445292151779,43.4636261766427
48,200,99.9112492911972,DI,1976.0,8.5,6,1,0,0,,
67,300,141.619425231866,CI,1957.0,3.1,7,1,3,1,-80.4961580892746,43.4288957792175
48,150,123.244496225889,DI,1976.0,6.9,6,1,1,1,-80.4143772986319,43.4241591891341
48,150,16.0480790747255,DI,1976.0,8.5,4,1,1,1,-80.4143772986319,43.4241591891341
51,150,12.1921184508012,DI,1973.0,8.5,6,1,0,0,,
51,150,156.369698804201,DI,1973.0,8.5,6,1,0,0,,
51,150,132.826794556566,DI,1973.0,8.5,6,1,0,0,,
51,150,7.32827056203594,DI,1973.0,8.5,6,1,0,0,,
17,300,5.80767010112883,PVC,2007.0,9.35,6,0,0,0,,
17,300,13.1273910598564,PVC,2007.0,9.35,6,0,0,0,,
17,300,84.0681264299922,PVC,2007.0,9.35,6,0,0,0,,
26,300,182.588150633948,PVC,1998.0,9.35,7,2,0,0,,
26,300,13.3173179046723,PVC,1998.0,9.35,6,2,0,0,,
55,150,105.796409791366,DI,1969.0,8.5,6,3,0,0,,
55,150,11.918569633128,DI,1969.0,8.5,5,3,0,0,,
72,150,82.6526299391901,CI,1952.0,5.35,5,1,1,1,-80.4923177507851,43.4684968349219
46,300,127.51482814275,DI,1978.0,8.5,7,1,0,0,,
50,150,7.61964056906328,DI,1974.0,8.5,6,1,0,0,,
50,150,116.764804431475,DI,1974.0,8.5,6,1,0,0,,
50,150,154.270404661133,DI,1974.0,8.5,7,1,0,0,,
50,150,104.627229228515,DI,1974.0,8.5,6,1,0,0,,
50,150,101.176084123705,DI,1974.0,8.5,7,1,0,0,,
70,200,4.66046207176945,CI,1954.0,7.75,6,1,2,1,-80.4500625563571,43.4253500196257
70,200,179.76956991215,CI,1954.0,5.75,6,1,2,1,-80.4500625563571,43.4253500196257
51,150,153.352737122607,DI,1973.0,7.3,5,3,1,1,-80.5325039485572,43.4211804046397
51,150,14.4732810105085,DI,1973.0,8.5,5,3,1,1,-80.5325039485572,43.4211804046397
51,150,78.6713556138206,DI,1973.0,8.5,5,3,1,1,-80.5325039485572,43.4211804046397
50,300,93.0067270931602,DI,1974.0,8.5,7,1,0,0,,
37,200,152.652332882166,DI,1987.0,9.1,6,1,0,0,,
37,200,9.8708709013806,DI,1987.0,9.1,6,1,0,0,,
72,150,92.6554803644197,CI,1952.0,7.75,7,1,0,0,,
72,150,7.9009413111039,CI,1952.0,7.75,7,1,0,0,,
48,150,98.2928158037984,DI,1976.0,8.5,5,1,0,0,,
48,150,3.65274953959802,DI,1976.0,8.5,5,1,0,0,,
18,150,8.32369648696682,PVC,2006.0,9.35,5,1,0,0,,
18,150,115.91261673636,PVC,2006.0,9.35,6,1,0,0,,
18,150,80.4710936759741,PVC,2006.0,9.35,6,1,0,0,,
18,150,128.287126527759,PVC,2006.0,9.35,6,1,0,0,,
18,150,20.5729860047938,PVC,2006.0,9.35,5,1,0,0,,
18,150,6.71200564986433,PVC,2006.0,9.35,5,1,0,0,,
18,150,48.0516404988012,PVC,2006.0,9.35,5,1,0,0,,
24,150,1.29080545884692,PVC,2000.0,9.35,0,5,0,0,,
24,150,1.56065796421967,PVC,2000.0,9.35,6,5,0,0,,
24,150,94.4243471649184,PVC,2000.0,9.35,6,5,0,0,,
70,200,71.4016991674056,CI,1954.0,7.75,6,1,0,0,,
70,200,9.03771241827751,CI,1954.0,7.75,6,1,0,0,,
39,300,12.9957033709691,DI,1985.0,9.1,6,0,0,0,,
39,300,101.907039114905,DI,1985.0,9.1,6,0,0,0,,
92,300,36.6119577907315,CI,1932.0,7.75,6,1,0,0,,
43,150,13.8449168149707,DI,1981.0,8.5,5,1,0,0,,
43,150,68.8106300957557,DI,1981.0,8.5,5,1,0,0,,
43,150,126.495198827087,DI,1981.0,8.5,5,1,0,0,,
63,150,12.9573239544969,CI,1961.0,7.75,5,1,1,1,-80.4482758954952,43.450210421419
63,150,156.82442655414,CI,1961.0,4.95,5,1,1,1,-80.4482758954952,43.450210421419
36,100,2.89998800046349,DI,1988.0,9.1,5,3,0,0,,
36,100,87.2480400987423,DI,1988.0,9.1,5,3,0,0,,
53,200,144.226578767784,DI,1971.0,8.5,6,1,1,1,-80.422907592373,43.4269037835395
53,200,8.33884186611882,DI,1971.0,8.5,6,1,1,1,-80.422907592373,43.4269037835395
56,300,70.366399704521,DI,1968.0,4.7,7,3,3,1,-80.5241396959951,43.4386532512731
64,150,72.9991955969209,CI,1960.0,7.75,7,1,0,0,,
64,150,3.14117137648897,CI,1960.0,7.75,6,1,0,0,,
14,300,24.1553409577185,PVC,2010.0,9.35,6,2,0,0,,
37,150,18.3139526201514,DI,1987.0,9.1,5,1,0,0,,
37,150,5.03373764833415,DI,1987.0,9.1,5,1,0,0,,
37,150,196.116732375927,DI,1987.0,9.1,5,1,0,0,,
47,150,4.80599571003021,DI,1977.0,8.5,6,2,2,1,-80.4439011439736,43.3995788382544
47,150,2.71643188215625,DI,1977.0,8.5,0,2,2,1,-80.4439011439736,43.3995788382544
47,150,200.609721588552,DI,1977.0,8.5,7,2,2,1,-80.4439011439736,43.3995788382544
18,150,11.327060206575,PVC,2006.0,9.35,5,1,4,1,-80.4610181066111,43.4411431863271
18,150,4.36700393427951,PVC,2006.0,9.35,5,1,4,1,-80.4610181066111,43.4411431863271
71,150,11.7568747115094,CI,1953.0,7.75,5,1,4,1,-80.4720105348825,43.4548048564074
71,150,115.846319036984,CI,1953.0,4.15,5,1,4,1,-80.4720105348825,43.4548048564074
28,300,30.0564462659036,PVC,1996.0,9.35,6,5,0,0,,
65,200,121.534000587973,DI,1959.0,5.7,6,1,2,1,-80.5004061635791,43.4627065384383
20,150,12.4124515912084,PVC,2004.0,9.35,6,1,0,0,,
20,150,14.0397748105109,PVC,2004.0,9.35,7,1,0,0,,
20,150,70.5669024844732,PVC,2004.0,9.35,6,1,0,0,,
46,300,57.9492977450249,DI,1978.0,8.5,6,1,0,0,,
46,300,25.4354893005886,DI,1978.0,8.5,7,1,0,0,,
46,300,1.20033681934026,DI,1978.0,8.5,7,1,0,0,,
29,300,42.0618861932888,PVC,1995.0,9.35,6,0,0,0,,
36,150,6.8829809817412,DI,1988.0,9.1,6,1,0,0,,
36,150,177.931530365238,DI,1988.0,9.1,6,1,0,0,,
48,150,12.1921016606379,DI,1976.0,8.5,6,3,0,0,,
48,150,145.687950884429,DI,1976.0,8.5,6,3,0,0,,
49,300,1.17246106980634,DI,1975.0,8.5,7,3,0,0,,
49,300,13.0223185644701,DI,1975.0,8.5,7,3,0,0,,
49,300,168.614265426258,DI,1975.0,8.5,7,3,0,0,,
29,150,11.694393434866,PVC,1995.0,9.35,6,1,0,0,,
47,200,6.62032692309988,DI,1977.0,8.5,6,1,0,0,,
47,200,9.58281697178036,DI,1977.0,8.5,6,1,0,0,,
47,200,193.688145257586,DI,1977.0,8.5,7,1,0,0,,
48,150,7.42611334227022,DI,1976.0,8.5,6,3,0,0,,
48,150,88.1272178483722,DI,1976.0,8.5,6,3,0,0,,
44,50,34.4945032638265,Other,1980.0,5.4,6,2,0,0,,
74,450,284.497845511502,CI,1950.0,7.75,6,1,1,1,-80.5020054919381,43.4321736581163
74,450,5.23820495441739,CI,1950.0,7.75,0,1,1,1,-80.5008590669923,43.4343424488955
66,100,13.8591329603575,CI,1958.0,7.75,5,1,0,0,,
66,100,162.235703054525,CI,1958.0,7.75,5,1,0,0,,
66,100,13.6501086260891,CI,1958.0,3.83,5,1,8,1,-80.502653325268,43.4259997344217
38,450,3.69951495260522,DI,1986.0,9.1,7,1,0,0,,
38,450,182.212247573895,DI,1986.0,9.1,6,1,0,0,,
25,150,12.4503506072856,PVC,1999.0,9.35,6,3,0,0,,
25,150,8.07854038322477,PVC,1999.0,9.35,6,3,0,0,,
59,450,213.080258014076,DI,1965.0,8.5,0,1,2,1,-80.5127665617753,43.4479295368103
25,300,13.0688327150384,PVC,1999.0,9.35,7,1,0,0,,
25,300,60.9185251721695,PVC,1999.0,9.35,6,1,0,0,,
53,200,107.098358905687,DI,1971.0,8.5,5,3,0,0,,
53,200,13.10634158011,DI,1971.0,8.5,5,3,0,0,,
55,150,102.019900138785,DI,1969.0,6.9,5,3,1,1,-80.5222736369682,43.4186659478966
55,150,12.5051167376266,DI,1969.0,8.5,5,3,1,1,-80.5222736369682,43.4186659478966
55,150,185.731502524239,DI,1969.0,8.5,5,1,0,0,,
55,150,146.399500551196,DI,1969.0,8.5,5,1,0,0,,
58,200,12.8597555796006,DI,1966.0,8.5,6,1,2,1,-80.4400802627101,43.4541789449667
58,200,60.6983741149411,DI,1966.0,4.9,6,1,2,1,-80.4400802627101,43.4541789449667
36,300,12.520983508196,DI,1988.0,9.1,6,1,0,0,,
36,300,2.62001884000824,DI,1988.0,9.1,6,1,0,0,,
36,300,62.0034637256388,DI,1988.0,9.1,6,1,0,0,,
36,300,6.5801285466607,DI,1988.0,9.1,6,1,0,0,,
18,300,10.6894603883847,PVC,2006.0,9.35,7,1,0,0,,
18,300,41.3714103724838,PVC,2006.0,9.35,7,1,0,0,,
45,150,0.457265786852695,DI,1979.0,8.5,6,0,1,1,-80.5395939740255,43.4185473739211
45,150,163.552027843019,DI,1979.0,7.3,6,0,1,1,-80.5381469572522,43.4181310539061
39,150,105.799576098803,DI,1985.0,9.1,7,1,0,0,,
44,150,12.7566219291286,DI,1980.0,8.5,6,0,0,0,,
44,150,132.517654154013,DI,1980.0,8.5,6,0,0,0,,
21,200,4.44085918286871,PVC,2003.0,9.35,7,1,0,0,,
19,200,13.028315911273,PVC,2005.0,9.35,7,1,0,0,,
19,200,4.48819055304489,PVC,2005.0,9.35,7,1,0,0,,
19,200,121.011878763644,PVC,2005.0,9.35,7,1,0,0,,
19,200,47.4343130639543,PVC,2005.0,9.35,7,1,0,0,,
20,150,31.2800253332624,PVC,2004.0,9.35,6,1,0,0,,
20,150,7.10824119445749,PVC,2004.0,9.35,0,1,0,0,,
20,150,201.259568664914,PVC,2004.0,9.35,6,1,0,0,,
46,150,12.5128786632404,DI,1978.0,8.5,6,1,0,0,,
46,150,90.7290816995334,DI,1978.0,8.5,7,1,0,0,,
14,300,5.03015553105933,PVC,2010.0,9.35,6,2,0,0,,
14,300,113.907309610975,PVC,2010.0,9.35,6,2,0,0,,
62,300,3.78185781105125,CI,1962.0,7.85,7,1,0,0,,
56,200,25.5968928540111,DI,1968.0,8.5,7,1,0,0,,
56,200,61.5386800246686,DI,1968.0,8.5,6,1,0,0,,
35,300,101.029391232327,DI,1989.0,9.1,6,1,0,0,,
35,300,7.44054802261303,DI,1989.0,9.1,7,1,0,0,,
43,150,147.417775276047,DI,1981.0,8.5,6,2,0,0,,
43,150,2.11651203625264,DI,1981.0,8.5,6,2,0,0,,
62,450,6.83231484080706,CI,1962.0,7.85,6,1,0,0,,
62,450,67.5898842783939,CI,1962.0,7.85,7,1,0,0,,
27,150,7.61212005424766,PVC,1997.0,9.35,6,1,0,0,,
27,150,109.160731838099,PVC,1997.0,9.35,6,1,0,0,,
59,100,87.3934872121001,CI,1965.0,7.85,6,1,0,0,,
15,300,85.6377303511059,PVC,2009.0,9.35,7,1,0,0,,
22,300,148.373856175975,PVC,2002.0,9.35,8,1,0,0,,
29,150,2.71622366118452,DI,1995.0,9.1,6,1,0,0,,
29,150,70.4643708224335,DI,1995.0,9.1,6,1,0,0,,
68,150,21.9087675600742,CI,1956.0,3.95,6,1,7,1,-80.5270546735077,43.4500019605405
50,450,59.0721461521431,DI,1974.0,8.5,7,1,0,0,,
61,150,68.8109717251012,CI,1963.0,7.85,5,1,0,0,,
61,150,12.1455085400071,CI,1963.0,7.85,5,1,0,0,,
62,450,30.5982596848898,CI,1962.0,7.85,6,1,0,0,,
76,200,102.340027248967,CI,1948.0,7.75,7,1,0,0,,
51,150,19.6396686653031,DI,1973.0,4.7,6,3,0,0,,
51,150,1.65004397514589,DI,1973.0,8.5,6,3,1,1,-80.5293096858979,43.4202925953502
22,150,84.0734998685245,PVC,2002.0,9.35,6,1,0,0,,
60,150,190.520107354817,CI,1964.0,5.45,6,7,3,1,-80.463163574482,43.481677998695
64,200,78.4397443550443,CI,1960.0,7.75,6,1,3,1,-80.5120226743429,43.4292568517453
64,200,7.315198270994,CI,1960.0,3.83,6,1,3,1,-80.5120226743429,43.4292568517453
14,300,81.1395723527736,PVC,2010.0,9.35,8,1,0,0,,
56,150,7.62030464267918,DI,1968.0,8.5,5,1,0,0,,
56,150,64.4780422146819,DI,1968.0,8.5,5,1,0,0,,
17,300,84.4561444834341,PVC,2007.0,9.35,7,3,0,0,,
17,300,9.77447285158943,PVC,2007.0,9.35,6,3,0,0,,
35,150,63.8184501640379,DI,1989.0,9.1,5,0,0,0,,
28,300,9.93457008271379,PVC,1996.0,9.35,7,1,0,0,,
28,300,160.541258571776,PVC,1996.0,9.35,7,1,0,0,,
73,150,6.7993525566929,CI,1951.0,7.75,7,1,0,0,,
73,150,139.459078703307,CI,1951.0,7.75,7,1,0,0,,
73,150,4.32742577537151,CI,1951.0,7.75,7,1,0,0,,
72,150,69.65174220809,CI,1952.0,7.75,6,1,0,0,,
23,150,129.995251420533,PVC,2001.0,9.35,5,2,0,0,,
23,150,6.47115859207941,PVC,2001.0,9.35,5,2,0,0,,
18,150,63.2106417564909,PVC,2006.0,9.35,6,0,0,0,,
18,150,160.450220818386,PVC,2006.0,9.35,6,0,0,0,,
65,200,124.973104714669,CI,1959.0,7.75,7,1,0,0,,
66,150,7.77197842608449,CI,1958.0,7.75,6,1,1,1,-80.4463434476222,43.4272493021964
66,150,243.955925630787,CI,1958.0,7.35,6,1,1,1,-80.4463434476222,43.4272493021964
55,200,4.57160252297472,DI,1969.0,8.5,5,1,0,0,,
55,200,91.7218399436848,DI,1969.0,8.5,5,1,0,0,,
39,300,1.07560162235283,DI,1985.0,9.1,7,1,0,0,,
39,300,5.46879960203971,DI,1985.0,9.1,7,1,0,0,,
69,150,83.0671081787716,CI,1955.0,7.75,6,1,0,0,,
41,300,309.799715086582,DI,1983.0,7.9,6,1,4,1,-80.4749157307697,43.4680256479454
56,300,5.29244835547996,DI,1968.0,8.5,6,1,0,0,,
56,300,107.44922391651,DI,1968.0,8.5,6,1,0,0,,
23,200,6.62032796220308,PVC,2001.0,9.35,7,1,1,1,-80.4733497303023,43.4721678261305
23,200,1.08520825573984,PVC,2001.0,9.35,0,1,1,1,-80.4733497303023,43.4721678261305
59,300,12.4765712726126,DI,1965.0,8.5,7,1,3,1,-80.4431082805091,43.4592183743837
59,300,317.756766859518,DI,1965.0,8.5,7,1,3,1,-80.4464146861472,43.4586846465217
59,200,7.0835911339901,DI,1965.0,8.5,0,1,1,1,-80.4825746617397,43.4462093707329
57,200,87.1348136054482,CI,1967.0,5.85,5,1,1,1,-80.5200861719295,43.4307252339
61,150,87.3947238153125,CI,1963.0,7.85,5,1,0,0,,
61,150,12.1504985280131,CI,1963.0,7.85,5,1,0,0,,
51,150,1.75083299618362,DI,1973.0,8.5,6,3,0,0,,
51,150,1.64206352989086,DI,1973.0,8.5,6,3,0,0,,
51,150,203.87346182718,DI,1973.0,8.5,6,3,1,1,-80.5068317743118,43.4175707696106
51,150,156.741771381376,DI,1973.0,8.5,6,3,0,0,,
19,150,12.0296840606351,PVC,2005.0,9.35,6,1,0,0,,
19,150,144.338306371507,PVC,2005.0,9.35,6,1,0,0,,
36,150,12.7079251381407,DI,1988.0,9.1,6,1,0,0,,
36,150,93.8567490846452,DI,1988.0,9.1,6,1,0,0,,
36,150,166.358329668691,DI,1988.0,9.1,6,1,0,0,,
48,150,35.5062991089818,PVC,1976.0,9.35,5,1,0,0,,
48,150,1.59410212995389,PVC,1976.0,9.35,5,1,0,0,,
53,300,35.6520193139067,DI,1971.0,8.5,7,1,0,0,,
53,300,136.559541370902,DI,1971.0,8.5,7,1,0,0,,
36,150,0.542337607530157,DI,1988.0,9.1,6,1,0,0,,
36,150,98.2743847591685,DI,1988.0,9.1,5,1,0,0,,
36,150,102.003294777329,DI,1988.0,9.1,6,1,0,0,,
56,150,13.8022639132611,DI,1968.0,8.5,6,3,0,0,,
56,150,76.2481473210889,DI,1968.0,8.5,6,3,0,0,,
57,150,46.5826941086133,DI,1967.0,4.7,5,1,3,1,-80.434238750954,43.4526870644815
19,300,180.655545170861,PVC,2005.0,9.35,7,1,0,0,,
19,300,8.88998861992678,PVC,2005.0,9.35,7,1,0,0,,
37,200,10.7161011571252,DI,1987.0,9.1,6,3,0,0,,
37,200,71.553176090811,DI,1987.0,9.1,6,3,0,0,,
37,200,17.8381367738643,DI,1987.0,9.1,6,3,0,0,,
37,200,75.6245753223515,DI,1987.0,9.1,6,3,0,0,,
14,150,94.3817072955345,PVC,2010.0,9.35,6,6,0,0,,
72,150,62.4839335722914,CI,1952.0,7.75,7,1,3,1,-80.4897510921747,43.4341581497617
14,200,8.84141015078953,PVC,2010.0,9.35,5,2,0,0,,
14,200,8.37838761152892,PVC,2010.0,9.35,5,2,0,0,,
30,150,3.51870835267829,PVC,1994.0,9.35,6,1,1,1,-80.4227492240072,43.438735657713
30,150,23.1172049564237,PVC,1994.0,9.35,6,1,0,0,,
14,300,15.7168145534385,PVC,2010.0,9.35,7,1,0,0,,
17,450,10.9518726215646,PVC,2007.0,9.35,7,0,0,0,,
37,300,62.712483482189,DI,1987.0,9.1,7,3,0,0,,
37,300,1.11211718715984,DI,1987.0,9.1,7,3,0,0,,
30,300,50.2761495761835,DI,1994.0,9.1,8,1,0,0,,
89,150,1.10113812104065,CI,1935.0,7.75,0,1,0,0,,
89,150,65.4499844066486,CI,1935.0,5.5,7,1,0,0,,
89,150,14.9343489226724,CI,1935.0,7.75,7,1,0,0,,
66,150,2.26401219975559,CI,1958.0,7.75,5,1,0,0,,
69,150,1.21925329586841,CI,1955.0,7.75,7,1,0,0,,
69,150,132.183637726351,CI,1955.0,7.75,7,1,0,0,,
55,450,82.5918746501955,DI,1969.0,8.5,7,2,0,0,,
55,450,7.46739237068541,DI,1969.0,8.5,7,2,0,0,,
67,150,72.6854063855636,CI,1957.0,5.35,5,1,1,1,-80.5022849088941,43.428323151756
67,150,0.618863216449509,CI,1957.0,7.75,6,1,2,1,-80.503281964613,43.4299373899419
48,150,1.26719666341298,DI,1976.0,8.5,7,1,0,0,,
48,150,4.86985917528152,DI,1976.0,8.5,7,1,0,0,,
34,300,13.0904140806254,DI,1990.0,9.1,7,1,0,0,,
34,300,74.8795702661266,DI,1990.0,9.1,6,1,0,0,,
55,450,222.606836030551,DI,1969.0,8.1,6,2,1,1,-80.4199967918687,43.3883211207016
56,300,8.83931667994601,DI,1968.0,8.5,6,3,8,1,-80.5286046403223,43.4417030027802
56,300,14.3853372656841,DI,1968.0,8.5,6,3,8,1,-80.5286046403223,43.4417030027802
56,300,264.507350325354,DI,1968.0,6.1,6,3,8,1,-80.5286046403223,43.4417030027802
56,300,147.454486209432,DI,1968.0,7.3,6,3,8,1,-80.5286046403223,43.4417030027802
29,150,69.6865121334923,PVC,1995.0,5.55,6,1,4,1,-80.415204348034,43.4418928020475
29,150,137.963093726968,PVC,1995.0,8.15,6,1,4,1,-80.415204348034,43.4418928020475
36,200,10.3258023995715,DI,1988.0,9.1,6,1,0,0,,
32,150,14.4684586264077,PVC,1992.0,9.35,6,3,0,0,,
32,150,133.324095717885,PVC,1992.0,9.35,6,3,0,0,,
32,150,130.31060495824,PVC,1992.0,9.35,6,3,0,0,,
32,150,11.7393077407661,PVC,1992.0,9.35,6,3,0,0,,
71,200,12.3626366452694,CI,1953.0,7.75,7,1,0,0,,
71,200,213.884998318107,CI,1953.0,7.3,7,1,0,0,,
22,150,11.4039222167229,PVC,2002.0,9.35,6,3,0,0,,
22,150,118.446288674832,PVC,2002.0,9.35,6,3,0,0,,
22,150,7.53776332979944,PVC,2002.0,9.35,6,3,0,0,,
22,150,132.277327610055,PVC,2002.0,9.35,6,3,0,0,,
76,150,63.6750299203825,CI,1948.0,7.75,6,1,0,0,,
69,150,36.6303000947597,CI,1955.0,7.75,4,1,0,0,,
17,300,7.09813272560826,PVC,2007.0,9.35,6,0,0,0,,
17,300,29.2910474723521,PVC,2007.0,9.35,6,0,0,0,,
17,300,15.3160034533662,PVC,2007.0,9.35,6,0,0,0,,
43,150,106.891174615783,DI,1981.0,6.9,6,1,2,1,-80.4862063541855,43.4746530327354
43,150,0.447251696755622,DI,1981.0,8.5,7,1,3,1,-80.4844724587781,43.4758387261803
71,200,109.912880820789,CI,1953.0,3.95,6,1,4,1,-80.466040119808,43.4277934449639
49,300,21.4862126210192,DI,1975.0,8.5,6,3,0,0,,
49,300,2.42528045463605,DI,1975.0,8.5,6,3,2,1,-80.5296004758259,43.4268258291077
44,150,1.50004522609446,DI,1980.0,8.5,5,3,0,0,,
44,150,347.893085682979,DI,1980.0,8.5,5,3,0,0,,
44,150,156.580678751934,DI,1980.0,8.5,5,3,0,0,,
44,150,12.3348723259999,DI,1980.0,8.5,5,3,0,0,,
38,200,83.1275992309818,DI,1986.0,9.1,6,1,0,0,,
38,200,9.05581182775463,DI,1986.0,9.1,6,1,0,0,,
18,150,10.2274208774743,PVC,2006.0,9.35,6,2,0,0,,
18,150,129.002485468682,PVC,2006.0,9.35,6,2,0,0,,
21,200,76.0706151784427,PVC,2003.0,9.35,7,1,0,0,,
32,300,11.3576714978789,DI,1992.0,9.1,6,3,0,0,,
32,300,104.100694443834,DI,1992.0,9.1,6,3,0,0,,
32,300,13.2123202004204,DI,1992.0,9.1,6,3,0,0,,
18,200,111.007351985829,PVC,2006.0,9.35,6,0,0,0,,
18,200,20.5927258537916,PVC,2006.0,9.35,6,0,0,0,,
37,150,11.8816553253928,DI,1987.0,9.1,6,1,0,0,,
37,150,69.6109109232623,DI,1987.0,9.1,6,1,0,0,,
37,150,4.745900105082,DI,1987.0,9.1,6,1,0,0,,
19,150,2.97832387738601,PVC,2005.0,9.35,0,1,0,0,,
19,150,9.99207522822084,PVC,2005.0,9.35,6,1,0,0,,
19,150,78.6262612494848,PVC,2005.0,9.35,6,1,0,0,,
19,150,102.696674351057,PVC,2005.0,9.35,6,1,0,0,,
19,150,73.791856925267,PVC,2005.0,9.35,6,1,0,0,,
19,150,88.6049441572771,PVC,2005.0,9.35,6,1,0,0,,
19,150,12.164468843341,PVC,2005.0,9.35,6,1,0,0,,
13,300,64.5394081025382,PVC,2011.0,9.35,6,2,0,0,,
13,300,7.56588800092555,PVC,2011.0,9.35,6,2,0,0,,
14,300,3.24078463392078,PVC,2010.0,9.35,0,7,0,0,,
14,150,77.0892347044308,PVC,2010.0,9.35,6,1,0,0,,
14,150,16.9828098896106,PVC,2010.0,9.35,6,1,0,0,,
22,300,99.0188644630427,PVC,2002.0,9.35,6,3,0,0,,
22,300,11.4080290739777,PVC,2002.0,9.35,6,3,0,0,,
48,600,351.063236244157,DI,1976.0,8.5,7,1,0,0,,
48,600,3.02573677723642,DI,1976.0,8.5,0,1,0,0,,
32,300,93.7499303876833,DI,1992.0,9.1,5,7,0,0,,
22,150,22.5845926464305,PVC,2002.0,9.35,6,0,0,0,,
22,150,10.1476205110262,PVC,2002.0,9.35,6,0,0,0,,
18,150,112.823444438691,PVC,2006.0,9.35,6,0,0,0,,
18,150,113.290464798109,PVC,2006.0,9.35,6,0,0,0,,
28,200,10.2389727836013,PVC,1996.0,9.35,6,1,0,0,,
14,200,6.93095027391511,PVC,2010.0,9.35,6,1,2,1,-80.4984565964747,43.4495794011375
14,200,2.66300060258418,PVC,2010.0,9.35,0,1,0,0,,
14,200,103.423035385441,PVC,2010.0,9.35,6,1,2,1,-80.4984565964747,43.4495794011375
14,200,1.8426728543906,PVC,2010.0,9.35,6,1,0,0,,
48,150,0.559088687772635,PVC,1976.0,9.35,6,1,0,0,,
48,150,0.492722071423199,PVC,1976.0,9.35,0,1,0,0,,
48,150,203.577884247394,PVC,1976.0,9.35,6,1,0,0,,
48,150,101.312674704948,PVC,1976.0,9.35,6,1,0,0,,
33,300,13.3096902320743,DI,1991.0,9.1,6,1,0,0,,
33,300,8.49958606949751,DI,1991.0,9.1,6,1,0,0,,
78,150,121.376483670915,CI,1946.0,7.75,6,1,0,0,,
84,150,10.3404329396819,CI,1940.0,7.75,7,1,2,1,-80.4772077995554,43.4441809249089
84,150,0.347573300778073,CI,1940.0,7.75,7,1,2,1,-80.4838718855096,43.4417713081279
84,150,164.164915713329,CI,1940.0,4.3,8,1,10,1,-80.4805670506012,43.4429317955209
84,150,358.355000770627,CI,1940.0,1.85,7,1,10,1,-80.4805670506012,43.4429317955209
23,150,16.2594395764296,PVC,2001.0,9.35,6,1,0,0,,
23,150,71.0661160603332,PVC,2001.0,9.35,6,1,0,0,,
2,300,1.64280742880956,PVC,2022.0,9.35,0,1,1,1,-80.4914894292715,43.4520753623503
28,150,82.4065717391249,PVC,1996.0,9.35,6,1,0,0,,
101,300,29.9871245989146,CI,1923.0,7.75,6,1,0,0,,
43,200,78.2049984155655,DI,1981.0,8.5,6,7,3,1,-80.463163574482,43.481677998695
46,300,68.6983831665182,DI,1978.0,8.5,6,1,0,0,,
13,150,174.187241756536,PVC,2011.0,9.35,6,6,0,0,,
19,150,9.68948891961666,PVC,2005.0,9.35,7,3,0,0,,
19,150,179.231643993397,PVC,2005.0,9.35,6,3,0,0,,
77,300,189.239316942568,CI,1947.0,6.95,6,1,1,1,-80.4694553215603,43.4412595210635
58,150,104.110641192422,DI,1966.0,6.9,6,1,1,1,-80.5163774306976,43.4334150426069
58,150,6.37649068346963,DI,1966.0,8.5,6,1,1,1,-80.5163774306976,43.4334150426069
14,150,7.65359271574647,PVC,2010.0,9.35,7,1,0,0,,
14,150,18.5899635314071,PVC,2010.0,9.35,7,1,0,0,,
20,150,133.509208968102,PVC,2004.0,9.35,6,1,0,0,,
36,150,5.19819724049939,DI,1988.0,9.1,5,1,0,0,,
36,150,84.6317758829611,DI,1988.0,9.1,5,1,0,0,,
36,150,12.9986559370991,DI,1988.0,9.1,5,1,0,0,,
23,200,6.97323639206614,PVC,2001.0,9.35,7,1,0,0,,
23,200,92.8696763250091,PVC,2001.0,9.35,7,1,0,0,,
23,200,10.3407934000345,PVC,2001.0,9.35,7,1,0,0,,
76,200,103.468203295567,CI,1948.0,6.15,6,1,1,1,-80.4857214617402,43.4713035959946
15,150,63.1362999412902,PVC,2009.0,9.35,5,1,0,0,,
59,150,57.761509444804,CI,1965.0,5.05,5,1,1,1,-80.441065159908,43.4557064816919
49,150,138.760052799592,AC,1975.0,8.7,5,1,0,0,,
63,200,76.0398152860004,CI,1961.0,5.35,6,1,1,1,-80.4541198353007,43.4621092424444
63,200,6.28106836790321,CI,1961.0,7.75,6,1,1,1,-80.4541198353007,43.4621092424444
38,150,84.2019460761139,DI,1986.0,9.1,5,1,0,0,,
14,150,5.34584725708991,PVC,2010.0,9.35,6,1,0,0,,
71,150,93.5231388683685,CI,1953.0,5.75,6,1,1,1,-80.4662528627766,43.4574330588979
16,300,84.7308721330894,PVC,2008.0,9.35,7,1,0,0,,
25,150,72.1839473507098,PVC,1999.0,9.35,7,1,0,0,,
69,150,8.17316071930868,CI,1955.0,7.75,4,1,0,0,,
69,150,73.6038686609946,CI,1955.0,5.35,4,1,0,0,,
15,150,5.4262736898822,PVC,2009.0,9.35,6,1,0,0,,
15,150,19.9631016639852,PVC,2009.0,9.35,5,1,0,0,,
14,300,11.337596697851,PVC,2010.0,9.35,6,2,0,0,,
14,300,48.2893649839401,PVC,2010.0,9.35,6,2,0,0,,
66,150,87.8002475272509,CI,1958.0,4.55,6,1,2,1,-80.4505293247317,43.4404091922416
66,150,6.90254095336661,CI,1958.0,7.75,5,1,2,1,-80.4505293247317,43.4404091922416
56,150,8.06071723866111,DI,1968.0,8.5,6,3,1,1,-80.5213600652494,43.4214123944923
56,150,273.116611518143,DI,1968.0,8.5,6,3,0,0,,
56,150,4.14459794125581,DI,1968.0,8.5,6,3,0,0,,
25,150,30.3442535081028,PVC,1999.0,9.35,6,1,0,0,,
50,150,95.2783796009391,DI,1974.0,8.5,5,1,0,0,,
50,150,7.61992384930344,DI,1974.0,8.5,5,1,0,0,,
49,150,13.3311015117809,DI,1975.0,8.5,6,3,0,0,,
49,150,2.12378989726602,DI,1975.0,8.5,0,3,0,0,,
49,150,99.7124548113714,DI,1975.0,8.5,6,3,0,0,,
49,150,3.97315085003131,DI,1975.0,8.5,6,3,0,0,,
72,150,62.6979848647448,CI,1952.0,7.75,5,1,0,0,,
20,150,65.6192780696882,PVC,2004.0,9.35,6,2,0,0,,
20,150,11.406371735011,PVC,2004.0,9.35,5,2,0,0,,
20,300,140.840818290723,PVC,2004.0,9.35,7,1,0,0,,
59,150,12.5333055031401,CI,1965.0,7.85,5,1,1,1,-80.4480791122613,43.4459813661196
59,150,207.543316835697,CI,1965.0,7.45,5,1,1,1,-80.4480791122613,43.4459813661196
70,150,12.3324835129754,CI,1954.0,7.75,6,1,1,1,-80.462478199794,43.4593882135432
70,150,276.522496316823,CI,1954.0,6.9,6,1,1,1,-80.462478199794,43.4593882135432
70,150,13.1982067376124,CI,1954.0,7.75,5,1,1,1,-80.462478199794,43.4593882135432
20,200,5.26051507788851,PVC,2004.0,9.35,6,3,0,0,,
20,200,70.5065932244733,PVC,2004.0,9.35,6,3,0,0,,
39,300,57.8848736410509,DI,1985.0,9.1,6,0,0,0,,
39,300,26.2271080888194,DI,1985.0,9.1,6,0,0,0,,
55,150,1.98204731067946,DI,1969.0,8.5,6,3,2,1,-80.5255316511009,43.4203687169179
55,150,20.5776744970396,DI,1969.0,8.5,6,3,2,1,-80.5255316511009,43.4203687169179
50,150,7.62947715107935,DI,1974.0,8.5,6,2,0,0,,
50,150,93.076185857723,DI,1974.0,6.5,6,2,0,0,,
50,150,12.2059220053023,DI,1974.0,8.5,6,2,1,1,-80.4129881631728,43.3921947563942
50,150,181.533561856191,DI,1974.0,8.5,6,2,1,1,-80.4129881631728,43.3921947563942
34,450,16.9197570937248,DI,1990.0,9.1,7,0,0,0,,
34,450,124.121544753464,DI,1990.0,9.1,7,0,0,0,,
52,150,22.1498322582854,CI,1972.0,7.75,6,1,0,0,,
36,150,17.1639287711483,DI,1988.0,9.1,6,1,0,0,,
36,150,154.046506673982,DI,1988.0,9.1,6,1,0,0,,
72,450,87.2264652350544,CI,1952.0,7.75,7,1,0,0,,
53,200,117.257325482629,DI,1971.0,8.5,6,2,0,0,,
55,200,233.927348766396,DI,1969.0,8.1,7,1,1,1,-80.4551229116244,43.4206484472157
55,200,16.9776765556451,DI,1969.0,8.5,6,1,2,1,-80.4559810949638,43.4209847883231
58,150,12.6557507943895,CI,1966.0,7.85,5,1,3,1,-80.5306813464378,43.4480202799178
58,150,250.729023752228,CI,1966.0,5.45,5,1,4,1,-80.5315902500278,43.4487699193517
18,150,13.251307804356,PVC,2006.0,9.35,6,0,0,0,,
18,150,63.80782399464,PVC,2006.0,9.35,6,0,0,0,,
22,300,54.465160536472,DI,2002.0,9.1,8,1,0,0,,
46,150,6.49016821292027,DI,1978.0,8.5,5,0,4,1,-80.5430198303039,43.4145158993926
46,150,269.61366730597,DI,1978.0,6.5,5,0,4,1,-80.5430198303039,43.4145158993926
46,150,7.78051553297239,DI,1978.0,8.5,5,0,4,1,-80.5430198303039,43.4145158993926
16,150,79.5959272251731,PVC,2008.0,9.35,6,1,0,0,,
27,200,78.4640286165446,PVC,1997.0,9.35,7,1,0,0,,
27,200,9.68112410553927,PVC,1997.0,9.35,7,1,0,0,,
53,200,13.106516876965,DI,1971.0,8.5,0,1,0,0,,
53,200,80.118036111745,DI,1971.0,8.5,5,3,0,0,,
45,150,1.93882125133215,DI,1979.0,8.5,5,2,0,0,,
45,150,2.99436382553802,DI,1979.0,8.5,5,2,0,0,,
45,150,100.913795930045,DI,1979.0,8.5,5,2,0,0,,
28,150,2.90492356737623,PVC,1996.0,9.35,6,1,0,0,,
28,150,44.9143681632232,PVC,1996.0,9.35,6,1,0,0,,
18,150,10.4953968568438,PVC,2006.0,9.35,6,0,0,0,,
18,150,74.5511407291625,PVC,2006.0,9.35,6,0,0,0,,
18,150,9.41984948883197,PVC,2006.0,9.35,6,0,0,0,,
48,150,7.66536365783232,PVC,1976.0,9.35,5,1,0,0,,
48,150,130.691178845575,PVC,1976.0,8.9,5,1,0,0,,
49,300,28.3187996717999,DI,1975.0,8.5,7,1,1,1,-80.4390803813373,43.4723979603928
59,150,12.4968159958642,CI,1965.0,7.85,5,1,2,1,-80.4438208646806,43.4392850012253
59,150,6.49542453425248,CI,1965.0,7.85,4,1,0,0,,
59,150,376.219247806541,CI,1965.0,7.05,4,1,2,1,-80.4438208646806,43.4392850012253
50,300,66.4482415056836,DI,1974.0,8.5,7,1,0,0,,
9,150,7.05562058153455,PVC,2015.0,9.35,0,2,0,0,,
32,300,20.4243846868694,DI,1992.0,9.1,0,1,1,1,-80.4914894292715,43.4520753623503
32,300,11.660773059358,DI,1992.0,9.1,7,1,0,0,,
51,150,0.876349702680441,DI,1973.0,8.5,0,5,0,0,,
51,150,111.332539733313,DI,1973.0,8.5,7,5,0,0,,
29,150,12.6413825752165,PVC,1995.0,9.35,5,1,0,0,,
29,150,49.7908889210202,PVC,1995.0,9.35,5,1,0,0,,
29,150,138.965310887997,PVC,1995.0,9.35,5,1,0,0,,
29,150,145.806936014519,PVC,1995.0,9.35,5,1,0,0,,
23,300,161.718856275306,PVC,2001.0,9.35,6,1,1,1,-80.4733497303023,43.4721678261305
23,300,1.24805801110164,PVC,2001.0,9.35,7,1,1,1,-80.4733497303023,43.4721678261305
23,300,202.511338771042,PVC,2001.0,9.35,6,1,1,1,-80.4733497303023,43.4721678261305
21,150,12.2002828023002,PVC,2003.0,9.35,6,2,0,0,,
21,150,27.2564545868374,PVC,2003.0,9.35,6,2,0,0,,
38,150,5.56260553258358,DI,1986.0,9.1,5,0,0,0,,
62,200,72.1625867214667,CI,1962.0,5.45,6,3,1,1,-80.5200100967589,43.4248800110514
62,200,0.529040489786577,CI,1962.0,7.85,0,3,6,1,-80.5180611674964,43.4239368662248
59,150,7.68375684541657,DI,1965.0,8.5,5,1,1,1,-80.5178758196796,43.4329512109015
59,150,75.2226709702967,DI,1965.0,6.1,6,1,1,1,-80.5178758196796,43.4329512109015
56,200,2.71246907836733,DI,1968.0,8.5,7,1,0,0,,
17,300,4.13471792820357,PVC,2007.0,9.35,6,1,0,0,,
49,150,14.0409191455433,DI,1975.0,8.5,6,3,0,0,,
49,150,283.700396828199,DI,1975.0,8.5,6,3,0,0,,
50,150,11.3738914854268,DI,1974.0,8.5,6,3,0,0,,
50,150,157.849401523396,DI,1974.0,8.5,6,3,0,0,,
23,50,69.648441042158,PVC,2001.0,5.55,4,1,3,1,-80.484931070172,43.4561000283465
18,200,10.5000601909326,PVC,2006.0,9.35,5,3,0,0,,
18,200,44.4830281929025,PVC,2006.0,9.35,6,3,0,0,,
18,200,81.6290537115286,PVC,2006.0,9.35,6,3,0,0,,
18,200,167.943148653936,PVC,2006.0,9.35,6,3,0,0,,
51,300,6.62902466463545,DI,1973.0,8.5,7,1,0,0,,
51,300,117.477872676805,DI,1973.0,8.5,6,1,0,0,,
51,300,9.44891718682682,DI,1973.0,8.5,7,1,0,0,,
20,200,5.33657620702364,PVC,2004.0,9.35,6,3,0,0,,
20,200,73.9684271901407,PVC,2004.0,9.35,6,3,0,0,,
56,250,6.06947021016368,DI,1968.0,8.5,7,1,0,0,,
56,250,2.16947086633989,DI,1968.0,8.5,7,1,5,1,-80.5249174036821,43.442783261796
56,250,2.15983848868034,DI,1968.0,8.5,0,1,1,1,-80.5165898414531,43.4450818760872
56,250,133.94244281695,DI,1968.0,8.5,6,1,1,1,-80.5165898414531,43.4450818760872
56,250,338.211757383126,DI,1968.0,8.1,6,1,1,1,-80.5165898414531,43.4450818760872
56,250,199.048947342026,DI,1968.0,8.5,6,1,1,1,-80.5165898414531,43.4450818760872
56,250,83.9890265083736,DI,1968.0,8.5,6,1,1,1,-80.5165898414531,43.4450818760872
65,200,78.5913196990468,CI,1959.0,7.75,6,1,0,0,,
65,200,0.916377215514271,CI,1959.0,7.75,6,1,0,0,,
19,150,83.560374031878,PVC,2005.0,9.35,7,1,0,0,,
37,150,30.8235676296356,DI,1987.0,9.1,5,3,0,0,,
20,300,68.9492645949108,PVC,2004.0,9.35,6,3,0,0,,
20,300,12.34565176297,PVC,2004.0,9.35,6,3,0,0,,
50,450,37.114930197056,DI,1974.0,8.5,7,1,0,0,,
32,300,6.86735600607593,DI,1992.0,9.1,6,1,0,0,,
19,150,100.064585065475,PVC,2005.0,9.35,5,3,0,0,,
46,300,51.1616942929106,DI,1978.0,8.5,7,1,0,0,,
46,300,21.8254333068537,DI,1978.0,8.5,6,1,0,0,,
17,200,55.7426401776572,PVC,2007.0,9.35,6,1,0,0,,
17,200,81.2741977344205,PVC,2007.0,9.35,6,1,0,0,,
17,200,53.2747717474253,PVC,2007.0,9.35,6,1,0,0,,
37,200,6.71096216012146,DI,1987.0,9.1,6,1,1,1,-80.4418198909944,43.4499864019503
37,200,117.365877134122,DI,1987.0,7.5,6,1,1,1,-80.4418198909944,43.4499864019503
14,150,117.858539736963,PVC,2010.0,9.35,7,1,0,0,,
46,200,126.754181341411,DI,1978.0,8.5,6,1,0,0,,
46,200,7.775406886236,DI,1978.0,8.5,5,1,0,0,,
58,150,2.14823738171842,CI,1966.0,7.85,5,1,3,1,-80.5306813464378,43.4480202799178
58,150,2.28499792677256,CI,1966.0,7.85,5,1,3,1,-80.5306813464378,43.4480202799178
58,150,436.547766932635,CI,1966.0,4.4,5,1,3,1,-80.5306813464378,43.4480202799178
62,150,241.98286003702,CI,1962.0,7.45,6,1,1,1,-80.4488099648316,43.4271521210774
62,150,7.1506252470837,CI,1962.0,7.85,6,1,1,1,-80.4488099648316,43.4271521210774
13,200,9.37325298691532,PVC,2011.0,9.35,5,1,2,1,-80.5004061635791,43.4627065384383
23,300,104.567313092747,PVC,2001.0,9.35,7,1,0,0,,
64,150,2.14983757548093,CI,1960.0,7.75,6,3,8,1,-80.5085823522823,43.4171547577792
64,150,228.111405635252,CI,1960.0,4.15,7,3,8,1,-80.5085823522823,43.4171547577792
64,150,3.04783884030464,CI,1960.0,7.75,7,3,8,1,-80.5085823522823,43.4171547577792
27,200,5.69492088184907,PVC,1997.0,9.35,6,1,0,0,,
27,200,0.354652407827166,PVC,1997.0,9.35,6,1,0,0,,
27,200,31.8188307105106,PVC,1997.0,9.35,6,1,0,0,,
67,300,62.2235510337146,CI,1957.0,5.5,0,1,0,0,,
67,300,71.5121572535351,CI,1957.0,7.75,7,1,0,0,,
51,300,1.97895507748307,DI,1973.0,8.5,7,3,0,0,,
51,300,51.9797532737526,DI,1973.0,8.5,7,3,0,0,,
38,150,1.95117354727411,DI,1986.0,9.1,6,0,0,0,,
38,150,5.87505240703184,DI,1986.0,9.1,6,0,0,0,,
25,200,11.8866293645981,PVC,1999.0,9.35,6,1,0,0,,
25,200,112.376280355032,PVC,1999.0,9.35,6,1,0,0,,
29,150,7.04784214442636,DI,1995.0,9.1,7,1,0,0,,
29,150,154.316812944836,DI,1995.0,9.1,8,1,0,0,,
38,300,75.2296304240325,DI,1986.0,9.1,6,1,0,0,,
42,300,1.10783464500035,DI,1982.0,9.1,7,1,1,1,-80.489666168317,43.4421523733386
64,150,93.7889293538179,CI,1960.0,7.75,7,1,0,0,,
34,300,4.08069268231133,DI,1990.0,9.1,7,1,0,0,,
34,300,2.05211188861881,DI,1990.0,9.1,7,1,0,0,,
45,150,1.60175388791237,DI,1979.0,8.5,6,0,0,0,,
45,150,93.7997968217919,DI,1979.0,8.5,6,0,0,0,,
45,150,11.8592851387785,DI,1979.0,8.5,6,0,0,0,,
45,150,146.893976701188,DI,1979.0,8.5,6,0,0,0,,
75,150,126.434998522105,CI,1949.0,7.75,6,1,0,0,,
21,150,226.930033409682,PVC,2003.0,9.35,6,3,0,0,,
18,150,6.01805508733138,PVC,2006.0,9.35,5,3,0,0,,
23,150,7.89816926729836,PVC,2001.0,9.35,5,1,0,0,,
23,150,174.492011773431,PVC,2001.0,9.35,5,1,0,0,,
23,150,14.558373213703,PVC,2001.0,9.35,5,1,0,0,,
18,300,4.96449446097496,PVC,2006.0,9.35,7,1,0,0,,
18,300,28.2554356222351,PVC,2006.0,9.35,7,1,0,0,,
93,150,5.24688142105508,CI,1931.0,7.75,0,1,0,0,,
93,150,162.371629417658,CI,1931.0,7.75,7,1,0,0,,
93,150,13.7369585276009,CI,1931.0,7.75,6,1,0,0,,
48,150,1.61447423041937,DI,1976.0,8.5,0,2,0,0,,
48,150,3.01391654804953,DI,1976.0,8.5,5,2,0,0,,
48,150,126.819771363436,DI,1976.0,8.5,5,2,0,0,,
47,200,1.93772039227317,DI,1977.0,8.5,6,1,0,0,,
47,200,146.980600859461,DI,1977.0,8.5,6,1,0,0,,
58,150,75.0561596750708,CI,1966.0,5.45,6,1,1,1,-80.4404412130462,43.4590978415331
58,150,9.02599030033081,CI,1966.0,3.93,6,1,3,1,-80.4391790662296,43.458195399256
57,150,7.62034637584748,DI,1967.0,8.5,6,1,7,1,-80.5194806886154,43.4324128022156
57,150,226.189588631266,CI,1967.0,4.65,6,1,7,1,-80.5194806886154,43.4324128022156
50,150,12.1916847265548,DI,1974.0,8.5,5,1,0,0,,
50,150,64.2232995948912,DI,1974.0,8.05,6,1,0,0,,
38,150,3.01606368656466,DI,1986.0,9.1,6,0,0,0,,
37,150,170.815110555022,DI,1987.0,9.1,6,0,0,0,,
38,150,182.586242122914,DI,1986.0,9.1,7,0,0,0,,
37,150,9.56499963898158,DI,1987.0,9.1,6,0,0,0,,
38,150,123.794821639467,DI,1986.0,9.1,5,0,0,0,,
48,150,11.8868887030691,PVC,1976.0,9.35,6,1,0,0,,
48,150,78.5074533806931,PVC,1976.0,8.9,6,1,0,0,,
88,150,197.280261671552,CI,1936.0,5.5,6,1,0,0,,
88,150,2.28208530582006,CI,1936.0,7.75,6,1,0,0,,
76,150,12.648155913592,CI,1948.0,7.75,6,1,0,0,,
76,150,61.122633076406,CI,1948.0,7.75,7,1,0,0,,
20,150,57.4658666977939,PVC,2004.0,9.35,6,1,0,0,,
25,300,13.1073766582897,PVC,1999.0,9.35,6,1,1,1,-80.4490625045562,43.4357982671486
25,300,11.2198530400605,PVC,1999.0,9.35,7,1,2,1,-80.4469060506385,43.4360051672127
25,300,122.666719806582,PVC,1999.0,9.35,7,1,0,0,,
19,300,82.545600102672,PVC,2005.0,9.35,6,2,0,0,,
19,300,6.36136039617421,PVC,2005.0,9.35,6,2,0,0,,
37,150,15.7624874429122,DI,1987.0,9.1,7,0,0,0,,
37,150,73.3651360256834,DI,1987.0,9.1,6,0,0,0,,
16,300,86.4977241477679,PVC,2008.0,9.35,7,1,0,0,,
16,300,10.4466922709937,PVC,2008.0,9.35,7,1,0,0,,
39,150,134.424452656219,DI,1985.0,9.1,5,1,0,0,,
46,150,7.36549759227356,DI,1978.0,8.5,5,1,0,0,,
46,150,175.154592148697,DI,1978.0,8.5,5,1,0,0,,
46,150,14.4273102921319,DI,1978.0,8.5,5,1,0,0,,
39,200,6.20713377991018,DI,1985.0,8.5,6,3,0,0,,
40,200,106.936368405163,DI,1984.0,8.5,6,3,0,0,,
40,200,10.2135519775525,DI,1984.0,8.5,6,3,0,0,,
39,300,5.40333955333313,DI,1985.0,9.1,7,1,0,0,,
39,300,72.5279132236915,DI,1985.0,9.1,7,1,0,0,,
50,200,73.8051954534237,DI,1974.0,8.5,6,3,0,0,,
77,150,161.019885149234,CI,1947.0,7.3,6,1,0,0,,
17,300,15.6978517026249,PVC,2007.0,9.35,7,5,0,0,,
17,300,1.51745527106102,PVC,2007.0,9.35,7,5,0,0,,
47,300,25.0867454493017,DI,1977.0,8.5,8,2,0,0,,
33,0,29.0773834261166,DI,1991.0,9.1,7,5,0,0,,
120,150,53.023567012797,CI,1904.0,7.75,7,1,0,0,,
22,150,116.62555493154,PVC,2002.0,9.35,6,1,0,0,,
72,200,0.940061116432414,CI,1952.0,7.75,8,1,1,1,-80.4477653481766,43.4309272297993
72,200,0.860533230798599,CI,1952.0,7.75,7,1,0,0,,
72,200,162.034184658211,CI,1952.0,7.75,8,1,1,1,-80.4477653481766,43.4309272297993
72,200,158.911980677512,CI,1952.0,6.55,8,1,1,1,-80.4477653481766,43.4309272297993
72,200,88.5085768235422,CI,1952.0,7.75,8,1,1,1,-80.4477653481766,43.4309272297993
47,300,1.69959548041154,DI,1977.0,8.5,6,2,1,1,-80.4383270319617,43.3988032916585
47,300,107.254577850454,DI,1977.0,8.5,6,2,0,0,,
15,150,71.6388653304513,PVC,2009.0,9.35,7,1,0,0,,
15,150,11.4164606760771,PVC,2009.0,9.35,6,1,0,0,,
67,150,0.361233662949633,CI,1957.0,7.75,7,1,1,1,-80.4640176976984,43.4645223916355
67,150,2.43864618151335,CI,1957.0,7.75,6,1,1,1,-80.4605655135,43.4639323666029
67,150,252.367048483451,CI,1957.0,7.35,6,1,1,1,-80.4605655135,43.4639323666029
23,150,11.9848620679862,PVC,2001.0,9.35,6,2,0,0,,
23,150,90.7733191964162,PVC,2001.0,9.35,6,2,0,0,,
23,150,10.9887770723917,PVC,2001.0,9.35,6,1,0,0,,
23,150,88.5451075107934,PVC,2001.0,9.35,6,1,0,0,,
20,150,8.41653505895911,PVC,2004.0,9.35,5,1,0,0,,
20,150,99.9729024705515,PVC,2004.0,9.35,6,1,0,0,,
20,150,4.94703117867559,PVC,2004.0,9.35,6,1,0,0,,
92,150,6.82480123746998,CI,1932.0,7.75,5,1,0,0,,
36,200,10.1831955750003,DI,1988.0,9.1,6,1,0,0,,
36,200,25.8308212029947,DI,1988.0,9.1,6,1,0,0,,
36,150,9.70259561374399,DI,1988.0,9.1,6,0,0,0,,
37,150,12.4211944348644,DI,1987.0,9.1,6,0,0,0,,
37,150,246.440839840931,DI,1987.0,9.1,6,0,0,0,,
36,150,100.36049137453,DI,1988.0,9.1,6,0,0,0,,
14,200,106.883978926245,PVC,2010.0,9.35,6,0,0,0,,
14,200,92.5405289063501,PVC,2010.0,9.35,6,0,0,0,,
14,200,131.057951169716,PVC,2010.0,9.35,6,0,0,0,,
26,150,3.388738856652,PVC,1998.0,9.35,0,3,0,0,,
26,150,7.02927548984764,PVC,1998.0,9.35,6,3,0,0,,
26,150,126.730213922783,PVC,1998.0,9.35,6,3,0,0,,
26,150,180.193164888596,PVC,1998.0,9.35,6,3,0,0,,
48,200,8.29969405817045,DI,1976.0,8.5,6,3,0,0,,
48,200,61.1429578195776,DI,1976.0,8.5,6,3,0,0,,
21,300,34.2543192660116,PVC,2003.0,9.35,6,3,0,0,,
21,300,9.33553075140087,PVC,2003.0,9.35,6,3,0,0,,
21,300,150.108105029238,PVC,2003.0,9.35,6,3,0,0,,
33,300,162.143393809455,DI,1991.0,9.1,7,1,0,0,,
58,150,88.3602315972658,CI,1966.0,4.65,7,1,3,1,-80.439987423306,43.4586816822664
59,300,32.6486003096505,DI,1965.0,8.5,7,1,0,0,,
25,200,1.11194424284122,PVC,1999.0,9.35,0,1,0,0,,
25,200,64.8021096506396,PVC,1999.0,9.35,7,1,0,0,,
25,200,13.4888565384262,PVC,1999.0,9.35,7,1,0,0,,
27,150,5.93157865357251,PVC,1997.0,9.35,6,3,0,0,,
27,150,198.520642251445,PVC,1997.0,9.35,6,3,0,0,,
27,150,89.3821950048939,PVC,1997.0,9.35,6,3,0,0,,
27,150,9.16406267945377,PVC,1997.0,9.35,6,3,0,0,,
27,150,94.5684294459237,PVC,1997.0,9.35,6,3,0,0,,
57,150,18.6908923813645,CI,1967.0,7.85,7,1,3,1,-80.4370740253812,43.458440169489
57,150,10.3067872830234,CI,1967.0,7.85,7,1,3,1,-80.4370740253812,43.458440169489
22,150,28.2091166008252,PVC,2002.0,9.35,5,1,0,0,,
22,150,10.6998371414798,PVC,2002.0,9.35,5,1,0,0,,
14,300,45.770728820204,PVC,2010.0,9.35,8,1,0,0,,
14,300,17.1151810247629,PVC,2010.0,9.35,8,1,0,0,,
34,450,14.7141693888793,DI,1990.0,9.1,6,0,0,0,,
27,300,204.081397085077,PVC,1997.0,9.35,7,1,0,0,,
59,300,174.884654322613,CI,1965.0,7.05,7,1,1,1,-80.4522628727796,43.4062894158972
49,150,111.260474717796,DI,1975.0,8.5,5,3,0,0,,
49,150,7.79959535085531,DI,1975.0,8.5,5,3,0,0,,
50,150,12.0291922854515,DI,1974.0,8.5,5,1,0,0,,
50,150,73.6775832140071,DI,1974.0,8.5,5,1,0,0,,
21,150,83.5120111944301,PVC,2003.0,9.35,5,1,0,0,,
21,150,38.0202684676704,PVC,2003.0,9.35,5,1,0,0,,
96,150,272.50000416519,CI,1928.0,7.75,6,1,0,0,,
96,150,12.5997517823265,CI,1928.0,7.75,6,1,0,0,,
58,150,10.13251468061,DI,1966.0,8.5,6,1,0,0,,
58,150,101.012421206591,DI,1966.0,8.05,5,1,0,0,,
49,300,10.4432320515218,DI,1975.0,8.5,7,3,0,0,,
58,200,22.084779253736,DI,1966.0,4.7,7,1,3,1,-80.4464146861472,43.4586846465217
58,200,0.457845039281059,DI,1966.0,8.5,0,1,6,1,-80.4473452568233,43.4587232968056
69,300,258.684356900045,CI,1955.0,7.35,6,1,1,1,-80.4934528059506,43.4264192930346
69,300,0.316876158378368,CI,1955.0,7.75,6,1,1,1,-80.4934528059506,43.4264192930346
33,150,126.363628024714,DI,1991.0,9.1,5,1,0,0,,
51,300,182.639577594321,DI,1973.0,8.5,7,1,0,0,,
47,300,3.02466241958344,PVC,1977.0,9.35,7,2,0,0,,
15,300,0.851848741456259,PVC,2009.0,9.35,0,1,0,0,,
15,300,41.8660322036714,PVC,2009.0,9.35,7,1,0,0,,
57,150,7.61972478619575,DI,1967.0,8.5,5,1,0,0,,
57,150,5.91600795105291,DI,1967.0,8.5,0,1,0,0,,
57,150,48.62237292319,DI,1967.0,8.5,5,1,0,0,,
33,600,7.47487220621112,CPP,1991.0,9.35,7,1,0,0,,
33,600,34.2362104321092,CPP,1991.0,9.35,7,1,0,0,,
33,600,607.601234898202,CPP,1991.0,9.35,7,1,0,0,,
33,600,86.2387081755518,CPP,1991.0,9.35,6,1,0,0,,
59,150,91.0957189935596,DI,1965.0,6.5,6,1,6,1,-80.4722271450058,43.4258397985575
59,150,1.21987363348743,DI,1965.0,8.5,0,1,6,1,-80.4722271450058,43.4258397985575
59,150,5.31256373738637,DI,1965.0,8.5,6,1,6,1,-80.4722271450058,43.4258397985575
48,300,94.6469326531172,DI,1976.0,8.5,7,2,0,0,,
48,300,7.60601640840567,DI,1976.0,8.5,6,2,0,0,,
24,150,11.2809349975701,PVC,2000.0,9.35,5,1,0,0,,
24,150,78.4126702478789,PVC,2000.0,9.35,5,1,0,0,,
18,200,6.44189894955167,PVC,2006.0,9.35,7,0,0,0,,
18,200,38.7458517332824,PVC,2006.0,9.35,7,0,0,0,,
58,150,7.62115592562542,DI,1966.0,8.5,6,1,2,1,-80.4390864997112,43.4459082423569
58,150,123.900955178527,DI,1966.0,5.7,6,1,2,1,-80.4390864997112,43.4459082423569
39,200,16.5770542112627,DI,1985.0,9.1,6,0,0,0,,
39,200,44.3709311387365,DI,1985.0,9.1,5,0,0,0,,
63,150,261.005580510113,CI,1961.0,6.15,6,1,2,1,-80.4370398234064,43.4349501110744
20,150,7.1641862740686,PVC,2004.0,9.35,6,3,0,0,,
20,150,7.41011884485014,PVC,2004.0,9.35,6,3,0,0,,
20,150,212.128526263557,PVC,2004.0,9.35,6,3,0,0,,
104,150,37.8210788226812,CI,1920.0,7.75,6,1,0,0,,
34,900,15.7380520976461,CPP,1990.0,9.35,7,1,0,0,,
34,900,121.706713648576,CPP,1990.0,9.35,0,1,1,1,-80.5306258691107,43.4073064722364
34,900,478.756359764162,CPP,1990.0,9.35,0,1,1,1,-80.5243438706733,43.410173513885
34,900,203.869292873523,CPP,1990.0,9.35,7,1,1,1,-80.5306258691107,43.4073064722364
34,900,337.685791307569,CPP,1990.0,9.35,7,1,0,0,,
102,150,82.9908959994285,CI,1922.0,5.05,7,1,1,1,-80.4716799081234,43.4419317139899
102,150,7.2421572756309,CI,1922.0,7.75,7,1,1,1,-80.4716799081234,43.4419317139899
46,300,8.53586853646166,DI,1978.0,8.5,0,1,0,0,,
46,300,1.09879410334441,DI,1978.0,8.5,0,1,0,0,,
46,300,137.458504121631,DI,1978.0,8.5,6,5,0,0,,
76,150,89.583443062666,CI,1948.0,4.55,7,1,2,1,-80.4649740546177,43.4420534513683
22,200,124.819723125661,PVC,2002.0,9.35,7,1,0,0,,
22,200,1.17243930351969,PVC,2002.0,9.35,0,1,0,0,,
23,150,4.25581234544551,PVC,2001.0,9.35,6,2,0,0,,
23,150,5.19220170703798,PVC,2001.0,9.35,6,2,0,0,,
23,150,77.1006275019406,PVC,2001.0,9.35,5,2,0,0,,
18,300,12.4975300020644,PVC,2006.0,9.35,7,2,0,0,,
18,300,84.1800568798631,PVC,2006.0,9.35,7,2,0,0,,
19,300,115.526271085317,PVC,2005.0,9.35,7,2,0,0,,
18,300,7.53630014466977,PVC,2006.0,9.35,7,2,0,0,,
77,150,123.924194591209,CI,1947.0,7.75,7,1,0,0,,
37,750,1.62169678164052,CPP,1987.0,9.35,0,5,1,1,-80.4140484544242,43.4244885133836
37,750,125.930112331424,CPP,1987.0,9.35,7,5,1,1,-80.4140484544242,43.4244885133836
14,150,10.1031628437831,PVC,2010.0,9.35,7,1,0,0,,
22,150,6.48129114352156,PVC,2002.0,9.35,6,3,0,0,,
22,150,137.830835336695,PVC,2002.0,9.35,6,3,0,0,,
22,150,90.2132559411394,PVC,2002.0,9.35,6,3,0,0,,
22,150,7.43956451430552,PVC,2002.0,9.35,6,3,0,0,,
35,150,7.18150216100153,DI,1989.0,9.1,6,0,0,0,,
35,150,11.8394498886446,DI,1989.0,9.1,6,0,0,0,,
35,150,102.928346803217,DI,1989.0,9.1,6,0,0,0,,
17,300,10.9908213217864,PVC,2007.0,9.35,6,1,0,0,,
17,300,12.9536152603406,PVC,2007.0,9.35,6,1,0,0,,
17,300,63.6239044820562,PVC,2007.0,9.35,6,1,0,0,,
50,150,35.0004217913024,CI,1974.0,7.75,5,1,0,0,,
50,150,169.181010352459,CI,1974.0,5.35,6,1,2,1,-80.4703406515507,43.4579028564909
26,300,17.3615772794171,PVC,1998.0,9.35,0,10,0,0,,
26,150,7.77512700738947,PVC,1998.0,9.35,5,4,0,0,,
26,150,33.1099957239801,PVC,1998.0,9.35,6,4,0,0,,
59,300,24.2867200920726,DI,1965.0,8.5,7,1,1,1,-80.4793845393135,43.4232861221908
59,300,290.507891407753,DI,1965.0,7.65,7,1,1,1,-80.4793845393135,43.4232861221908
60,100,19.2390350510253,DI,1964.0,8.5,5,1,0,0,,
60,100,113.046279491688,DI,1964.0,8.5,5,1,0,0,,
60,100,0.62372688875341,DI,1964.0,8.5,0,1,0,0,,
55,300,5.30625765592902,DI,1969.0,8.5,5,1,1,1,-80.532119879883,43.4447672637191
55,300,12.1319271351961,DI,1969.0,8.5,6,1,1,1,-80.532119879883,43.4447672637191
52,150,87.1328655814079,DI,1972.0,8.5,5,1,3,1,-80.4897510921747,43.4341581497617
52,150,0.914656178858342,DI,1972.0,8.5,6,1,3,1,-80.4897510921747,43.4341581497617
25,300,46.7978966004453,PVC,1999.0,9.35,6,0,0,0,,
55,300,92.9766086228413,DI,1969.0,8.5,7,1,0,0,,
55,300,12.416243831018,DI,1969.0,8.5,7,1,0,0,,
15,200,62.8355959082331,PVC,2009.0,9.35,5,3,0,0,,
15,200,10.2042425316312,PVC,2009.0,9.35,5,3,0,0,,
31,300,19.8478273857515,DI,1993.0,9.1,8,1,0,0,,
31,300,22.7353716791106,DI,1993.0,9.1,7,1,0,0,,
31,300,145.809046803134,DI,1993.0,9.1,7,1,0,0,,
44,300,4.94245744568628,DI,1980.0,8.5,6,0,0,0,,
44,300,67.9969308413828,DI,1980.0,8.5,6,0,0,0,,
55,300,96.9655315360562,DI,1969.0,8.5,7,1,0,0,,
55,300,12.5774633757587,DI,1969.0,8.5,7,1,0,0,,
73,450,96.969722510373,CI,1951.0,7.75,7,1,2,1,-80.5082739977252,43.4405245182506
26,200,5.16253113182824,PVC,1998.0,9.35,6,5,0,0,,
26,200,5.93049025548804,PVC,1998.0,9.35,6,5,0,0,,
26,200,289.447457290037,PVC,1998.0,9.35,6,5,0,0,,
24,300,4.25501479246285,PVC,2000.0,9.35,7,1,0,0,,
24,300,120.983881528479,PVC,2000.0,9.35,7,1,0,0,,
24,300,4.11468215954103,PVC,2000.0,9.35,7,1,0,0,,
26,150,7.29103342864476,PVC,1998.0,9.35,6,1,0,0,,
16,200,80.0096728197837,PVC,2008.0,6.15,7,1,0,0,,
16,0,12.7430035090083,PVC,2008.0,9.35,7,1,0,0,,
16,200,64.5249317594141,PVC,2008.0,9.35,7,1,0,0,,
50,150,12.2648845931019,DI,1974.0,8.5,5,3,0,0,,
50,150,255.051842809699,DI,1974.0,8.5,5,3,0,0,,
50,150,14.1036138718623,DI,1974.0,8.5,5,3,0,0,,
23,150,6.71757887515536,PVC,2001.0,9.35,6,1,0,0,,
23,150,51.073864695693,PVC,2001.0,9.35,6,1,0,0,,
28,150,12.7637757771131,PVC,1996.0,9.35,6,1,0,0,,
28,150,61.1531202722752,PVC,1996.0,9.35,6,1,0,0,,
32,300,6.37770822360994,DI,1992.0,9.1,6,1,0,0,,
32,300,101.908355069275,DI,1992.0,9.1,7,1,0,0,,
48,150,12.5379925027919,DI,1976.0,8.5,6,3,0,0,,
48,150,250.414863559083,DI,1976.0,8.5,6,3,0,0,,
48,150,7.31482680553453,DI,1976.0,8.5,6,3,0,0,,
48,150,260.67152839532,DI,1976.0,8.5,6,3,0,0,,
50,150,159.964486023133,DI,1974.0,8.5,5,1,0,0,,
50,150,12.1921154974874,DI,1974.0,8.5,0,1,0,0,,
58,150,0.761653149035318,DI,1966.0,8.5,6,1,0,0,,
58,150,79.4313069704975,DI,1966.0,8.5,6,1,0,0,,
58,150,6.96325691599849,DI,1966.0,8.5,5,1,0,0,,
26,300,7.09339952958389,PVC,1998.0,9.35,6,5,0,0,,
26,300,70.6394346118263,PVC,1998.0,9.35,6,5,0,0,,
60,150,6.1295425651071,CI,1964.0,7.85,6,1,8,1,-80.4488149242388,43.4562370283945
60,150,364.787367309282,CI,1964.0,5.05,6,1,8,1,-80.4488149242388,43.4562370283945
31,150,7.53127582223092,DI,1993.0,9.1,6,1,0,0,,
31,150,82.6744570592544,DI,1993.0,9.1,7,1,0,0,,
72,150,169.253736718825,CI,1952.0,7.75,5,1,0,0,,
56,150,7.62001374262197,DI,1968.0,8.5,5,1,0,0,,
56,150,101.528029165964,DI,1968.0,8.5,7,1,0,0,,
52,200,2.92050981836028,DI,1972.0,8.5,6,5,1,1,-80.4097844652886,43.4291339212218
52,200,143.709364341201,DI,1972.0,8.5,6,5,1,1,-80.4097844652886,43.4291339212218
28,300,13.9333021102596,PVC,1996.0,9.35,7,0,0,0,,
28,300,20.4554256196238,PVC,1996.0,9.35,7,0,0,0,,
50,150,11.9606380085217,DI,1974.0,8.5,5,1,0,0,,
50,150,48.6941016329798,DI,1974.0,8.05,5,1,0,0,,
26,300,5.42343970578285,PVC,1998.0,9.35,6,2,0,0,,
26,300,48.0748996642671,PVC,1998.0,9.35,6,2,0,0,,
39,200,7.77679986889868,DI,1985.0,9.1,6,1,0,0,,
39,200,71.7916252132063,DI,1985.0,9.1,6,1,0,0,,
39,200,15.8674281881201,DI,1985.0,9.1,6,1,0,0,,
37,300,122.547041989445,DI,1987.0,9.1,6,1,0,0,,
37,300,29.6007110238937,DI,1987.0,9.1,7,3,0,0,,
46,150,241.443129982704,DI,1978.0,8.5,5,3,0,0,,
46,150,17.0041572398463,DI,1978.0,8.5,5,3,0,0,,
47,150,6.29296263466499,DI,1977.0,8.5,6,2,0,0,,
47,150,101.469481438208,DI,1977.0,8.5,6,2,0,0,,
22,150,152.60494707661,PVC,2002.0,9.35,5,4,0,0,,
22,150,101.02940764814,PVC,2002.0,9.35,0,5,0,0,,
22,150,65.7276902796596,PVC,2002.0,9.35,6,5,0,0,,
22,150,76.5170511383141,PVC,2002.0,9.35,6,5,0,0,,
60,150,17.5926304600161,CI,1964.0,7.85,6,1,0,0,,
60,150,246.972640402962,CI,1964.0,7.85,6,1,0,0,,
20,150,94.6655304074938,PVC,2004.0,9.35,5,1,0,0,,
14,300,5.73276593421177,PVC,2010.0,9.35,6,2,0,0,,
14,300,61.8329116487307,PVC,2010.0,9.35,6,2,0,0,,
14,300,7.37737944397677,PVC,2010.0,9.35,6,2,0,0,,
48,150,155.846281664596,DI,1976.0,8.5,5,2,0,0,,
48,150,0.600914770300825,DI,1976.0,8.5,5,2,0,0,,
48,100,69.5824278737377,DI,1976.0,8.5,7,3,8,1,-80.5085823522823,43.4171547577792
48,100,1.30083204252181,DI,1976.0,8.5,0,3,8,1,-80.5085823522823,43.4171547577792
71,150,7.6031267773373,CI,1953.0,7.75,6,1,1,1,-80.4545704326437,43.4311651497214
71,150,73.1988307605356,CI,1953.0,5.35,6,1,1,1,-80.4545704326437,43.4311651497214
14,300,10.9086882076879,PVC,2010.0,9.35,5,2,0,0,,
14,300,49.4770290718928,PVC,2010.0,9.35,6,2,0,0,,
18,300,6.96850451239026,PVC,2006.0,9.35,7,1,0,0,,
46,300,8.96379408873921,DI,1978.0,8.5,6,1,0,0,,
46,300,28.6887277723187,DI,1978.0,8.5,6,1,0,0,,
35,200,134.954847586639,DI,1989.0,9.1,6,0,0,0,,
35,200,92.6207234440344,DI,1989.0,9.1,6,0,0,0,,
24,200,11.2990627582051,PVC,2000.0,9.35,5,6,0,0,,
14,250,0.779139243276377,PVC,2010.0,9.35,7,7,0,0,,
52,150,8.03064116965216,DI,1972.0,4.58,5,3,7,1,-80.5310331837491,43.4407264504711
55,150,414.210967333024,DI,1969.0,6.1,5,3,7,1,-80.5310331837491,43.4407264504711
55,150,8.79563493681037,DI,1969.0,8.5,5,3,7,1,-80.5310331837491,43.4407264504711
56,200,27.7679637776978,DI,1968.0,8.5,6,1,0,0,,
56,200,7.20526080933102,DI,1968.0,8.5,6,1,0,0,,
56,200,77.9971325121031,DI,1968.0,8.5,6,1,0,0,,
16,300,135.434793012723,PVC,2008.0,9.35,7,1,0,0,,
52,150,166.47668800806,DI,1972.0,4.7,6,3,7,1,-80.5281332959942,43.4403572309806
52,150,12.3352997227154,DI,1972.0,8.5,5,3,7,1,-80.5281332959942,43.4403572309806
69,150,8.31349715186571,CI,1955.0,7.75,4,1,0,0,,
69,150,38.6116374267991,CI,1955.0,7.75,4,1,0,0,,
56,150,7.80752507767595,DI,1968.0,8.5,5,1,0,0,,
56,150,7.54846215676212,DI,1968.0,8.5,5,1,0,0,,
56,150,285.877223682898,DI,1968.0,8.5,5,1,0,0,,
56,150,162.205321534119,DI,1968.0,8.5,5,1,0,0,,
47,200,0.613750960666642,DI,1977.0,8.5,7,2,1,1,-80.4281345996526,43.3886988677299
47,200,139.897741379699,DI,1977.0,8.5,7,2,1,1,-80.4281345996526,43.3886988677299
47,200,117.352821824207,DI,1977.0,6.9,7,2,0,0,,
47,200,7.91765737006945,DI,1977.0,8.5,7,2,0,0,,
69,150,239.295194777996,CI,1955.0,7.75,5,1,0,0,,
33,300,2.06940614194912,DI,1991.0,9.1,7,1,0,0,,
37,150,1.66464006995583,DI,1987.0,9.1,6,1,1,1,-80.4716057032319,43.4119412138597
37,150,129.647609709218,DI,1987.0,7.5,6,1,1,1,-80.4716057032319,43.4119412138597
37,150,103.549624772782,DI,1987.0,9.1,6,1,1,1,-80.4716057032319,43.4119412138597
23,300,3.51587217609956,PVC,2001.0,9.35,7,1,0,0,,
23,300,5.56425445450182,PVC,2001.0,9.35,7,1,0,0,,
35,300,97.1271371159686,DI,1989.0,9.1,6,1,0,0,,
71,150,83.6921092873077,CI,1953.0,7.75,6,1,0,0,,
71,150,6.70573620688559,CI,1953.0,7.75,5,1,0,0,,
54,150,8.3738609349679,DI,1970.0,8.5,7,1,0,0,,
54,150,145.474284402268,DI,1970.0,8.5,6,1,0,0,,
54,150,163.868122228464,DI,1970.0,8.5,6,1,0,0,,
54,150,7.62037957698891,DI,1970.0,8.5,6,1,0,0,,
55,150,13.0015083748718,DI,1969.0,8.5,6,1,0,0,,
55,150,6.0173395441837,DI,1969.0,8.5,6,1,0,0,,
55,150,211.168976216186,DI,1969.0,8.5,7,1,0,0,,
55,150,114.78101506946,DI,1969.0,8.5,6,1,0,0,,
55,150,76.5445976734049,DI,1969.0,8.5,8,1,0,0,,
60,150,75.566907902636,CI,1964.0,7.85,6,1,0,0,,
60,150,6.69992339057305,CI,1964.0,7.85,7,1,0,0,,
67,150,8.02614632326578,CI,1957.0,7.75,5,1,5,1,-80.4618431407634,43.4343503278559
67,150,166.185767695554,CI,1957.0,5.35,5,1,5,1,-80.4618431407634,43.4343503278559
67,150,5.24942969410491,CI,1957.0,7.75,5,1,5,1,-80.4618431407634,43.4343503278559
67,150,238.44851624141,CI,1957.0,5.35,5,1,5,1,-80.4618431407634,43.4343503278559
18,200,84.1953731045736,PVC,2006.0,9.35,6,0,0,0,,
65,200,83.0357341792334,CI,1959.0,5.35,6,1,1,1,-80.5086825646119,43.4275328240099
24,150,11.0929622517361,PVC,2000.0,9.35,6,0,0,0,,
23,150,151.160323365251,PVC,2001.0,9.35,6,0,0,0,,
24,150,84.9587481210991,PVC,2000.0,9.35,6,0,0,0,,
24,150,66.9071064569579,PVC,2000.0,9.35,6,0,0,0,,
23,150,85.9502033426063,PVC,2001.0,9.35,6,0,0,0,,
23,150,79.2948305869524,PVC,2001.0,9.35,6,0,0,0,,
23,150,7.08476788625456,PVC,2001.0,9.35,6,0,0,0,,
37,450,25.4050275034307,DI,1987.0,9.1,6,1,0,0,,
37,450,2.22317763623049,DI,1987.0,9.1,0,1,0,0,,
37,450,110.941087595128,DI,1987.0,9.1,7,1,2,1,-80.4984565964747,43.4495794011375
29,150,98.5697924089254,PVC,1995.0,9.35,5,1,0,0,,
55,300,50.5407630741433,DI,1969.0,8.5,6,1,1,1,-80.459706901078,43.4244371667158
15,300,180.543348764442,PVC,2009.0,9.35,7,1,0,0,,
46,150,210.950621109772,DI,1978.0,8.5,6,0,0,0,,
46,150,7.40837752808951,DI,1978.0,8.5,6,0,0,0,,
55,300,3.91824591382159,DI,1969.0,8.5,0,1,1,1,-80.532119879883,43.4447672637191
55,300,3.9183759014253,DI,1969.0,8.5,5,3,1,1,-80.532119879883,43.4447672637191
55,150,14.935317785508,DI,1969.0,8.5,5,3,1,1,-80.535699188267,43.4430591205026
55,150,151.389873870763,DI,1969.0,7.3,5,3,1,1,-80.535699188267,43.4430591205026
33,200,79.9501037939074,DI,1991.0,9.1,6,1,0,0,,
33,200,9.65381324054397,DI,1991.0,9.1,6,1,0,0,,
15,300,51.5565464061023,PVC,2009.0,9.35,7,1,0,0,,
52,150,13.0844447704059,CI,1972.0,7.75,5,1,0,0,,
52,150,189.357270755489,CI,1972.0,7.75,5,1,0,0,,
18,300,241.274275468542,PVC,2006.0,9.35,6,3,0,0,,
18,300,5.57719384473626,PVC,2006.0,9.35,6,3,0,0,,
43,150,111.370707461939,DI,1981.0,8.5,5,2,0,0,,
43,150,12.3108850864068,DI,1981.0,8.5,5,2,0,0,,
38,200,44.4091591039601,DI,1986.0,9.1,6,1,0,0,,
38,200,17.0433398498064,DI,1986.0,9.1,6,1,0,0,,
26,200,0.599994280464855,PVC,1998.0,9.35,0,5,0,0,,
26,200,0.900123553486076,PVC,1998.0,9.35,0,4,0,0,,
26,200,6.74314912564912,PVC,1998.0,9.35,0,4,0,0,,
65,300,185.598232705121,CI,1959.0,7.75,7,1,0,0,,
65,300,3.60233186426159,CI,1959.0,7.75,8,1,0,0,,
63,150,7.81083999662878,CI,1961.0,3.83,6,1,7,1,-80.4572424079979,43.4601401467237
63,150,170.03311484553,CI,1961.0,4.55,7,1,7,1,-80.4572424079979,43.4601401467237
63,150,14.8304726973257,CI,1961.0,7.75,5,1,7,1,-80.4572424079979,43.4601401467237
32,150,9.60650929668194,DI,1992.0,9.1,6,1,0,0,,
32,150,1.7232388956059,DI,1992.0,9.1,0,1,0,0,,
46,150,7.22239970048118,DI,1978.0,8.5,6,3,0,0,,
46,150,12.4899154522548,DI,1978.0,8.5,6,3,0,0,,
46,150,304.166698529259,DI,1978.0,8.5,6,3,0,0,,
50,150,3.69439472751109,DI,1974.0,8.5,0,2,1,1,-80.4383270319617,43.3988032916585
50,150,17.5196261391507,DI,1974.0,8.5,6,2,1,1,-80.4383270319617,43.3988032916585
50,150,120.023673450266,DI,1974.0,6.45,6,2,1,1,-80.4383270319617,43.3988032916585
50,150,13.3205263679755,DI,1974.0,8.5,5,1,0,0,,
50,150,250.333855133423,DI,1974.0,8.5,5,1,0,0,,
50,150,7.61972653552011,DI,1974.0,8.5,5,1,0,0,,
25,200,0.591560511930834,PVC,1999.0,9.35,0,1,0,0,,
25,200,245.683443264604,PVC,1999.0,9.35,7,1,0,0,,
9,200,16.7694089153726,PVC,2015.0,9.35,0,2,0,0,,
9,300,6.37819653635978,PVC,2015.0,9.35,0,2,0,0,,
46,150,12.2397854975366,DI,1978.0,8.5,6,1,0,0,,
46,150,12.2499178681536,DI,1978.0,8.5,6,1,0,0,,
46,150,226.825845553068,DI,1978.0,8.5,6,1,0,0,,
46,150,168.942222700818,DI,1978.0,8.5,6,1,0,0,,
59,450,21.0217630231609,CI,1965.0,7.85,7,3,0,0,,
70,150,161.811134302808,CI,1954.0,7.75,5,1,0,0,,
70,150,7.61974817461618,CI,1954.0,7.75,5,1,0,0,,
32,150,12.5181074449917,DI,1992.0,9.1,5,7,0,0,,
35,150,33.7916176607556,DI,1989.0,9.1,5,7,0,0,,
18,150,10.8716893120139,PVC,2006.0,9.35,5,7,0,0,,
68,150,64.7154361044389,CI,1956.0,5.35,5,1,4,1,-80.5062436982316,43.4362915221534
68,150,1.82875714691865,CI,1956.0,7.75,5,1,4,1,-80.5062436982316,43.4362915221534
68,150,289.429009360319,CI,1956.0,4.3,5,1,4,1,-80.5062436982316,43.4362915221534
9,150,6.22727083795417,PVC,2015.0,9.35,0,2,0,0,,
9,150,30.0713451568435,PVC,2015.0,9.35,0,2,0,0,,
14,300,11.9847672813901,PVC,2010.0,9.35,6,0,0,0,,
42,300,0.708987285960439,DI,1982.0,9.1,0,1,0,0,,
42,300,0.67247912129197,DI,1982.0,9.1,0,1,0,0,,
42,300,148.369835004814,DI,1982.0,9.1,6,1,0,0,,
42,300,3.31313786684099,DI,1982.0,9.1,7,1,0,0,,
55,250,433.98750631415,DI,1969.0,6.9,0,1,7,1,-80.5141754022213,43.4473512448228
46,300,77.4890860374186,DI,1978.0,8.5,6,1,0,0,,
26,300,220.745861076677,PVC,1998.0,9.35,6,4,0,0,,
75,150,70.3432740145808,CI,1949.0,7.75,6,1,0,0,,
75,150,0.976061063187941,CI,1949.0,7.75,0,1,0,0,,
19,150,7.93709715462971,PVC,2005.0,9.35,5,2,0,0,,
19,150,7.34639498631394,PVC,2005.0,9.35,5,2,0,0,,
61,150,82.7916954842424,CI,1963.0,7.85,6,1,0,0,,
61,150,12.7735923654958,CI,1963.0,7.85,5,1,0,0,,
60,150,130.741676567669,CI,1964.0,5.45,5,1,2,1,-80.4580206780539,43.4538538933885
60,150,14.3707764861728,CI,1964.0,7.85,5,1,0,0,,
48,150,32.4105065048263,PVC,1976.0,9.35,6,1,0,0,,
48,150,82.8777963933057,PVC,1976.0,9.35,6,1,0,0,,
46,300,5.8167309031619,DI,1978.0,8.5,6,3,0,0,,
46,300,261.047400734949,DI,1978.0,8.5,7,3,0,0,,
36,150,43.3094615629554,DI,1988.0,5.9,5,1,1,1,-80.4273498607542,43.4376453578054
47,200,7.99514837891048,DI,1977.0,8.5,6,2,0,0,,
47,200,6.60057209198995,DI,1977.0,8.5,6,2,0,0,,
47,200,187.863763437492,DI,1977.0,8.5,6,2,0,0,,
44,200,7.61996084037613,DI,1980.0,8.5,6,2,2,1,-80.4093954503426,43.3933512450511
44,200,81.0072041574834,DI,1980.0,8.5,6,2,2,1,-80.4093954503426,43.3933512450511
44,200,10.8396649567759,DI,1980.0,8.5,6,2,2,1,-80.4093954503426,43.3933512450511
70,150,16.5523009177846,CI,1954.0,3.95,5,1,7,1,-80.5283658132788,43.4508692500301
70,150,122.356315935997,CI,1954.0,3.5,5,1,7,1,-80.5283658132788,43.4508692500301
55,150,1.83903283207913,DI,1969.0,8.5,6,3,0,0,,
55,150,14.8190127619073,DI,1969.0,4.7,6,3,0,0,,
55,150,232.89204833589,DI,1969.0,8.5,6,3,0,0,,
37,600,2.84455702540563,CPP,1987.0,9.35,0,5,0,0,,
37,300,19.611562295815,CPP,1987.0,9.35,6,5,0,0,,
39,150,13.1321476564954,DI,1985.0,9.1,6,0,0,0,,
38,150,13.462057620251,DI,1986.0,9.1,6,0,0,0,,
38,150,497.217990104104,DI,1986.0,9.1,6,0,0,0,,
50,150,7.74696894577622,DI,1974.0,8.5,6,2,0,0,,
50,150,32.4701943766725,DI,1974.0,8.5,6,2,0,0,,
31,300,64.5119665592998,DI,1993.0,9.1,6,1,0,0,,
31,300,5.12929717079548,DI,1993.0,9.1,6,1,0,0,,
14,150,6.1728853913101,PVC,2010.0,9.35,5,1,0,0,,
14,150,20.6945781456051,PVC,2010.0,9.35,5,1,0,0,,
40,200,4.5268046491282,DI,1984.0,9.1,7,1,0,0,,
40,200,1.21574220983093,DI,1984.0,9.1,7,1,0,0,,
36,150,82.3529574295748,CI,1988.0,5.05,5,1,3,1,-80.511854988696,43.4291381316681
36,150,8.36637691951245,DI,1988.0,9.1,5,1,3,1,-80.511854988696,43.4291381316681
38,150,2.71338926493389,DI,1986.0,9.1,0,1,0,0,,
38,150,73.6435678341347,DI,1986.0,9.1,6,1,0,0,,
38,200,8.91606683174496,DI,1986.0,9.1,5,5,0,0,,
38,200,5.30851164045808,DI,1986.0,9.1,5,5,0,0,,
38,200,190.417949677032,DI,1986.0,9.1,5,5,0,0,,
135,250,1.59145769942923,CI,1889.0,7.75,7,1,0,0,,
135,250,6.41376797592893,CI,1889.0,7.75,7,1,0,0,,
14,150,1.50876622996859,PVC,2010.0,9.35,6,1,0,0,,
14,150,66.663116380928,PVC,2010.0,9.35,6,1,0,0,,
37,300,7.60662667939396,CPP,1987.0,9.35,0,5,0,0,,
37,300,14.7909032036972,CPP,1987.0,9.35,6,5,0,0,,
27,200,4.75181549019458,PVC,1997.0,9.35,6,1,0,0,,
27,200,12.7632822042348,PVC,1997.0,9.35,6,1,0,0,,
27,200,138.61132165498,PVC,1997.0,9.35,6,1,0,0,,
27,200,131.856536264787,PVC,1997.0,9.35,6,1,0,0,,
20,200,5.2724787726604,PVC,2004.0,9.35,6,1,0,0,,
20,200,7.5397495090757,PVC,2004.0,9.35,6,1,0,0,,
20,200,68.8883265470811,PVC,2004.0,9.35,6,1,0,0,,
63,200,1.52133735796804,CI,1961.0,7.75,0,2,0,0,,
63,200,50.3533691415513,CI,1961.0,7.75,6,2,0,0,,
63,200,27.1334523719867,CI,1961.0,7.75,6,2,0,0,,
33,300,11.3149262588545,PVC,1991.0,9.35,6,1,0,0,,
33,300,78.4406076241087,PVC,1991.0,9.35,7,1,0,0,,
15,150,106.72770547102,PVC,2009.0,9.35,5,1,0,0,,
15,150,9.97990828472572,PVC,2009.0,9.35,6,1,0,0,,
37,150,7.01008463188045,DI,1987.0,9.1,5,1,0,0,,
37,150,128.287990084147,DI,1987.0,9.1,5,1,0,0,,
37,150,6.62289019619037,DI,1987.0,9.1,5,1,1,1,-80.4282985139048,43.4367107490708
66,150,1.5507452560663,CI,1958.0,7.75,6,1,0,0,,
57,150,12.8014194030801,CI,1967.0,7.85,5,1,7,1,-80.4384452835262,43.4485574748735
57,150,253.436925163724,CI,1967.0,4.0,5,1,7,1,-80.4384452835262,43.4485574748735
57,150,316.991959394267,CI,1967.0,5.45,5,1,7,1,-80.4384452835262,43.4485574748735
57,150,12.5581517673052,CI,1967.0,7.85,5,1,7,1,-80.4384452835262,43.4485574748735
76,150,7.54111020936569,CI,1948.0,7.75,6,1,0,0,,
68,150,19.9743676310228,CI,1956.0,7.75,6,1,7,1,-80.5046762422765,43.4322921577173
68,150,462.9910050047,CI,1956.0,5.35,6,1,7,1,-80.5046762422765,43.4322921577173
27,150,26.6293895589905,PVC,1997.0,9.35,6,1,0,0,,
59,300,39.1845002354667,DI,1965.0,8.5,6,1,0,0,,
59,300,16.7461149649388,DI,1965.0,8.5,7,1,0,0,,
20,150,14.1279610319053,PVC,2004.0,9.35,6,1,0,0,,
20,150,175.256035044047,PVC,2004.0,9.35,6,1,0,0,,
51,150,10.2059122986122,DI,1973.0,8.5,5,1,0,0,,
51,150,9.88023209875423,DI,1973.0,8.5,5,1,0,0,,
51,150,187.540158411144,DI,1973.0,8.5,5,1,0,0,,
51,150,134.713723025202,DI,1973.0,8.05,5,1,0,0,,
53,200,7.02140329023164,DI,1971.0,8.5,6,2,0,0,,
53,200,104.989487791536,DI,1971.0,8.5,6,2,0,0,,
52,150,12.5042650509271,DI,1972.0,8.5,6,3,3,1,-80.5285664902563,43.424296836644
52,150,247.333890121534,DI,1972.0,6.9,6,3,3,1,-80.5285664902563,43.424296836644
52,150,188.784986710303,DI,1972.0,8.5,6,3,3,1,-80.5285664902563,43.424296836644
52,150,81.2378790483092,DI,1972.0,6.1,6,3,3,1,-80.5285664902563,43.424296836644
52,150,13.6111491305666,DI,1972.0,8.5,6,3,3,1,-80.5285664902563,43.424296836644
18,300,6.0875266787379,PVC,2006.0,9.35,7,1,0,0,,
18,300,98.707936210811,PVC,2006.0,9.35,7,1,0,0,,
18,300,6.84516705756578,PVC,2006.0,9.35,6,1,0,0,,
36,300,128.779783471843,DI,1988.0,9.1,7,1,0,0,,
50,150,3.65779319355716,DI,1974.0,8.5,5,1,0,0,,
50,150,103.691520326926,DI,1974.0,8.5,5,1,0,0,,
22,300,41.3250562243629,HDPE,2002.0,6.8,7,0,1,1,-80.5567056631554,43.4219053222802
38,300,11.72629228784,DI,1986.0,9.1,7,1,0,0,,
38,300,46.9744648907771,DI,1986.0,9.1,7,1,0,0,,
68,150,53.203833188656,CI,1956.0,4.95,5,1,7,1,-80.5270546735077,43.4500019605405
55,150,2.57896140377446,DI,1969.0,8.5,0,1,0,0,,
55,150,19.411262842245,DI,1969.0,8.5,6,1,0,0,,
55,150,32.7424035790747,DI,1969.0,8.5,6,1,0,0,,
77,150,2.20722957760741,CI,1947.0,7.75,5,1,4,1,-80.4621604785223,43.4448864167595
77,150,125.788351803445,CI,1947.0,7.75,5,1,0,0,,
46,300,41.2202662124388,DI,1978.0,8.5,7,3,0,0,,
29,150,1.03616222680563,DI,1995.0,9.1,0,1,1,1,-80.4902409290116,43.4536683775822
29,150,77.9382725966477,DI,1995.0,9.1,6,1,1,1,-80.4902409290116,43.4536683775822
39,150,1.2037837689337,DI,1985.0,9.1,0,1,0,0,,
39,150,156.976238492516,DI,1985.0,9.1,5,1,0,0,,
39,150,13.2016755903332,DI,1985.0,9.1,5,1,0,0,,
71,150,12.5098779916348,CI,1953.0,7.75,6,1,0,0,,
71,150,97.8233723955883,CI,1953.0,7.75,5,1,0,0,,
23,150,10.8951578795281,PVC,2001.0,9.35,6,1,0,0,,
23,150,79.2287135024584,PVC,2001.0,9.35,7,1,0,0,,
23,150,9.88247375004311,PVC,2001.0,9.35,7,1,0,0,,
14,300,1.03593953553879,PVC,2010.0,9.35,7,7,0,0,,
19,300,87.7380065880157,PVC,2005.0,9.35,6,2,0,0,,
19,300,6.57058763299299,PVC,2005.0,9.35,6,2,0,0,,
16,300,159.49864721829,PVC,2008.0,9.35,7,1,0,0,,
55,450,301.085041085653,AC,1969.0,8.7,8,1,0,0,,
58,200,167.302510531531,DI,1966.0,6.5,6,1,2,1,-80.5191171560233,43.429928564817
75,300,241.838897988117,CI,1949.0,6.15,7,1,2,1,-80.4688989145601,43.446852806817
75,300,113.069819409993,CI,1949.0,7.75,7,1,0,0,,
78,150,1.69789408347095,CI,1946.0,7.75,0,1,1,1,-80.4869932749298,43.4727581492157
78,150,90.8464538572845,CI,1946.0,7.75,6,1,0,0,,
23,150,1.69984244002963,PVC,2001.0,9.35,6,1,0,0,,
23,150,8.52169457257244,PVC,2001.0,9.35,6,1,0,0,,
38,300,7.72273125788152,DI,1986.0,9.1,7,1,0,0,,
38,300,167.365964621864,DI,1986.0,9.1,7,1,0,0,,
38,300,12.5528425562967,DI,1986.0,9.1,7,1,0,0,,
50,150,114.570484388744,DI,1974.0,8.5,5,1,0,0,,
50,150,7.86256101872708,DI,1974.0,8.5,5,1,0,0,,
42,300,2.58492955899609,DI,1982.0,9.1,7,1,0,0,,
42,300,74.2595365418339,DI,1982.0,9.1,7,1,0,0,,
27,150,62.0160665246623,PVC,1997.0,9.35,5,1,0,0,,
57,200,4.56806742535623,DI,1967.0,8.5,6,1,7,1,-80.5194806886154,43.4324128022156
18,150,2.33485410279502,PVC,2006.0,9.35,7,0,0,0,,
18,150,37.2108451470357,PVC,2006.0,9.35,6,0,0,0,,
36,150,41.047060188583,DI,1988.0,9.1,6,1,0,0,,
36,150,4.41339811008894,DI,1988.0,9.1,6,1,0,0,,
74,150,131.325500833268,CI,1950.0,6.15,6,1,1,1,-80.4875172034965,43.471302324448
61,150,92.0945974475922,CI,1963.0,5.85,6,1,1,1,-80.5190256862205,43.4427020410278
32,150,121.386305609604,DI,1992.0,9.1,5,7,0,0,,
13,200,80.9511962846936,PVC,2011.0,9.35,6,1,0,0,,
13,200,1.84172076584717,PVC,2011.0,9.35,0,1,0,0,,
13,200,2.21153544954032,PVC,2011.0,9.35,6,1,0,0,,
38,200,7.61075190618971,DI,1986.0,9.1,5,2,0,0,,
38,150,5.68214657994994,DI,1986.0,9.1,6,2,0,0,,
38,150,77.3180653484653,DI,1986.0,9.1,6,2,0,0,,
25,300,0.219795177063781,PVC,1999.0,9.35,7,1,0,0,,
25,300,45.8771298612059,PVC,1999.0,9.35,7,1,0,0,,
40,200,0.464742174486562,DI,1984.0,9.1,7,1,0,0,,
40,200,9.00911912041023,DI,1984.0,9.1,7,1,0,0,,
50,300,187.861725313339,DI,1974.0,8.5,7,1,0,0,,
50,300,7.61996343307046,DI,1974.0,8.5,7,1,0,0,,
13,300,8.06394694341347,PVC,2011.0,9.35,7,1,0,0,,
42,200,11.9764271205084,DI,1982.0,9.1,7,2,0,0,,
42,200,140.917627635648,DI,1982.0,9.1,7,2,0,0,,
42,200,11.3301710028902,DI,1982.0,9.1,6,2,0,0,,
37,300,20.3449068421047,DI,1987.0,9.1,7,1,0,0,,
37,300,151.549208860679,DI,1987.0,9.1,7,1,0,0,,
37,300,49.7073264485911,DI,1987.0,9.1,7,1,0,0,,
37,300,158.151982493331,DI,1987.0,9.1,7,1,0,0,,
37,300,25.3559774236053,DI,1987.0,9.1,7,1,0,0,,
37,300,153.515300656889,DI,1987.0,9.1,7,1,0,0,,
37,300,158.138048722215,DI,1987.0,9.1,6,1,0,0,,
37,300,125.947841195566,DI,1987.0,9.1,7,1,0,0,,
37,300,149.052595676413,DI,1987.0,9.1,7,1,0,0,,
37,300,132.718675874805,DI,1987.0,9.1,7,1,0,0,,
56,150,1.82010988802592,DI,1968.0,8.5,6,3,0,0,,
56,150,20.5662065224601,DI,1968.0,8.5,6,3,0,0,,
46,200,81.1088877527044,DI,1978.0,8.5,7,0,0,0,,
46,200,12.9574927949901,DI,1978.0,8.5,6,0,0,0,,
73,150,236.493770905271,CI,1951.0,7.35,5,1,1,1,-80.4939567347753,43.4640945578068
38,200,15.1744555695249,DI,1986.0,9.1,6,1,0,0,,
38,200,36.467503723692,DI,1986.0,9.1,5,1,0,0,,
38,200,134.763728172407,DI,1986.0,9.1,6,1,0,0,,
44,300,165.840477189776,DI,1980.0,8.5,6,7,0,0,,
20,200,74.6881447012588,PVC,2004.0,9.35,6,1,0,0,,
20,200,8.39511840055152,PVC,2004.0,9.35,6,1,0,0,,
51,300,24.0519422086176,DI,1973.0,8.5,7,3,0,0,,
38,300,3.3527805099687,DI,1986.0,8.5,7,3,2,1,-80.5307715059321,43.419278738818
51,300,260.433581793362,DI,1973.0,6.9,7,3,2,1,-80.5307715059321,43.419278738818
78,150,180.728650663382,CI,1946.0,7.75,6,1,0,0,,
51,150,6.96379706155264,DI,1973.0,8.5,5,3,1,1,-80.5340508658973,43.4229011132792
51,150,62.6626183174042,DI,1973.0,8.5,5,3,1,1,-80.5340508658973,43.4229011132792
55,150,84.4297092143455,DI,1969.0,8.5,5,1,1,1,-80.4480252544084,43.4606312932837
55,150,7.62007475041631,DI,1969.0,8.5,5,1,1,1,-80.4480252544084,43.4606312932837
19,300,92.3915822805305,PVC,2005.0,9.35,7,3,0,0,,
48,300,12.8661021692992,DI,1976.0,8.5,6,1,0,0,,
48,300,119.22854442803,DI,1976.0,8.5,6,1,0,0,,
48,300,127.749197526317,DI,1976.0,8.5,6,1,0,0,,
48,150,147.817877515757,PVC,1976.0,9.35,6,1,0,0,,
48,150,13.809578403909,PVC,1976.0,9.35,6,1,0,0,,
20,150,11.149303407988,PVC,2004.0,9.35,6,2,0,0,,
20,150,134.917403009315,PVC,2004.0,9.35,6,2,0,0,,
20,150,13.0905819460125,PVC,2004.0,9.35,6,2,0,0,,
20,150,120.277842938707,PVC,2004.0,9.35,6,2,0,0,,
56,150,12.4970032948475,PVC,1968.0,9.05,5,3,9,1,-80.530740191598,43.4400214230053
54,150,6.18537405486796,PVC,1970.0,9.05,5,3,9,1,-80.530740191598,43.4400214230053
54,150,231.952209483031,PVC,1970.0,5.25,5,3,9,1,-80.530740191598,43.4400214230053
61,150,8.15022836388929,CI,1963.0,3.93,5,1,3,1,-80.5185493873353,43.4422724468255
61,150,1.57223473848019,CI,1963.0,7.85,6,1,0,0,,
61,150,215.479231240022,CI,1963.0,7.85,6,1,3,1,-80.5185493873353,43.4422724468255
61,150,218.077431655285,CI,1963.0,6.25,6,1,3,1,-80.5185493873353,43.4422724468255
13,300,17.400924779844,PVC,2011.0,9.35,0,1,0,0,,
13,300,58.9355578270013,PVC,2011.0,9.35,7,1,0,0,,
55,300,15.097197842778,DI,1969.0,8.5,6,3,9,1,-80.535163919041,43.4424467508737
53,300,265.106160600547,DI,1971.0,4.45,6,3,9,1,-80.535163919041,43.4424467508737
37,300,120.93326164033,DI,1987.0,9.1,6,1,0,0,,
29,300,8.16650299992083,PVC,1995.0,9.35,7,3,0,0,,
29,300,152.097737781891,PVC,1995.0,9.35,7,3,0,0,,
29,300,12.969754971076,PVC,1995.0,9.35,0,1,0,0,,
67,200,100.142164523429,CI,1957.0,2.7,7,1,7,1,-80.4718048430121,43.4689796415678
17,300,12.2905646607072,PVC,2007.0,9.35,6,0,0,0,,
17,300,43.8499306578759,PVC,2007.0,9.35,6,0,0,0,,
17,300,5.67542499511978,PVC,2007.0,9.35,6,0,0,0,,
16,150,11.6065830728112,PVC,2008.0,9.35,7,1,1,1,-80.5047476397961,43.4406885332929
59,300,68.1412749119927,DI,1965.0,8.5,7,1,0,0,,
48,300,5.11382246212492,DI,1976.0,8.5,8,1,0,0,,
48,300,47.237587845798,DI,1976.0,8.5,7,1,0,0,,
48,300,6.10651294932142,DI,1976.0,8.5,7,1,0,0,,
48,300,54.7463751307482,DI,1976.0,8.5,8,1,0,0,,
27,600,161.129175852291,CPP,1997.0,9.35,7,3,0,0,,
52,150,12.1140580682154,DI,1972.0,8.5,5,1,0,0,,
52,150,160.790120548204,DI,1972.0,8.5,5,1,0,0,,
52,150,172.013336408086,DI,1972.0,8.5,6,1,0,0,,
71,200,151.582203435575,CI,1953.0,4.9,6,1,2,1,-80.4561816013782,43.4250383697794
46,450,8.66616063478934,DI,1978.0,8.5,7,1,0,0,,
46,450,253.25689140286,DI,1978.0,8.5,7,1,0,0,,
25,150,32.9872575211797,DI,1999.0,9.1,4,1,0,0,,
43,300,80.2516673902488,DI,1981.0,8.5,7,1,0,0,,
50,300,10.6396702886172,DI,1974.0,8.5,6,2,0,0,,
50,300,102.983535618404,DI,1974.0,8.5,6,2,0,0,,
47,150,7.3310258054026,DI,1977.0,8.5,5,3,2,1,-80.4974141366771,43.4123149861773
47,150,174.238757299888,DI,1977.0,6.5,5,3,2,1,-80.4974141366771,43.4123149861773
24,300,10.6181007716217,PVC,2000.0,9.35,6,1,0,0,,
24,300,7.25515145461288,PVC,2000.0,9.35,6,1,0,0,,
97,300,13.1554588465607,CI,1927.0,7.75,7,1,0,0,,
53,300,12.3551388559193,DI,1971.0,8.5,7,2,0,0,,
53,300,165.678447569887,DI,1971.0,8.5,7,2,0,0,,
53,300,149.466972125397,DI,1971.0,8.5,7,2,0,0,,
53,300,46.73583954116,DI,1971.0,8.5,7,2,0,0,,
59,150,1.46763931146679,CI,1965.0,7.85,6,1,1,1,-80.4482407151608,43.4580607476461
59,150,93.7156087288975,CI,1965.0,5.85,6,1,1,1,-80.4478447662772,43.4581961058512
33,150,154.352025700483,PVC,1991.0,9.35,5,1,0,0,,
72,150,89.0964215145732,CI,1952.0,5.75,6,1,1,1,-80.5069736332816,43.4389117159302
72,150,6.40041181055871,CI,1952.0,7.75,6,1,1,1,-80.5069736332816,43.4389117159302
23,300,4.78039262069894,PVC,2001.0,9.35,7,1,0,0,,
23,300,227.291972024594,PVC,2001.0,9.35,7,1,0,0,,
25,150,12.0376046885167,PVC,1999.0,9.35,5,3,0,0,,
25,150,126.760204006777,PVC,1999.0,9.35,5,3,0,0,,
53,150,5.55962577368724,DI,1971.0,8.5,7,1,2,1,-80.4419504733943,43.4087284036999
53,150,99.8725921676203,DI,1971.0,6.5,7,1,2,1,-80.4419504733943,43.4087284036999
59,150,14.3718219131449,CI,1965.0,7.85,5,1,0,0,,
59,150,5.4768122109904,CI,1965.0,7.85,4,1,0,0,,
59,150,255.457271937207,CI,1965.0,7.85,6,1,0,0,,
22,300,15.6478881553297,PVC,2002.0,9.35,7,1,0,0,,
61,150,200.041603570358,CI,1963.0,7.85,6,1,0,0,,
61,150,12.8377151405021,CI,1963.0,7.85,6,1,0,0,,
39,150,40.3715748573068,DI,1985.0,9.1,6,1,0,0,,
39,150,116.209676158408,DI,1985.0,9.1,6,1,0,0,,
72,150,8.11152734296373,CI,1952.0,7.75,7,1,0,0,,
58,150,84.7936477611351,CI,1966.0,4.65,6,1,2,1,-80.4387898465332,43.4492001957517
58,150,13.1060751899598,CI,1966.0,7.85,6,1,2,1,-80.4387898465332,43.4492001957517
14,300,12.8452466640845,PVC,2010.0,5.43,7,1,0,0,,
22,200,14.9962615553511,PVC,2002.0,9.35,6,3,0,0,,
22,200,100.864923829323,PVC,2002.0,9.35,6,3,0,0,,
22,200,62.5006796838794,PVC,2002.0,9.35,6,3,0,0,,
60,150,40.97667594165,CI,1964.0,7.85,5,1,8,1,-80.4488149242388,43.4562370283945
60,150,12.6748761391825,CI,1964.0,7.85,6,1,8,1,-80.4488149242388,43.4562370283945
54,600,3.51350994872485,DI,1970.0,8.5,7,1,0,0,,
24,300,12.9162314825222,PVC,2000.0,9.35,7,3,0,0,,
24,300,7.77909112350416,PVC,2000.0,9.35,6,3,2,1,-80.5117999248615,43.4054915647098
24,300,244.457495821045,PVC,2000.0,8.95,7,3,2,1,-80.5117999248615,43.4054915647098
46,150,4.39540432033152,DI,1978.0,8.5,6,0,0,0,,
46,150,55.7360198183289,DI,1978.0,5.7,6,0,0,0,,
26,200,10.6001388211002,PVC,1998.0,9.35,6,0,0,0,,
26,200,74.2634022260801,PVC,1998.0,9.35,6,0,0,0,,
71,150,5.99154141879134,CI,1953.0,7.75,6,1,0,0,,
46,200,6.36010646546523,DI,1978.0,8.5,6,1,0,0,,
46,200,2.82887355697818,DI,1978.0,8.5,0,1,0,0,,
46,200,16.3406245833727,DI,1978.0,8.5,6,1,0,0,,
46,200,212.607382763892,DI,1978.0,8.5,6,1,0,0,,
46,200,5.16886094686301,DI,1978.0,8.5,0,1,0,0,,
46,200,258.875970037817,DI,1978.0,8.5,6,1,0,0,,
50,150,10.9289976617848,DI,1974.0,8.5,5,1,0,0,,
50,150,7.62011302787433,DI,1974.0,8.5,5,1,0,0,,
50,150,249.713288160395,DI,1974.0,8.5,5,1,0,0,,
50,300,14.5286906894377,DI,1974.0,8.5,6,3,0,0,,
50,300,123.983988748453,DI,1974.0,8.5,6,3,0,0,,
21,300,32.5475581001187,PVC,2003.0,9.35,7,3,0,0,,
21,300,107.037252675058,PVC,2003.0,9.35,7,3,0,0,,
21,300,82.9029280178501,PVC,2003.0,9.35,7,3,0,0,,
21,300,1.24583421720763,PVC,2003.0,9.35,7,3,0,0,,
9,300,3.03676647288916,PVC,2015.0,9.35,0,2,0,0,,
9,200,5.44334878717804,PVC,2015.0,9.35,0,2,0,0,,
9,200,1.12897519889012,PVC,2015.0,9.35,0,2,0,0,,
9,300,10.676546175491,PVC,2015.0,9.35,0,2,0,0,,
9,200,5.83496084433061,PVC,2015.0,9.35,0,2,0,0,,
9,200,19.3526772589397,PVC,2015.0,9.35,0,2,0,0,,
9,150,14.3838032426383,PVC,2015.0,9.35,0,2,0,0,,
53,300,144.416884390705,DI,1971.0,8.5,6,1,0,0,,
53,300,13.7100373454999,DI,1971.0,8.5,6,1,0,0,,
51,150,72.1266206909148,CI,1973.0,7.75,6,1,0,0,,
51,150,7.53504749938705,CI,1973.0,7.75,6,1,0,0,,
44,300,83.8535170865858,DI,1980.0,8.5,6,7,4,1,-80.4663254290817,43.4803249205826
56,300,249.553596646148,DI,1968.0,8.5,6,1,0,0,,
56,300,184.403631385665,DI,1968.0,8.5,7,1,0,0,,
56,300,24.7568933609536,DI,1968.0,8.5,7,1,0,0,,
33,200,6.59922346991738,DI,1991.0,9.1,6,0,0,0,,
33,200,33.1841190536298,DI,1991.0,9.1,6,0,0,0,,
33,200,2.11764673079973,DI,1991.0,9.1,6,0,0,0,,
20,150,94.1000565118797,PVC,2004.0,9.35,5,1,0,0,,
20,150,4.15833780848013,PVC,2004.0,9.35,6,1,0,0,,
20,150,223.092895069837,PVC,2004.0,9.35,6,1,0,0,,
28,150,3.03904164117058,DI,1996.0,9.1,6,1,0,0,,
28,150,87.1417516930494,DI,1996.0,9.1,6,1,0,0,,
45,200,44.9723308663322,DI,1979.0,8.5,6,2,0,0,,
45,200,5.79096341433452,DI,1979.0,8.5,6,2,0,0,,
36,150,2.6149915189908,DI,1988.0,9.1,5,3,0,0,,
36,150,53.9024696258922,DI,1988.0,9.1,5,3,0,0,,
41,300,90.8606978638731,DI,1983.0,9.1,6,0,0,0,,
59,200,26.4346866736454,DI,1965.0,4.7,6,1,0,0,,
16,150,56.9026672264513,PVC,2008.0,9.35,5,1,0,0,,
16,150,106.865644815015,PVC,2008.0,5.75,5,1,0,0,,
17,150,14.7721902165035,PVC,2007.0,9.35,6,1,0,0,,
17,150,102.276170841487,PVC,2007.0,9.35,6,1,0,0,,
32,300,21.1052249237675,PVC,1992.0,9.35,7,3,0,0,,
32,300,3.34505768021925,PVC,1992.0,9.35,0,3,0,0,,
35,150,86.872019411567,DI,1989.0,9.1,5,5,0,0,,
14,200,6.0559079492318,PVC,2010.0,9.35,6,0,0,0,,
14,200,165.476035651209,PVC,2010.0,9.35,6,0,0,0,,
14,200,6.03467440749233,PVC,2010.0,9.35,6,0,0,0,,
33,300,5.47413591317865,DI,1991.0,9.1,6,1,0,0,,
33,300,76.2004211549015,DI,1991.0,9.1,6,1,0,0,,
25,200,74.8282709538861,PVC,1999.0,9.35,6,1,0,0,,
25,200,7.51030639757304,PVC,1999.0,9.35,6,1,0,0,,
21,150,8.14090100136681,PVC,2003.0,9.35,6,1,0,0,,
21,150,84.1144067209544,PVC,2003.0,9.35,6,1,0,0,,
21,150,5.86431307570865,PVC,2003.0,9.35,6,1,0,0,,
49,150,71.8151676052921,PVC,1975.0,9.35,6,1,0,0,,
49,150,6.40072153291756,PVC,1975.0,9.35,6,1,0,0,,
72,150,229.073720906265,CI,1952.0,7.75,6,1,0,0,,
52,150,10.0657734990878,CI,1972.0,8.35,6,1,0,0,,
55,300,12.8496670755287,DI,1969.0,8.5,6,3,1,1,-80.5348586576597,43.4402696898556
55,300,61.5070331015672,DI,1969.0,5.7,6,3,1,1,-80.5348586576597,43.4402696898556
17,150,66.6362045120426,PVC,2007.0,9.35,7,1,0,0,,
37,150,23.1956406143389,DI,1987.0,9.1,6,1,0,0,,
37,150,1.27726863084329,DI,1987.0,9.1,0,1,0,0,,
37,150,10.8212815062591,DI,1987.0,9.1,6,1,0,0,,
37,150,7.27668127702292,DI,1987.0,9.1,6,1,0,0,,
37,150,123.601912314306,DI,1987.0,9.1,6,1,0,0,,
37,150,13.0727496721443,DI,1987.0,9.1,6,1,0,0,,
37,150,126.717565939113,DI,1987.0,9.1,6,1,0,0,,
37,150,154.274024889887,DI,1987.0,9.1,6,1,0,0,,
20,200,10.4793346839165,PVC,2004.0,9.35,6,3,0,0,,
20,200,135.452337690894,PVC,2004.0,9.35,6,3,0,0,,
20,200,10.696268914325,PVC,2004.0,9.35,6,3,0,0,,
16,300,5.71331967324455,PVC,2008.0,9.35,7,1,1,1,-80.5047476397961,43.4406885332929
16,300,11.5842857687338,PVC,2008.0,9.35,7,1,0,0,,
13,300,2.34476958360607,PVC,2011.0,9.35,7,1,0,0,,
66,150,108.907983702595,CI,1958.0,6.15,5,1,2,1,-80.4588330267528,43.4521514354912
66,150,363.398886463311,CI,1958.0,5.75,6,1,3,1,-80.461944746093,43.4515147146989
28,200,9.47347944197235,PVC,1996.0,9.35,6,3,0,0,,
28,200,16.7667483550046,PVC,1996.0,9.35,6,3,0,0,,
28,200,81.1227259044874,PVC,1996.0,9.35,6,3,0,0,,
22,150,12.5390659102793,PVC,2002.0,9.35,6,3,0,0,,
22,150,151.138313672978,PVC,2002.0,9.35,6,3,0,0,,
22,150,9.44727838976401,PVC,2002.0,9.35,6,3,0,0,,
23,150,95.3102723194643,PVC,2001.0,9.35,6,3,0,0,,
23,150,3.51426774201578,PVC,2001.0,9.35,6,3,0,0,,
23,150,2.08488460967349,PVC,2001.0,9.35,0,3,0,0,,
102,150,53.6125873100578,CI,1922.0,6.1,6,1,1,1,-80.4825746617397,43.4462093707329
19,200,7.52179180773122,PVC,2005.0,9.35,7,1,0,0,,
21,250,5.4590182058603,PVC,2003.0,9.35,6,3,0,0,,
21,250,73.6058362895183,PVC,2003.0,9.35,6,3,0,0,,
36,300,14.0506165047265,DI,1988.0,9.1,7,1,0,0,,
17,200,12.3969790707401,PVC,2007.0,9.35,6,0,0,0,,
17,200,31.5444128116041,PVC,2007.0,8.9,6,0,0,0,,
48,150,12.0837337083254,DI,1976.0,8.5,5,2,1,1,-80.4493107747853,43.3962417079945
48,150,174.281938783498,DI,1976.0,7.7,5,2,1,1,-80.4493107747853,43.3962417079945
48,150,17.4024393861759,DI,1976.0,8.5,5,2,1,1,-80.4493107747853,43.3962417079945
48,150,165.856468619512,DI,1976.0,8.5,5,2,1,1,-80.4493107747853,43.3962417079945
33,200,20.4750686158325,DI,1991.0,9.1,6,0,0,0,,
33,200,79.8632834210715,DI,1991.0,9.1,6,0,0,0,,
33,200,101.322156518276,DI,1991.0,9.1,6,0,0,0,,
33,200,95.6853168994676,DI,1991.0,9.1,6,0,0,0,,
33,200,12.8599361061998,DI,1991.0,9.1,6,0,0,0,,
36,300,49.9405901877423,DI,1988.0,9.1,7,1,0,0,,
35,300,106.878181060822,DI,1989.0,9.1,7,1,0,0,,
35,300,33.0854148249212,DI,1989.0,9.1,7,1,0,0,,
35,300,67.9939399157102,DI,1989.0,9.1,7,1,0,0,,
30,200,5.08475313090155,PVC,1994.0,9.35,6,2,0,0,,
30,200,114.62776059606,PVC,1994.0,9.35,6,2,0,0,,
30,200,4.98222168088005,PVC,1994.0,9.35,6,2,0,0,,
57,150,12.3190025831112,CI,1967.0,7.85,5,1,4,1,-80.5182373201491,43.4311559783303
57,150,190.822457592331,CI,1967.0,4.65,5,1,4,1,-80.5182373201491,43.4311559783303
57,150,7.31729919671997,CI,1967.0,7.85,5,1,4,1,-80.5182373201491,43.4311559783303
13,300,91.996619454462,PVC,2011.0,9.35,7,1,0,0,,
13,300,267.568720138853,PVC,2011.0,9.35,7,1,0,0,,
37,300,69.274282284915,DI,1987.0,9.1,6,1,0,0,,
37,300,11.2939148579869,DI,1987.0,9.1,6,1,0,0,,
36,150,9.02495115087581,DI,1988.0,9.1,5,3,0,0,,
36,150,1.08327066366042,DI,1988.0,9.1,5,3,0,0,,
50,200,87.485932710068,DI,1974.0,8.5,6,1,0,0,,
50,200,37.9230082626646,DI,1974.0,8.5,6,1,0,0,,
15,300,144.606807179921,PVC,2009.0,9.35,7,1,1,1,-80.4965637623951,43.4553574792725
34,150,151.746495661841,DI,1990.0,9.1,5,3,0,0,,
21,150,5.64254184029911,PVC,2003.0,9.35,6,1,0,0,,
21,150,65.7970098484788,PVC,2003.0,9.35,6,1,0,0,,
21,150,7.74037148418907,PVC,2003.0,9.35,7,1,0,0,,
23,300,7.5483784214941,PVC,2001.0,9.35,7,1,4,1,-80.4696254364841,43.4688255527359
23,300,1.41315267346988,PVC,2001.0,9.35,7,1,1,1,-80.4733497303023,43.4721678261305
31,200,192.775790761261,DI,1993.0,9.1,5,2,0,0,,
31,200,4.90035835379192,DI,1993.0,9.1,5,2,0,0,,
39,300,32.7900936930548,DI,1985.0,9.1,6,0,0,0,,
39,300,6.06499910483165,DI,1985.0,9.1,6,0,0,0,,
16,300,4.2980715928624,PVC,2008.0,9.35,7,1,0,0,,
17,150,116.119382959325,PVC,2007.0,9.35,6,1,0,0,,
67,200,0.608984072149024,CI,1957.0,7.75,6,1,2,1,-80.503281964613,43.4299373899419
67,200,133.216160011341,CI,1957.0,6.15,6,1,2,1,-80.4995015362553,43.4289343851517
50,300,8.59575102121875,DI,1974.0,8.5,7,1,0,0,,
50,300,5.12346139380755,DI,1974.0,8.5,6,1,0,0,,
50,300,173.285031337646,DI,1974.0,8.5,6,1,0,0,,
33,150,126.983655270516,DI,1991.0,9.1,5,1,0,0,,
38,150,7.66333009926988,DI,1986.0,9.1,7,1,0,0,,
38,150,2.23886154105992,DI,1986.0,9.1,0,1,0,0,,
38,150,148.841738976464,DI,1986.0,9.1,6,1,0,0,,
59,150,1.93272400484851,CI,1965.0,7.85,5,1,8,1,-80.4305036658332,43.4294472834986
59,150,64.32312450504,CI,1965.0,7.85,6,1,0,0,,
59,150,73.0405969190936,CI,1965.0,7.85,6,1,0,0,,
36,150,62.2779635374001,DI,1988.0,9.1,5,1,0,0,,
36,150,11.3597257747899,DI,1988.0,9.1,5,1,0,0,,
36,150,153.229966829592,DI,1988.0,9.1,5,1,0,0,,
30,150,150.307675623927,DI,1994.0,9.1,5,1,0,0,,
23,300,150.592196092727,PVC,2001.0,8.15,7,1,0,0,,
55,300,14.8903079694424,DI,1969.0,8.5,6,3,3,1,-80.5354661870978,43.442356470395
55,300,94.5701874577679,DI,1969.0,4.9,6,3,3,1,-80.5354661870978,43.442356470395
57,200,8.0520359668476,DI,1967.0,8.5,6,1,0,0,,
57,200,74.5206023461818,DI,1967.0,8.5,6,1,0,0,,
80,150,7.04845533696466,CI,1944.0,7.75,6,1,1,1,-80.4717459865334,43.4506320913567
37,150,0.371947954871213,DI,1987.0,9.1,6,3,0,0,,
37,150,25.0431759020452,DI,1987.0,9.1,6,3,0,0,,
37,150,193.525393748057,DI,1987.0,9.1,6,3,0,0,,
66,150,81.0052030866716,CI,1958.0,7.75,5,1,0,0,,
66,150,8.02629847430228,CI,1958.0,7.75,5,1,0,0,,
18,300,2.90378983507738,PVC,2006.0,9.35,0,1,0,0,,
18,200,4.53167663036087,PVC,2006.0,9.35,5,1,0,0,,
18,200,37.7990491813581,PVC,2006.0,9.35,6,1,0,0,,
15,150,4.47818009393749,PVC,2009.0,9.35,6,1,0,0,,
15,150,134.18568390255,PVC,2009.0,8.15,7,1,0,0,,
33,300,1.3494250526578,DI,1991.0,9.1,7,5,0,0,,
33,300,166.433926451179,DI,1991.0,9.1,7,5,0,0,,
33,300,12.9878988161245,DI,1991.0,9.1,7,5,0,0,,
38,150,7.49861715416,DI,1986.0,9.1,6,1,0,0,,
38,150,109.474845219399,DI,1986.0,9.1,6,1,0,0,,
18,200,11.0683719272842,PVC,2006.0,9.35,6,4,0,0,,
18,200,157.518928321165,PVC,2006.0,9.35,5,4,0,0,,
18,200,154.679937095716,PVC,2006.0,9.35,5,4,0,0,,
70,100,0.782804011949488,CI,1954.0,7.75,5,1,7,1,-80.5269649482367,43.4513698554882
70,100,66.8025554738046,CI,1954.0,5.35,5,1,0,0,,
70,100,79.5487856849957,CI,1954.0,5.35,5,1,0,0,,
70,100,2.0314370178862,CI,1954.0,7.75,5,1,0,0,,
70,150,127.794572063819,CI,1954.0,7.75,6,1,0,0,,
19,150,7.8138351020757,PVC,2005.0,9.35,6,2,0,0,,
18,150,12.2488553084157,PVC,2006.0,9.35,6,2,0,0,,
19,150,75.8993736606277,PVC,2005.0,9.35,6,2,0,0,,
18,150,46.8622151604848,PVC,2006.0,9.35,6,2,0,0,,
19,150,50.6234367028799,PVC,2005.0,9.35,6,2,0,0,,
37,300,10.2585911243109,DI,1987.0,9.1,7,0,1,1,-80.5428343384942,43.4227321283201
37,300,150.763588783094,DI,1987.0,7.9,6,0,1,1,-80.5428343384942,43.4227321283201
104,150,156.635586455531,CI,1920.0,5.05,6,1,0,0,,
65,150,94.8997969372358,CI,1959.0,4.55,5,1,2,1,-80.463156623729,43.4494594885315
65,150,0.803295810289672,CI,1959.0,7.75,5,1,2,1,-80.463156623729,43.4494594885315
36,100,33.8856287047569,DI,1988.0,9.1,4,3,0,0,,
36,100,2.03786292897198,DI,1988.0,9.1,0,3,0,0,,
36,100,17.6065354001387,DI,1988.0,9.1,4,3,0,0,,
16,300,10.5710159444502,PVC,2008.0,9.35,7,1,0,0,,
64,300,8.256267779373,CI,1960.0,3.38,6,1,9,1,-80.4661591423416,43.4657182018731
66,150,83.7546197194622,CI,1958.0,3.5,6,1,3,1,-80.4644527271033,43.4600998692781
66,150,11.7796888121267,CI,1958.0,7.75,6,1,0,0,,
39,100,9.40175588408046,DI,1985.0,9.1,5,2,0,0,,
39,100,0.750128842641762,DI,1985.0,9.1,5,2,0,0,,
39,100,39.0413381775219,DI,1985.0,9.1,5,2,0,0,,
56,200,164.953797092371,DI,1968.0,8.5,6,1,3,1,-80.4490281899675,43.4603213258192
57,150,3.55747796032489,DI,1967.0,8.5,6,1,0,0,,
57,150,91.9479416081481,DI,1967.0,8.5,6,1,0,0,,
27,150,2.07316862880609,PVC,1997.0,9.35,0,1,0,0,,
27,150,3.2616462335377,PVC,1997.0,9.35,7,1,0,0,,
27,150,10.3006220506272,PVC,1997.0,9.35,6,1,0,0,,
27,150,126.697989820022,PVC,1997.0,9.35,6,1,0,0,,
51,150,12.4808385147998,DI,1973.0,8.5,5,1,7,1,-80.4334795051511,43.4529784681391
51,150,160.106545309947,DI,1973.0,8.5,5,1,0,0,,
49,450,37.9412893882821,DI,1975.0,8.5,7,1,3,1,-80.4398006731111,43.4257653486271
59,300,61.067157714651,DI,1965.0,8.5,7,1,0,0,,
59,300,2.91009401949922,DI,1965.0,8.5,7,1,0,0,,
21,200,21.5929591770282,PVC,2003.0,9.35,6,1,0,0,,
21,200,4.15405459027004,PVC,2003.0,9.35,6,1,0,0,,
36,150,60.1364788276598,DI,1988.0,9.1,5,1,0,0,,
36,200,5.14208743628011,DI,1988.0,9.1,6,1,0,0,,
36,200,69.5149006608369,DI,1988.0,9.1,6,1,0,0,,
47,150,80.5765966811531,DI,1977.0,8.5,6,1,2,1,-80.5064032467737,43.4421469412875
48,600,0.596208285529303,DI,1976.0,8.5,7,1,1,1,-80.4441998269671,43.4706166269346
48,600,2.43852508507752,DI,1976.0,8.5,7,1,1,1,-80.4441998269671,43.4706166269346
14,200,7.3641040852937,PVC,2010.0,9.35,6,1,0,0,,
24,150,77.830560011166,PVC,2000.0,9.35,6,3,0,0,,
24,150,5.16057139567179,PVC,2000.0,9.35,6,3,0,0,,
14,300,10.3177500590115,PVC,2010.0,9.35,6,2,0,0,,
14,300,53.0790369758282,PVC,2010.0,9.35,6,2,0,0,,
14,300,1.68622837110688,PVC,2010.0,9.35,6,2,0,0,,
60,150,30.9053241363395,CI,1964.0,7.85,6,1,2,1,-80.4361266855501,43.4367210333702
60,150,267.378496450651,CI,1964.0,7.45,6,1,2,1,-80.4361266855501,43.4367210333702
18,200,10.2159531029091,PVC,2006.0,9.35,6,0,0,0,,
18,200,76.2628806540607,PVC,2006.0,9.35,6,0,0,0,,
70,150,177.810592399466,CI,1954.0,5.75,5,1,2,1,-80.4507750522921,43.4247099445751
70,150,199.965052096005,CI,1954.0,7.75,6,1,2,1,-80.4507750522921,43.4247099445751
73,150,68.5581148054048,CI,1951.0,7.75,5,1,0,0,,
51,600,256.103316968945,CPP,1973.0,9.15,6,1,1,1,-80.4934528059506,43.4264192930346
51,600,36.7194905982944,CPP,1973.0,9.15,0,1,1,1,-80.4934528059506,43.4264192930346
51,600,9.14255559039336,CPP,1973.0,9.15,0,1,1,1,-80.4934528059506,43.4264192930346
71,150,1.33205723743472,CI,1953.0,7.75,6,1,2,1,-80.4496702276782,43.4347306472907
71,150,81.1397514745436,CI,1953.0,4.9,6,1,2,1,-80.4496702276782,43.4347306472907
39,300,16.2116082161001,DI,1985.0,9.1,6,1,0,0,,
39,300,13.4213707438597,DI,1985.0,9.1,6,1,0,0,,
39,300,113.155876040694,DI,1985.0,9.1,6,1,0,0,,
70,150,69.9910991407624,CI,1954.0,7.75,5,1,0,0,,
70,150,12.5147218775176,CI,1954.0,7.75,5,1,0,0,,
25,150,8.12575126430993,PVC,1999.0,9.35,5,1,0,0,,
25,150,37.2929687358776,PVC,1999.0,9.35,5,1,0,0,,
59,150,50.8228900135207,DI,1965.0,8.5,5,1,0,0,,
22,200,234.92057405273,PVC,2002.0,9.35,6,1,0,0,,
22,200,142.564128776761,PVC,2002.0,9.35,5,1,0,0,,
22,200,23.1256267080185,PVC,2002.0,9.35,5,1,0,0,,
53,150,0.644292232920953,DI,1971.0,8.5,7,1,0,0,,
53,150,190.464438162094,DI,1971.0,8.5,7,1,3,1,-80.5229427985279,43.4382083894828
53,150,127.025518840129,DI,1971.0,6.1,7,1,3,1,-80.5229427985279,43.4382083894828
53,150,1.61977084835325,DI,1971.0,8.5,0,1,3,1,-80.5229427985279,43.4382083894828
53,150,0.609292310756423,DI,1971.0,8.5,7,1,3,1,-80.5229427985279,43.4382083894828
47,150,67.5703027401886,DI,1977.0,8.5,5,1,1,1,-80.4524717874543,43.4663478519637
47,150,8.90032313040115,DI,1977.0,8.5,5,1,1,1,-80.4524717874543,43.4663478519637
51,150,7.62010294960115,DI,1973.0,8.5,5,3,0,0,,
51,150,153.190566566961,DI,1973.0,8.5,5,3,0,0,,
26,150,70.8001271028264,PVC,1998.0,9.35,6,0,0,0,,
26,150,3.34887209652379,PVC,1998.0,9.35,6,0,0,0,,
62,150,12.1180712601183,DI,1962.0,8.5,6,1,4,1,-80.5084872326287,43.4222443980187
62,150,294.117548613612,DI,1962.0,6.5,5,1,4,1,-80.5084872326287,43.4222443980187
62,150,6.24163245549878,DI,1962.0,8.5,5,1,4,1,-80.5084872326287,43.4222443980187
33,150,135.118275049418,DI,1991.0,9.1,5,1,0,0,,
47,600,25.1706029274786,DI,1977.0,8.5,7,1,0,0,,
47,600,8.58880404299137,DI,1977.0,8.5,7,1,0,0,,
59,150,101.141517376271,DI,1965.0,4.9,5,1,2,1,-80.4244581102066,43.4340001280437
18,300,12.4921202622381,PVC,2006.0,9.35,6,2,0,0,,
18,300,146.372637187943,PVC,2006.0,9.35,6,2,0,0,,
19,300,55.5473034054195,PVC,2005.0,9.35,6,2,0,0,,
19,300,6.70280489654536,PVC,2005.0,9.35,6,2,0,0,,
18,300,148.739641092971,PVC,2006.0,9.35,6,2,0,0,,
53,200,7.61989043469361,DI,1971.0,8.5,7,1,0,0,,
53,200,93.006954740785,DI,1971.0,8.5,8,1,0,0,,
59,0,11.7212154770756,DI,1965.0,8.5,7,1,3,1,-80.4499799163573,43.4317491378329
59,300,81.5869028153409,DI,1965.0,8.5,8,1,0,0,,
30,150,79.3557155502915,PVC,1994.0,9.35,6,1,0,0,,
71,300,21.5814391848919,CI,1953.0,7.75,7,1,0,0,,
35,150,12.442062361461,DI,1989.0,9.1,6,0,0,0,,
35,150,131.449443040104,DI,1989.0,9.1,6,0,0,0,,
35,150,13.3109568746274,DI,1989.0,9.1,6,0,0,0,,
35,150,203.477140301615,DI,1989.0,9.1,6,0,0,0,,
70,150,13.1800665063805,CI,1954.0,7.75,5,1,2,1,-80.4522173776688,43.423312169237
70,150,227.416687959305,CI,1954.0,6.15,5,1,2,1,-80.4522173776688,43.423312169237
49,150,10.512276211028,PVC,1975.0,9.35,5,1,0,0,,
49,150,162.504487679302,PVC,1975.0,9.35,6,1,0,0,,
49,150,9.60230126602708,PVC,1975.0,9.35,6,1,0,0,,
49,150,232.848188374932,DI,1975.0,8.5,5,0,0,0,,
49,150,13.8281473233466,DI,1975.0,8.5,5,0,0,0,,
72,150,176.296303704932,CI,1952.0,7.75,5,1,0,0,,
72,150,6.27844999979729,CI,1952.0,7.75,5,1,0,0,,
39,100,79.003453435831,DI,1985.0,9.1,5,1,0,0,,
39,100,1.53155398323383,DI,1985.0,9.1,5,1,0,0,,
56,300,39.4770486062325,DI,1968.0,5.3,7,1,0,0,,
56,300,56.6952852005346,DI,1968.0,8.5,7,1,1,1,-80.5015293013007,43.4191943867622
23,300,9.69164660149239,PVC,2001.0,9.35,7,1,1,1,-80.4638240025685,43.43886264226
72,200,162.495113791765,CI,1952.0,7.75,6,1,0,0,,
72,200,10.5294043520787,CI,1952.0,7.75,6,1,1,1,-80.4649224966241,43.4617914271115
22,150,7.22345850642905,PVC,2002.0,9.35,6,3,0,0,,
22,150,223.301124826493,PVC,2002.0,9.35,6,3,0,0,,
22,150,7.2865788405854,PVC,2002.0,9.35,6,3,0,0,,
48,300,106.796212518699,DI,1976.0,8.5,6,1,0,0,,
19,150,8.09645661395849,PVC,2005.0,9.35,6,1,0,0,,
19,150,67.2820277513267,PVC,2005.0,9.35,6,1,0,0,,
19,150,72.5849501246935,PVC,2005.0,9.35,6,1,0,0,,
18,150,15.2450032987584,PVC,2006.0,9.35,6,0,0,0,,
18,150,62.062414930073,PVC,2006.0,9.35,6,0,0,0,,
20,150,9.18703323748112,PVC,2004.0,9.35,0,1,0,0,,
20,150,13.7514460833919,PVC,2004.0,9.35,7,1,0,0,,
20,150,4.98625470620062,PVC,2004.0,9.35,7,1,0,0,,
66,200,9.90360113474248,CI,1958.0,7.75,6,1,1,1,-80.4540898474007,43.4610392576041
66,200,81.5538437194636,CI,1958.0,5.35,6,1,1,1,-80.4540898474007,43.4610392576041
18,150,68.2243487686885,PVC,2006.0,9.35,6,1,0,0,,
18,150,7.52117620129808,PVC,2006.0,9.35,6,1,0,0,,
71,150,58.7417275494132,CI,1953.0,4.95,6,1,1,1,-80.4551502886221,43.438688504413
18,150,53.4299785692307,PVC,2006.0,9.35,5,1,0,0,,
18,150,18.0943477757931,PVC,2006.0,9.35,6,1,0,0,,
57,150,5.92982629657274,DI,1967.0,8.5,5,1,0,0,,
57,150,71.0783783420701,DI,1967.0,5.65,5,1,0,0,,
43,300,216.688166169586,DI,1981.0,8.5,6,7,0,0,,
43,300,20.2225625235715,DI,1981.0,8.5,6,7,0,0,,
18,200,8.19069305857982,PVC,2006.0,9.35,6,0,0,0,,
37,450,14.7732745729307,DI,1987.0,9.1,7,2,0,0,,
37,450,6.09973622909889,DI,1987.0,9.1,0,2,0,0,,
73,150,180.605426250902,CI,1951.0,6.5,6,1,1,1,-80.4580765245719,43.4404674929673
23,150,70.6155357464626,PVC,2001.0,9.35,6,1,0,0,,
56,300,6.19267167260694,DI,1968.0,8.5,7,1,0,0,,
56,300,110.502552355446,DI,1968.0,8.5,6,1,0,0,,
58,200,8.53445635008237,DI,1966.0,4.58,6,1,3,1,-80.4490281899675,43.4603213258192
58,200,27.1592217154649,DI,1966.0,4.9,6,1,3,1,-80.4490281899675,43.4603213258192
50,300,105.851654969139,DI,1974.0,8.5,6,3,0,0,,
50,300,12.4442099259866,DI,1974.0,8.5,6,3,0,0,,
52,200,7.0109748254376,DI,1972.0,8.5,6,1,0,0,,
52,200,62.3483761189806,DI,1972.0,8.5,6,1,0,0,,
29,150,6.79474480983757,PVC,1995.0,9.35,7,1,0,0,,
29,150,64.7444443501152,PVC,1995.0,9.35,6,1,0,0,,
29,150,9.05511157081534,PVC,1995.0,9.35,6,1,0,0,,
66,150,12.4291328743319,CI,1958.0,7.75,4,1,2,1,-80.503281964613,43.4299373899419
66,150,236.05952287202,CI,1958.0,6.9,4,1,2,1,-80.505327687526,43.4297512052667
56,300,7.98367519698009,DI,1968.0,8.5,6,1,0,0,,
56,300,65.0329326517983,DI,1968.0,8.5,6,1,0,0,,
53,200,13.6686689941243,DI,1971.0,8.5,6,3,0,0,,
53,200,146.58132246464,DI,1971.0,8.5,6,3,0,0,,
46,150,118.749975049449,DI,1978.0,8.5,5,1,1,1,-80.4783262920317,43.4085053842486
46,150,12.1169046408064,DI,1978.0,8.5,5,1,1,1,-80.4783262920317,43.4085053842486
94,300,73.2619261889235,CI,1930.0,7.75,7,1,7,1,-80.479171995521,43.4618531228383
94,300,2.2106636832539,CI,1930.0,7.75,7,1,7,1,-80.479171995521,43.4618531228383
72,100,35.5682894129822,CI,1952.0,3.25,5,1,1,1,-80.4938088799767,43.4680526391452
24,150,4.17567086434461,PVC,2000.0,9.35,6,1,0,0,,
24,150,1.07280484736297,PVC,2000.0,9.35,6,1,0,0,,
49,150,6.8304674166287,PVC,1975.0,9.35,5,1,0,0,,
49,150,62.5570036323902,PVC,1975.0,9.35,5,1,0,0,,
65,300,0.775015560183333,CI,1959.0,7.75,7,1,0,0,,
65,300,8.80021470646905,CI,1959.0,7.75,7,1,0,0,,
30,150,4.92628687762703,PVC,1994.0,9.35,6,1,0,0,,
30,150,5.54719941330211,PVC,1994.0,9.35,6,1,0,0,,
12,300,6.93403903433833,PVC,2012.0,9.35,6,2,0,0,,
12,300,42.8656439917937,PVC,2012.0,9.35,6,2,0,0,,
39,300,7.41189583358187,DI,1985.0,9.1,6,0,0,0,,
39,300,46.9008773915773,DI,1985.0,9.1,6,0,0,0,,
39,300,231.493173064566,DI,1985.0,9.1,6,0,0,0,,
61,150,145.904033764981,CI,1963.0,5.45,6,1,3,1,-80.425784924616,43.4327121788133
61,150,13.3910058526092,CI,1963.0,7.85,6,1,3,1,-80.425784924616,43.4327121788133
16,450,56.5347299053999,PVC,2008.0,9.35,7,0,0,0,,
16,450,579.632831869823,PVC,2008.0,9.35,7,0,0,0,,
53,150,7.73927477784579,DI,1971.0,8.5,6,1,0,0,,
53,150,8.98780401954595,DI,1971.0,8.5,6,1,0,0,,
53,150,197.764234759414,DI,1971.0,8.5,6,1,0,0,,
53,150,202.140326046251,DI,1971.0,8.5,6,1,0,0,,
53,150,97.1574989192317,DI,1971.0,8.5,6,1,0,0,,
22,250,0.379286276153191,PVC,2002.0,9.35,5,4,0,0,,
22,250,1.12905404764708,PVC,2002.0,9.35,0,4,0,0,,
22,250,95.5059043995535,PVC,2002.0,9.35,5,4,0,0,,
13,150,127.083414530337,PVC,2011.0,9.35,5,6,0,0,,
71,150,125.665061069035,CI,1953.0,5.5,6,1,0,0,,
27,300,7.87679562246578,PVC,1997.0,9.35,6,2,0,0,,
27,300,118.824027930237,PVC,1997.0,9.35,6,2,0,0,,
27,300,12.4999689598345,PVC,1997.0,9.35,6,2,0,0,,
71,150,11.9835762272414,CI,1953.0,7.75,5,1,1,1,-80.5111803638369,43.4414332268786
71,150,127.042246249745,CI,1953.0,5.7,5,1,1,1,-80.5111803638369,43.4414332268786
19,300,12.6213633206912,PVC,2005.0,9.35,5,1,0,0,,
19,300,168.096191462761,PVC,2005.0,9.35,6,1,0,0,,
73,150,67.2776569595428,CI,1951.0,7.75,6,1,0,0,,
69,150,1.00751639146656,CI,1955.0,7.75,7,1,4,1,-80.4644312319719,43.4515156668284
69,150,262.750465257883,CI,1955.0,6.15,6,1,2,1,-80.4607218250417,43.4528299351767
69,150,224.218682857274,CI,1955.0,5.35,6,1,4,1,-80.4644312319719,43.4515156668284
69,150,7.65266211403313,CI,1955.0,7.75,6,1,2,1,-80.4607218250417,43.4528299351767
53,150,12.640872787208,DI,1971.0,8.5,5,3,3,1,-80.5249467138585,43.4216280187801
53,150,111.881496317758,DI,1971.0,8.5,6,3,3,1,-80.5249467138585,43.4216280187801
53,150,13.6472151045285,DI,1971.0,8.5,5,3,3,1,-80.5249467138585,43.4216280187801
53,150,186.745056636085,DI,1971.0,6.5,5,3,3,1,-80.5249467138585,43.4216280187801
56,150,244.746401057328,CI,1968.0,5.45,5,1,3,1,-80.492606969342,43.4772283210493
29,300,8.64500003895517,PVC,1995.0,9.35,6,1,0,0,,
29,300,5.30937846299085,PVC,1995.0,9.35,6,1,0,0,,
29,300,117.137166752031,PVC,1995.0,9.35,6,1,0,0,,
14,150,0.806276285996114,PVC,2010.0,9.35,6,1,0,0,,
14,150,68.3770111489173,PVC,2010.0,9.35,6,1,0,0,,
14,150,11.1446637430417,PVC,2010.0,9.35,6,1,0,0,,
24,200,13.1153098718086,PVC,2000.0,9.35,6,5,0,0,,
24,200,80.0465188988966,PVC,2000.0,9.35,6,5,0,0,,
55,100,3.39357601409099,CI,1969.0,7.85,5,3,1,1,-80.532119879883,43.4447672637191
55,100,6.10219641238529,CI,1969.0,7.85,5,3,1,1,-80.532119879883,43.4447672637191
23,200,52.2162989754776,PVC,2001.0,9.35,7,1,0,0,,
23,150,11.6326130961177,PVC,2001.0,9.35,6,1,0,0,,
23,150,9.06370895074958,PVC,2001.0,9.35,6,1,0,0,,
33,150,5.33404497829137,DI,1991.0,9.1,6,2,0,0,,
33,150,74.0099031336649,DI,1991.0,9.1,6,2,0,0,,
33,150,80.8700703320819,DI,1991.0,9.1,6,2,0,0,,
24,150,32.5265416367934,PVC,2000.0,9.35,6,6,0,0,,
26,150,6.0410571398527,PVC,1998.0,9.35,5,2,0,0,,
26,150,13.6615273026458,PVC,1998.0,9.35,5,2,0,0,,
26,150,122.794780513808,PVC,1998.0,9.35,5,2,0,0,,
18,250,9.59654053515866,PVC,2006.0,9.35,8,1,0,0,,
19,150,20.7195065587521,PVC,2005.0,9.35,6,1,3,1,-80.4971058664168,43.4405376299192
19,150,10.8018194676088,PVC,2005.0,9.35,6,1,3,1,-80.4971058664168,43.4405376299192
55,450,17.6701320159357,DI,1969.0,8.5,6,2,0,0,,
55,450,168.737623630134,DI,1969.0,8.5,6,2,0,0,,
38,150,6.69922905454097,DI,1986.0,9.1,6,2,0,0,,
38,150,153.861664522613,DI,1986.0,9.1,5,2,0,0,,
65,300,96.7436129327616,CI,1959.0,5.75,6,3,1,1,-80.5068317743118,43.4175707696106
15,150,3.20334341635228,PVC,2009.0,9.35,5,3,0,0,,
15,150,77.8477693360941,PVC,2009.0,9.35,5,3,0,0,,
52,300,244.311004686984,CI,1972.0,5.45,6,1,3,1,-80.5249972883878,43.4460799810204
52,300,56.0795393493868,CI,1972.0,7.85,6,1,3,1,-80.5249972883878,43.4460799810204
92,300,47.2629882137194,CI,1932.0,4.55,6,1,2,1,-80.4838718855096,43.4417713081279
28,200,7.43526418128293,PVC,1996.0,9.35,6,3,0,0,,
28,200,111.787440829096,PVC,1996.0,9.35,6,3,0,0,,
53,200,55.5938006199154,DI,1971.0,8.5,7,1,0,0,,
53,200,9.27564290801011,DI,1971.0,8.5,7,1,0,0,,
94,300,116.691988979672,DI,1930.0,8.05,7,1,0,0,,
52,200,78.3444492781609,DI,1972.0,8.5,6,5,0,0,,
52,200,6.45175341146926,DI,1972.0,8.5,6,5,0,0,,
53,200,106.636027565734,DI,1971.0,8.5,5,3,0,0,,
53,200,6.40083600786517,DI,1971.0,8.5,5,3,0,0,,
18,300,15.6513140345349,PVC,2006.0,9.35,7,1,0,0,,
14,300,65.6072558371309,PVC,2010.0,9.35,6,2,0,0,,
14,300,6.99446799147784,PVC,2010.0,9.35,6,2,0,0,,
24,200,7.51221780311795,PVC,2000.0,9.35,6,0,0,0,,
24,200,136.680802788484,PVC,2000.0,9.35,6,0,0,0,,
23,200,9.84186428851139,PVC,2001.0,9.35,6,0,0,0,,
23,200,103.656859964149,PVC,2001.0,9.35,6,0,0,0,,
23,200,100.744136038683,PVC,2001.0,9.35,6,0,0,0,,
23,200,145.230871058331,PVC,2001.0,9.35,6,0,0,0,,
23,200,114.730898934426,PVC,2001.0,9.35,6,0,0,0,,
25,150,16.2412014940055,PVC,1999.0,9.35,6,3,1,1,-80.5167192008992,43.4052689675683
25,150,11.6342321374648,PVC,1999.0,9.35,6,3,1,1,-80.5167192008992,43.4052689675683
25,150,66.9871917572379,PVC,1999.0,6.95,6,3,1,1,-80.5167192008992,43.4052689675683
15,300,13.3606187068616,PVC,2009.0,9.35,7,1,0,0,,
15,300,75.2685797686855,PVC,2009.0,9.35,8,1,0,0,,
60,150,77.601194134948,CI,1964.0,4.2,5,3,2,1,-80.522222807004,43.4273901252624
60,150,1.13489901766595,CI,1964.0,7.85,6,3,2,1,-80.522222807004,43.4273901252624
33,200,26.206643287699,DI,1991.0,9.1,6,0,0,0,,
59,300,12.3889744956335,DI,1965.0,8.5,7,1,5,1,-80.4551491163474,43.4326480296682
59,300,88.4085965157325,DI,1965.0,8.5,7,1,0,0,,
39,200,7.19131292538519,DI,1985.0,9.1,6,0,0,0,,
39,200,10.5070852877481,DI,1985.0,9.1,6,0,0,0,,
39,200,151.114337272136,DI,1985.0,9.1,6,0,0,0,,
47,300,7.62184720861087,DI,1977.0,8.5,7,1,0,0,,
47,300,404.708145051142,DI,1977.0,8.5,8,1,0,0,,
45,300,115.216515975877,DI,1979.0,8.5,7,1,0,0,,
100,200,1.52387012522775,CI,1924.0,7.75,7,1,5,1,-80.4749023500285,43.468003983307
100,200,0.965593838141568,CI,1924.0,7.75,0,1,5,1,-80.4749023500285,43.468003983307
14,300,5.94092157251874,PVC,2010.0,5.43,8,1,1,1,-80.5138584638292,43.4568092119606
37,150,17.2497605792929,DI,1987.0,9.1,6,1,0,0,,
37,150,111.511993692646,DI,1987.0,9.1,6,1,0,0,,
34,450,7.0713145062667,DI,1990.0,9.1,6,0,0,0,,
34,450,215.641957027941,DI,1990.0,9.1,7,0,0,0,,
55,150,14.3257423353054,DI,1969.0,8.5,5,3,0,0,,
55,150,138.723231018023,DI,1969.0,8.5,5,3,0,0,,
68,150,75.8550349642185,CI,1956.0,7.75,5,1,0,0,,
68,150,99.7397380489148,CI,1956.0,7.75,5,1,1,1,-80.455566985255,43.4463240348548
21,150,7.17731377930922,PVC,2003.0,9.35,6,3,0,0,,
21,150,72.3039698615357,PVC,2003.0,9.35,6,3,0,0,,
74,150,24.2251381098641,CI,1950.0,7.75,6,1,0,0,,
74,150,8.84018094926805,CI,1950.0,7.75,6,1,0,0,,
71,150,13.0923037277223,CI,1953.0,7.75,7,1,1,1,-80.4517858010877,43.437249567964
71,150,145.581959569688,CI,1953.0,6.55,7,1,1,1,-80.4517858010877,43.437249567964
15,150,164.074323697333,PVC,2009.0,9.35,0,1,0,0,,
74,150,9.05583060766453,CI,1950.0,7.75,6,1,3,1,-80.4609436030077,43.4364538150998
74,150,311.911093950227,CI,1950.0,6.55,6,1,3,1,-80.4609436030077,43.4364538150998
74,150,17.1076277922184,CI,1950.0,7.75,6,1,3,1,-80.4609436030077,43.4364538150998
34,150,4.01904006355612,DI,1990.0,9.1,5,2,0,0,,
34,150,2.22105664926548,DI,1990.0,9.1,6,2,1,1,-80.4199967918687,43.3883211207016
34,150,175.946032809487,DI,1990.0,9.1,6,2,0,0,,
60,200,1.00749829615212,CI,1964.0,7.85,6,1,3,1,-80.4517153002349,43.4524734620514
60,200,121.628277794962,CI,1964.0,7.85,6,1,0,0,,
56,300,15.507428873691,DI,1968.0,8.5,6,3,0,0,,
56,300,74.472785291271,DI,1968.0,8.5,7,3,0,0,,
46,300,5.06348378050103,DI,1978.0,8.5,0,0,0,0,,
46,300,132.767843507409,DI,1978.0,8.5,7,3,0,0,,
65,150,1.83436899252313,CI,1959.0,7.75,5,1,2,1,-80.5066297085095,43.4293210903194
65,150,168.163877331115,CI,1959.0,4.15,5,1,2,1,-80.5066297085095,43.4293210903194
50,150,7.74669219620197,DI,1974.0,8.5,6,2,0,0,,
50,150,32.6537395830556,DI,1974.0,8.5,6,2,0,0,,
48,200,14.9594120397081,PVC,1976.0,9.35,6,1,0,0,,
48,200,89.7235999840192,PVC,1976.0,9.35,7,1,0,0,,
44,150,18.114333631589,DI,1980.0,8.5,6,0,0,0,,
44,150,4.17489682956037,DI,1980.0,8.5,0,0,0,0,,
94,100,114.920300683009,CI,1930.0,7.75,6,1,0,0,,
94,100,2.1577281876007,CI,1930.0,7.75,6,1,0,0,,
15,150,12.4801267584582,PVC,2009.0,9.35,6,1,0,0,,
15,150,67.9884133671773,PVC,2009.0,5.75,5,1,0,0,,
37,150,10.9192416013862,DI,1987.0,9.1,5,1,1,1,-80.4188678275339,43.4457099833653
37,150,85.8724118320576,DI,1987.0,9.1,6,1,1,1,-80.4188678275339,43.4457099833653
37,150,240.230813783845,DI,1987.0,8.7,6,1,1,1,-80.4188678275339,43.4457099833653
37,150,7.78161052772708,DI,1987.0,9.1,5,1,1,1,-80.4188678275339,43.4457099833653
29,150,185.050956647403,PVC,1995.0,9.35,6,1,0,0,,
27,300,43.64938188495,PVC,1997.0,9.35,7,3,0,0,,
27,300,12.7064843868995,PVC,1997.0,9.35,7,3,0,0,,
27,300,81.5903347947151,PVC,1997.0,9.35,7,3,0,0,,
32,300,14.5990604845322,PVC,1992.0,9.35,7,3,0,0,,
32,300,143.292946634085,PVC,1992.0,9.35,7,3,0,0,,
18,200,11.7909946607762,PVC,2006.0,9.35,7,1,0,0,,
18,200,3.40368298610753,PVC,2006.0,9.35,7,1,0,0,,
48,150,10.3635973391549,DI,1976.0,8.5,8,1,0,0,,
48,150,5.79144136699436,DI,1976.0,8.5,7,1,0,0,,
37,300,11.6483180317603,DI,1987.0,9.1,6,1,0,0,,
37,300,66.0777989515991,DI,1987.0,9.1,8,1,0,0,,
29,150,45.3799817304381,PVC,1995.0,9.35,7,1,0,0,,
23,300,12.3126504984499,PVC,2001.0,9.35,6,1,0,0,,
23,300,73.2940076108683,PVC,2001.0,9.35,6,1,0,0,,
73,150,74.4713766561746,CI,1951.0,7.75,6,1,0,0,,
37,150,188.290628227831,DI,1987.0,9.1,5,1,0,0,,
61,200,14.2289959150627,DI,1963.0,8.5,6,2,0,0,,
61,200,44.2906780873312,DI,1963.0,8.5,6,2,0,0,,
61,200,239.450683792645,DI,1963.0,8.5,6,2,0,0,,
53,200,13.036978361661,DI,1971.0,8.5,6,1,0,0,,
53,200,47.0617599633317,DI,1971.0,8.5,6,1,0,0,,
18,450,101.325106953795,HDPE,2006.0,10.0,9,14,0,0,,
18,150,4.3699595636771,PVC,2006.0,9.35,7,1,0,0,,
23,300,10.8709197786447,PVC,2001.0,9.35,6,3,0,0,,
23,300,6.8349329717129,PVC,2001.0,9.35,7,3,0,0,,
23,300,128.977704516742,PVC,2001.0,9.35,7,3,0,0,,
20,150,1.5326599110142,PVC,2004.0,9.35,0,1,0,0,,
20,150,1.58335123139174,PVC,2004.0,9.35,0,1,0,0,,
20,150,95.1791561110571,PVC,2004.0,9.35,7,1,0,0,,
68,300,6.96207787440532,CI,1956.0,7.75,7,1,0,0,,
68,300,84.3528784677695,CI,1956.0,7.75,7,1,0,0,,
23,150,7.62481450349266,PVC,2001.0,9.35,7,3,0,0,,
23,150,9.52254898706723,PVC,2001.0,9.35,7,3,0,0,,
23,150,57.4513127987798,PVC,2001.0,9.35,7,3,0,0,,
75,150,8.8265590981269,CI,1949.0,7.75,5,1,0,0,,
57,300,1.82245840893891,DI,1967.0,8.5,7,1,0,0,,
57,300,104.911853285089,DI,1967.0,8.5,6,1,0,0,,
23,150,0.743735222141756,PVC,2001.0,9.35,0,1,0,0,,
23,150,195.461933600696,PVC,2001.0,9.35,6,1,0,0,,
21,450,21.8154286301697,PVC,2003.0,9.35,7,1,0,0,,
21,450,170.123561333768,PVC,2003.0,9.35,7,1,0,0,,
46,200,4.08877133121796,DI,1978.0,8.5,6,0,0,0,,
46,200,67.3758560096704,DI,1978.0,8.5,6,0,0,0,,
33,300,15.1018742382326,DI,1991.0,9.1,6,1,0,0,,
33,300,56.4393042987542,DI,1991.0,9.1,6,1,0,0,,
33,300,6.62318680050813,DI,1991.0,9.1,6,1,0,0,,
76,150,109.951060313252,CI,1948.0,7.75,6,1,0,0,,
56,150,11.4183001036312,DI,1968.0,8.5,5,3,0,0,,
56,150,172.384989172558,DI,1968.0,8.5,5,3,0,0,,
56,150,4.17995950181185,DI,1968.0,8.5,5,3,0,0,,
56,150,0.839127321832439,DI,1968.0,8.5,0,3,0,0,,
22,300,5.42425475814704,PVC,2002.0,9.35,6,3,0,0,,
32,300,62.8118450895419,PVC,1992.0,9.35,6,3,0,0,,
16,600,298.544505653209,PVC,2008.0,9.35,6,0,0,0,,
16,600,2.14276542128478,PVC,2008.0,9.35,0,0,0,0,,
43,150,12.801708017103,DI,1981.0,8.5,6,0,1,1,-80.5461714774773,43.4153267171212
43,150,49.1092936788281,DI,1981.0,8.5,6,0,1,1,-80.5461714774773,43.4153267171212
43,150,210.99765875441,DI,1981.0,8.1,6,0,1,1,-80.5461714774773,43.4153267171212
58,150,7.63034284959554,DI,1966.0,8.5,6,1,0,0,,
58,150,175.606770221972,DI,1966.0,8.5,6,1,0,0,,
75,300,14.4159163922849,CI,1949.0,7.75,7,1,0,0,,
31,150,131.685694899514,PVC,1993.0,9.35,6,1,0,0,,
31,150,45.6326600928244,PVC,1993.0,9.35,6,1,0,0,,
31,150,2.34623350311036,PVC,1993.0,9.35,6,1,0,0,,
75,150,32.5840213631321,CI,1949.0,7.75,6,1,0,0,,
62,150,11.078572117038,CI,1962.0,7.85,5,1,2,1,-80.519972359886,43.4417999427723
62,150,119.674526048058,CI,1962.0,6.25,5,1,2,1,-80.519972359886,43.4417999427723
62,150,122.755445704965,CI,1962.0,6.25,5,1,2,1,-80.519972359886,43.4417999427723
55,300,9.06178493025549,DI,1969.0,8.5,6,3,3,1,-80.5370289904866,43.4418896957856
55,300,67.269943216678,DI,1969.0,4.7,6,3,3,1,-80.5370289904866,43.4418896957856
28,300,3.00742649191865,PVC,1996.0,9.35,6,5,0,0,,
28,300,70.2513342909302,PVC,1996.0,9.35,7,5,0,0,,
28,300,244.943354660225,PVC,1996.0,9.35,7,5,0,0,,
53,300,1.73357831114436,DI,1971.0,8.5,7,1,0,0,,
53,300,199.280596789004,DI,1971.0,8.5,7,1,0,0,,
72,200,268.582244958315,CI,1952.0,4.65,7,1,1,1,-80.4637906901434,43.4612999512704
72,200,2.73644593069091,CI,1952.0,7.75,7,1,3,1,-80.4605901098276,43.4626346639757
38,450,89.9900093490481,DI,1986.0,9.1,7,1,0,0,,
52,450,10.1390811806773,DI,1972.0,8.5,7,1,0,0,,
52,450,18.0554825203231,DI,1972.0,8.5,6,1,0,0,,
14,300,3.52471629689649,PVC,2010.0,9.35,7,1,0,0,,
14,300,0.88108529163254,PVC,2010.0,9.35,5,5,0,0,,
14,300,107.323255643854,PVC,2010.0,9.35,5,5,0,0,,
14,300,93.6035813269973,PVC,2010.0,9.35,5,5,0,0,,
14,300,82.5903809269755,PVC,2010.0,9.35,5,5,0,0,,
13,200,1.67568326394776,PVC,2011.0,9.35,6,1,0,0,,
13,200,42.2229865598622,PVC,2011.0,9.35,6,3,0,0,,
19,150,11.496652927914,PVC,2005.0,9.35,6,1,0,0,,
19,150,112.321221501375,PVC,2005.0,9.35,6,1,0,0,,
19,150,11.9272855613887,PVC,2005.0,9.35,6,1,0,0,,
19,150,93.2796143865867,PVC,2005.0,9.35,6,1,0,0,,
55,150,7.68892704006281,DI,1969.0,8.5,6,1,0,0,,
55,150,74.4074411628466,DI,1969.0,8.5,6,1,0,0,,
29,300,62.5402251402491,PVC,1995.0,9.35,7,1,0,0,,
29,300,1.24368871910272,PVC,1995.0,9.35,7,1,0,0,,
29,300,11.7165398524949,PVC,1995.0,9.35,7,3,0,0,,
29,300,117.691702036195,PVC,1995.0,9.35,7,3,0,0,,
29,300,7.74849539027075,PVC,1995.0,9.35,7,3,0,0,,
48,300,103.082265791924,DI,1976.0,8.5,6,2,0,0,,
48,300,0.898935993626867,DI,1976.0,8.5,7,2,0,0,,
48,300,22.7676758652925,DI,1976.0,8.5,7,2,0,0,,
52,150,6.70549664695427,DI,1972.0,8.5,5,3,0,0,,
52,150,136.484397611265,DI,1972.0,8.5,5,3,0,0,,
52,150,8.53432816791904,DI,1972.0,8.5,5,3,0,0,,
52,150,135.817889233348,DI,1972.0,8.5,5,3,0,0,,
72,150,122.197984188698,CI,1952.0,7.3,5,1,0,0,,
72,150,104.300500561607,CI,1952.0,7.75,5,1,0,0,,
72,150,13.9314318888601,CI,1952.0,7.75,5,1,0,0,,
19,300,5.67775796163825,PVC,2005.0,9.35,6,1,0,0,,
19,300,87.0302694168988,PVC,2005.0,9.35,7,1,0,0,,
22,200,47.5983060062746,PVC,2002.0,9.35,6,0,0,0,,
21,200,109.365569627764,PVC,2003.0,9.35,6,0,0,0,,
21,200,5.69543007195397,PVC,2003.0,9.35,6,0,0,0,,
20,150,79.7180633981816,PVC,2004.0,9.35,6,1,0,0,,
20,150,119.063792880728,PVC,2004.0,9.35,6,1,0,0,,
20,150,132.137619783011,PVC,2004.0,9.35,6,1,0,0,,
20,150,0.743752029243653,PVC,2004.0,9.35,6,1,0,0,,
70,200,87.1230019209909,CI,1954.0,7.75,7,1,0,0,,
70,200,14.6444084569535,CI,1954.0,7.75,6,1,0,0,,
17,300,78.2710727672571,PVC,2007.0,9.35,7,1,0,0,,
29,150,8.14816004654778,PVC,1995.0,9.35,6,1,0,0,,
29,150,65.3552786293506,PVC,1995.0,9.35,7,1,0,0,,
62,150,11.5822470297263,CI,1962.0,7.85,6,1,0,0,,
62,150,67.6296590561396,CI,1962.0,7.85,5,1,0,0,,
29,150,13.4605643098289,PVC,1995.0,9.35,7,1,0,0,,
29,150,98.6296514767765,PVC,1995.0,9.35,6,1,0,0,,
35,300,8.00773066538725,DI,1989.0,9.1,0,3,0,0,,
35,300,73.1409611604669,DI,1989.0,9.1,7,0,0,0,,
14,300,11.1251726313187,PVC,2010.0,9.35,6,2,0,0,,
14,300,68.2009723325192,PVC,2010.0,9.35,6,2,0,0,,
50,150,13.5542815177074,DI,1974.0,8.5,6,3,2,1,-80.4910943542072,43.4168508538691
50,150,168.296399201869,DI,1974.0,8.5,6,3,2,1,-80.4910943542072,43.4168508538691
50,150,221.24449581022,DI,1974.0,6.9,7,3,2,1,-80.4910943542072,43.4168508538691
50,150,12.7763742441864,DI,1974.0,8.5,6,3,2,1,-80.4910943542072,43.4168508538691
62,150,185.991618978217,CI,1962.0,4.65,5,1,5,1,-80.444276302706,43.4421611967005
20,300,7.15781475758703,PVC,2004.0,9.35,6,1,0,0,,
20,300,11.6801267345181,PVC,2004.0,9.35,6,1,0,0,,
20,300,129.564112327076,PVC,2004.0,9.35,6,1,0,0,,
58,150,3.95502370813954,CI,1966.0,3.93,7,1,3,1,-80.449256073978,43.4459657066898
58,150,78.5655981284131,CI,1966.0,4.65,6,1,3,1,-80.4497178273387,43.4457625662409
56,150,7.61927671521093,DI,1968.0,8.5,6,1,1,1,-80.5213510921832,43.4326439570719
56,150,128.017315869877,DI,1968.0,6.25,6,1,1,1,-80.5213510921832,43.4326439570719
22,150,11.6819556473589,PVC,2002.0,9.35,6,1,1,1,-80.5213510921832,43.4326439570719
18,150,16.116752729886,PVC,2006.0,9.35,5,1,1,1,-80.4636547130796,43.4420183038052
18,150,17.4924298503678,PVC,2006.0,9.35,5,1,1,1,-80.4636547130796,43.4420183038052
19,300,11.4771939841774,PVC,2005.0,9.35,6,1,0,0,,
19,300,130.881660548822,PVC,2005.0,9.35,7,1,0,0,,
21,200,105.999913166018,PVC,2003.0,9.35,6,1,0,0,,
21,200,7.95121139843206,PVC,2003.0,9.35,6,1,0,0,,
50,150,228.281453611034,CI,1974.0,5.95,5,3,3,1,-80.5139715107721,43.4223343016483
50,150,12.2007577798109,CI,1974.0,8.35,5,3,3,1,-80.5139715107721,43.4223343016483
69,150,110.013288628945,CI,1955.0,7.75,4,1,0,0,,
69,150,165.140971267204,CI,1955.0,7.75,4,1,0,0,,
69,150,7.01011399834304,CI,1955.0,7.75,4,1,0,0,,
57,150,38.4183545825114,DI,1967.0,4.7,5,1,2,1,-80.4348251215968,43.4524959950735
57,150,11.5743925382793,DI,1967.0,8.5,5,1,2,1,-80.4348251215968,43.4524959950735
25,150,6.51749276933019,PVC,1999.0,9.35,6,3,0,0,,
25,150,63.3989366755381,PVC,1999.0,9.35,6,3,0,0,,
25,150,164.371996658123,PVC,1999.0,9.35,6,3,0,0,,
19,150,12.461477295043,PVC,2005.0,9.35,5,1,0,0,,
19,150,2.42003040071232,PVC,2005.0,9.35,0,1,0,0,,
19,150,174.863853678243,PVC,2005.0,9.35,5,1,0,0,,
19,150,7.95961158655383,PVC,2005.0,9.35,6,1,0,0,,
20,150,60.5259057545252,PVC,2004.0,9.35,6,1,0,0,,
46,300,12.1919075197612,DI,1978.0,8.5,7,1,0,0,,
46,300,215.029258592055,DI,1978.0,6.45,8,1,2,1,-80.4429762587863,43.4710415461508
55,150,117.54810318675,DI,1969.0,8.5,5,3,0,0,,
55,150,10.9456546235591,DI,1969.0,8.5,5,3,0,0,,
55,300,19.8327464089123,DI,1969.0,4.7,5,3,1,1,-80.532119879883,43.4447672637191
19,300,41.5320514567082,PVC,2005.0,9.35,6,1,0,0,,
27,150,146.550992643209,PVC,1997.0,9.35,5,0,0,0,,
18,150,63.5053050912409,PVC,2006.0,9.35,6,2,0,0,,
18,150,16.4062320069107,PVC,2006.0,9.35,6,2,0,0,,
65,200,21.0296231027539,DI,1959.0,4.7,7,1,6,1,-80.4722271450058,43.4258397985575
65,200,144.349236821605,DI,1959.0,8.5,7,1,6,1,-80.4722271450058,43.4258397985575
65,200,6.59939960386708,DI,1959.0,8.5,6,1,0,0,,
18,150,8.98654902408968,PVC,2006.0,9.35,5,1,0,0,,
18,150,6.58351989654304,PVC,2006.0,9.35,5,1,0,0,,
18,150,124.410161798626,PVC,2006.0,9.35,5,1,0,0,,
50,200,10.5698068216061,DI,1974.0,8.5,6,3,0,0,,
50,200,55.5042540010939,DI,1974.0,8.5,6,3,0,0,,
18,200,4.81220000080358,PVC,2006.0,9.35,5,1,0,0,,
18,200,10.549544743596,PVC,2006.0,9.35,5,1,0,0,,
18,200,110.094477548035,PVC,2006.0,9.35,5,1,0,0,,
52,200,295.855501806541,DI,1972.0,8.1,6,5,1,1,-80.4166163098391,43.4304591467195
52,200,141.820535851292,DI,1972.0,8.5,6,5,1,1,-80.4166163098391,43.4304591467195
71,150,80.3026616016185,CI,1953.0,5.35,6,1,1,1,-80.5108674814649,43.4403209064165
26,300,13.2775187458196,PVC,1998.0,9.35,7,1,0,0,,
26,300,79.4864978114044,PVC,1998.0,9.35,7,1,0,0,,
15,300,15.0346894495913,PVC,2009.0,9.35,7,1,0,0,,
15,300,85.3203875159898,PVC,2009.0,9.35,7,1,0,0,,
39,300,30.2827676809304,DI,1985.0,9.1,0,1,1,1,-80.5008590669923,43.4343424488955
39,300,15.0987807417408,DI,1985.0,9.1,0,1,1,1,-80.5008590669923,43.4343424488955
74,400,192.093915074986,CI,1950.0,7.75,7,1,2,1,-80.4999532612671,43.4305705237327
74,400,157.992914859728,CI,1950.0,7.75,0,1,1,1,-80.5008590669923,43.4343424488955
18,150,38.0733803106757,PVC,2006.0,9.35,6,1,0,0,,
17,350,91.5820587343011,HDPE,2007.0,10.0,9,1,0,0,,
64,150,0.53480134594637,CI,1960.0,7.75,6,1,2,1,-80.4517910355447,43.4522436054295
64,150,195.589998073983,CI,1960.0,5.75,6,1,3,1,-80.4514213527772,43.4505951465276
33,150,13.1482575936487,DI,1991.0,9.1,5,1,0,0,,
33,150,133.838558097465,DI,1991.0,9.1,5,1,0,0,,
33,150,10.4561210777432,DI,1991.0,9.1,5,1,0,0,,
33,150,119.853537909266,DI,1991.0,9.1,5,1,0,0,,
46,300,7.61973804387844,DI,1978.0,8.5,6,1,0,0,,
46,300,73.2076413161914,DI,1978.0,8.5,6,1,0,0,,
68,150,10.824100726731,CI,1956.0,7.75,6,1,2,1,-80.4534871395447,43.4281625602419
68,150,110.427038057803,CI,1956.0,6.15,6,1,2,1,-80.4534871395447,43.4281625602419
43,150,197.822911005156,DI,1981.0,8.5,5,1,0,0,,
66,150,68.6984607505272,CI,1958.0,5.35,6,1,1,1,-80.445177976856,43.4281720460354
35,300,21.6399709644989,DI,1989.0,9.1,7,0,0,0,,
35,300,139.106264482373,DI,1989.0,9.1,7,0,0,0,,
35,300,6.74471110330345,DI,1989.0,9.1,6,0,0,0,,
52,300,203.540491680697,DI,1972.0,8.5,6,1,0,0,,
52,300,29.5912863550053,DI,1972.0,8.5,7,1,0,0,,
31,300,166.351727517492,DI,1993.0,9.1,7,1,0,0,,
31,300,1.77669720621839,DI,1993.0,9.1,0,1,0,0,,
31,300,10.8885085265756,DI,1993.0,9.1,6,1,0,0,,
51,300,15.9458093706172,DI,1973.0,8.5,7,1,0,0,,
51,300,1.52488483482612,DI,1973.0,8.5,7,1,0,0,,
27,150,18.7129718508767,PVC,1997.0,9.35,6,1,0,0,,
27,150,2.44692018655122,PVC,1997.0,9.35,6,1,0,0,,
46,150,76.6947121862221,DI,1978.0,8.5,5,0,0,0,,
46,150,11.9320928330792,DI,1978.0,8.5,5,0,0,0,,
20,150,7.55379941528911,PVC,2004.0,9.35,6,3,0,0,,
20,150,6.44345986702118,PVC,2004.0,9.35,6,3,0,0,,
20,150,212.743582109396,PVC,2004.0,9.35,6,3,0,0,,
53,200,5.35261210247759,DI,1971.0,8.5,6,3,0,0,,
53,200,31.8194067917407,DI,1971.0,8.5,6,3,0,0,,
15,150,8.18329229713733,PVC,2009.0,9.35,6,1,0,0,,
15,150,8.11148136492877,PVC,2009.0,9.35,6,1,0,0,,
15,150,127.769095806535,PVC,2009.0,9.35,6,1,0,0,,
15,150,209.441121895608,PVC,2009.0,9.35,6,1,0,0,,
36,300,8.42245733200556,DI,1988.0,9.1,6,1,0,0,,
36,300,17.6678634231267,DI,1988.0,9.1,6,1,0,0,,
36,300,58.6564039972193,DI,1988.0,9.1,6,1,0,0,,
36,200,8.8885044161896,DI,1988.0,9.1,6,1,0,0,,
36,200,78.2888172147393,DI,1988.0,9.1,7,1,0,0,,
51,300,38.5333940825145,DI,1973.0,8.5,7,3,0,0,,
51,300,11.4405592652904,DI,1973.0,8.5,7,3,0,0,,
30,200,60.4733516821951,PVC,1994.0,9.35,7,1,0,0,,
30,200,12.7302530071107,PVC,1994.0,9.35,7,1,0,0,,
47,150,111.72010119465,DI,1977.0,8.5,6,3,0,0,,
47,150,1.65186638636878,DI,1977.0,8.5,6,3,0,0,,
19,200,10.8424328263102,PVC,2005.0,9.35,6,3,0,0,,
19,200,326.606838073947,PVC,2005.0,9.35,6,3,0,0,,
19,200,10.690660941354,PVC,2005.0,9.35,6,3,0,0,,
71,150,60.5305361560091,CI,1953.0,7.75,6,1,0,0,,
19,150,7.977449299425,PVC,2005.0,9.35,6,2,0,0,,
19,150,138.631028976129,PVC,2005.0,9.35,6,2,0,0,,
46,150,243.243619734149,DI,1978.0,8.5,5,1,0,0,,
46,150,4.00064317216062,DI,1978.0,8.5,0,1,0,0,,
46,150,175.027390206178,DI,1978.0,8.5,5,1,0,0,,
46,150,8.55746902770625,DI,1978.0,8.5,5,1,0,0,,
49,150,29.9044362266961,AC,1975.0,8.7,5,1,0,0,,
49,150,4.71087030478227,AC,1975.0,8.7,5,1,0,0,,
20,150,223.393521445436,PVC,2004.0,9.35,5,2,0,0,,
20,150,12.0227407455948,PVC,2004.0,9.35,5,2,0,0,,
14,200,19.2124001202677,PVC,2010.0,9.35,6,0,0,0,,
14,200,136.554816309378,PVC,2010.0,9.35,6,0,0,0,,
29,450,4.90305977963708,PVC,1995.0,9.35,6,0,0,0,,
29,450,44.9713046851179,PVC,1995.0,9.35,6,0,0,0,,
39,300,5.79835813339273,DI,1985.0,9.1,7,1,0,0,,
39,300,36.4696570721817,DI,1985.0,9.1,7,1,0,0,,
36,150,12.8875071285012,DI,1988.0,9.1,6,1,0,0,,
36,150,44.0760671828303,DI,1988.0,9.1,6,1,0,0,,
46,300,79.4735850569554,DI,1978.0,8.5,7,1,0,0,,
45,300,87.1091086435515,DI,1979.0,6.5,7,1,1,1,-80.481162496429,43.468961132043
19,150,14.693127758109,PVC,2005.0,9.35,6,2,0,0,,
19,150,14.5112663921537,PVC,2005.0,9.35,6,2,0,0,,
19,150,240.037712999744,PVC,2005.0,9.35,6,2,0,0,,
58,150,7.63648391618723,DI,1966.0,8.5,6,1,4,1,-80.4386473115543,43.4575877313849
58,150,51.9848725402671,DI,1966.0,4.58,5,1,4,1,-80.4386473115543,43.4575877313849
51,150,9.1600054591834,DI,1973.0,8.5,6,3,0,0,,
51,150,65.4677990139588,DI,1973.0,8.5,6,3,0,0,,
13,300,183.417503846644,PVC,2011.0,9.35,5,1,0,0,,
57,100,12.6619082292437,DI,1967.0,8.5,5,1,0,0,,
57,100,71.3405974621366,DI,1967.0,8.5,5,1,0,0,,
20,150,6.80372318549597,PVC,2004.0,9.35,7,1,0,0,,
20,150,14.5455532807545,PVC,2004.0,9.35,6,1,0,0,,
20,150,135.868954125885,PVC,2004.0,9.35,7,1,0,0,,
20,150,115.326799154678,PVC,2004.0,9.35,7,1,0,0,,
57,150,10.7560735209557,CI,1967.0,7.85,6,1,4,1,-80.4386473115543,43.4575877313849
57,150,230.178455628408,CI,1967.0,4.25,6,1,8,1,-80.4381950025831,43.4556546404614
57,150,11.408059845904,CI,1967.0,3.93,6,1,8,1,-80.4381950025831,43.4556546404614
57,150,71.0989569078643,CI,1967.0,5.45,7,1,1,1,-80.4328673252994,43.4534766851169
57,150,7.01749718326998,CI,1967.0,7.85,6,1,1,1,-80.4328673252994,43.4534766851169
19,150,17.613054613322,PVC,2005.0,9.35,0,1,0,0,,
19,150,83.0269083225882,PVC,2005.0,9.35,6,1,0,0,,
57,200,87.1305349106601,DI,1967.0,5.3,6,1,1,1,-80.5209197109038,43.4319895924986
37,300,38.4878907211879,DI,1987.0,9.1,6,0,0,0,,
37,300,10.5351601430001,DI,1987.0,9.1,6,0,0,0,,
21,200,10.3051226889712,PVC,2003.0,9.35,6,1,0,0,,
21,200,5.01890813624172,PVC,2003.0,9.35,6,1,0,0,,
21,200,74.2114882228178,PVC,2003.0,9.35,6,1,0,0,,
15,300,33.4531138953071,PVC,2009.0,9.35,8,1,0,0,,
14,300,71.3539592219824,PVC,2010.0,9.35,6,2,0,0,,
14,300,15.9487772598135,PVC,2010.0,9.35,6,2,0,0,,
14,300,103.096978106262,PVC,2010.0,9.35,6,2,0,0,,
34,300,2.99485064716661,DI,1990.0,9.1,7,1,0,0,,
34,300,6.54977382459944,DI,1990.0,9.1,7,1,0,0,,
52,300,81.4685651832358,DI,1972.0,8.5,6,5,1,1,-80.4192880367943,43.4267865774632
50,300,32.3646075477556,DI,1974.0,8.5,6,1,0,0,,
14,300,92.5887058477426,PVC,2010.0,9.35,8,1,0,0,,
56,150,8.15257888905269,DI,1968.0,8.5,5,1,0,0,,
56,150,120.055479047477,DI,1968.0,8.5,5,1,0,0,,
46,150,12.4432209204611,DI,1978.0,8.5,7,1,0,0,,
66,150,78.1732986410958,CI,1958.0,7.75,5,1,0,0,,
66,150,7.47292949379796,CI,1958.0,7.3,5,1,0,0,,
21,150,8.3080805486692,PVC,2003.0,9.35,6,3,0,0,,
23,150,43.3791219724654,PVC,2001.0,9.35,6,3,0,0,,
23,150,8.23747682659766,PVC,2001.0,9.35,6,3,0,0,,
23,150,163.034800113075,PVC,2001.0,9.35,6,3,0,0,,
23,150,122.601513967838,PVC,2001.0,9.35,6,3,0,0,,
26,250,217.784501153821,PVC,1998.0,9.35,6,4,0,0,,
26,250,1.35250032148735,PVC,1998.0,9.35,5,4,0,0,,
32,300,83.9760529006953,DI,1992.0,7.1,5,7,1,1,-80.467904247428,43.4790777435348
35,150,12.6427007874373,DI,1989.0,9.1,6,3,0,0,,
35,150,13.8310474759142,DI,1989.0,9.1,6,3,0,0,,
35,150,67.5331362217406,DI,1989.0,9.1,6,3,0,0,,
48,100,7.61982001843846,PVC,1976.0,9.35,5,1,0,0,,
48,100,72.0110816930421,PVC,1976.0,8.9,5,1,0,0,,
30,150,5.37736324773046,DI,1994.0,9.1,5,1,0,0,,
30,150,161.175215396142,DI,1994.0,9.1,5,1,0,0,,
30,150,8.90825479215568,DI,1994.0,9.1,5,1,0,0,,
14,300,14.9041799060625,PVC,2010.0,9.35,7,1,0,0,,
62,450,188.382060678215,CI,1962.0,7.85,7,1,0,0,,
70,150,2.56093548575723,CI,1954.0,7.75,6,1,1,1,-80.5091900221608,43.4338034428711
70,150,134.065030743112,CI,1954.0,6.55,6,1,1,1,-80.5091900221608,43.4338034428711
30,150,9.6994396998024,DI,1994.0,9.1,6,1,0,0,,
57,300,83.8261929130403,DI,1967.0,8.5,7,1,0,0,,
57,300,97.6221430222952,DI,1967.0,8.5,7,1,0,0,,
55,450,158.822708424611,DI,1969.0,8.5,6,2,0,0,,
55,450,18.5903968069983,DI,1969.0,8.5,7,2,0,0,,
66,150,1.82803085282779,CI,1958.0,7.75,6,1,2,1,-80.4955392961978,43.4282190172597
66,150,89.0494480379119,CI,1958.0,4.55,6,1,2,1,-80.4955392961978,43.4282190172597
45,200,11.0933719157544,DI,1979.0,8.5,6,2,0,0,,
45,200,98.8385418140527,DI,1979.0,8.5,6,2,0,0,,
66,200,7.50757830546218,CI,1958.0,7.75,6,1,1,1,-80.4546334992087,43.4587754271513
66,200,101.006407997161,CI,1958.0,7.75,6,1,1,1,-80.4546334992087,43.4587754271513
29,300,8.18846371472175,PVC,1995.0,9.35,0,1,0,0,,
29,300,1.88714854186121,PVC,1995.0,9.35,0,1,0,0,,
19,150,7.17129411986673,PVC,2005.0,9.35,6,1,0,0,,
19,150,0.772275552455015,PVC,2005.0,9.35,0,1,0,0,,
19,150,6.16122608838655,PVC,2005.0,9.35,6,1,0,0,,
19,150,163.958431528621,PVC,2005.0,9.35,6,1,0,0,,
45,200,13.106088414024,DI,1979.0,8.5,6,2,2,1,-80.4437321259993,43.390293744157
45,200,88.5254406573946,DI,1979.0,5.3,6,2,2,1,-80.4437321259993,43.390293744157
27,300,6.71899728330953,PVC,1997.0,9.35,7,3,0,0,,
27,300,89.259595401697,PVC,1997.0,9.35,7,3,0,0,,
55,200,0.445405343272146,DI,1969.0,8.5,7,1,0,0,,
55,200,54.3697897196627,DI,1969.0,8.5,7,1,1,1,-80.4448455263617,43.4227336638109
55,200,161.70296809256,DI,1969.0,7.3,7,1,1,1,-80.4448455263617,43.4227336638109
38,150,64.919228600337,DI,1986.0,9.1,5,1,0,0,,
38,150,11.2532404322962,DI,1986.0,9.1,5,1,0,0,,
75,150,75.6336145518571,CI,1949.0,7.75,6,1,0,0,,
20,150,8.11056584012337,PVC,2004.0,9.35,5,4,0,0,,
20,150,154.490295246991,PVC,2004.0,9.35,5,4,0,0,,
20,150,5.48407814086923,PVC,2004.0,9.35,5,4,0,0,,
22,150,13.1750719167387,PVC,2002.0,9.35,6,1,0,0,,
22,150,96.8721860956606,PVC,2002.0,9.35,6,1,0,0,,
22,150,112.508407433113,PVC,2002.0,9.35,6,1,0,0,,
22,150,8.63200014717265,PVC,2002.0,9.35,6,1,0,0,,
58,150,7.20979824374592,CI,1966.0,7.85,6,1,2,1,-80.448429752442,43.4604931546977
58,150,75.7816719387838,CI,1966.0,4.65,6,1,2,1,-80.448429752442,43.4604931546977
56,300,5.84333200767353,DI,1968.0,8.5,7,2,0,0,,
56,300,1.77702155381722,DI,1968.0,8.5,7,2,0,0,,
14,150,13.245758511769,PVC,2010.0,9.35,6,1,0,0,,
51,100,68.9806225210823,DI,1973.0,8.5,5,1,1,1,-80.4753299948803,43.4148853246876
57,150,195.894075005301,DI,1967.0,6.5,5,1,2,1,-80.4493494176585,43.4442578299681
57,150,12.4933660786404,DI,1967.0,8.5,5,1,2,1,-80.4493494176585,43.4442578299681
61,150,50.7341946406989,CI,1963.0,7.85,6,1,0,0,,
61,200,30.2889862060759,CI,1963.0,7.85,7,1,0,0,,
61,200,206.522304707546,CI,1963.0,7.85,7,1,0,0,,
57,200,1.46032439862975,CI,1967.0,7.85,7,1,1,1,-80.4652116976829,43.4250661284287
18,200,11.790160773229,PVC,2006.0,9.35,6,4,0,0,,
18,200,11.6366758250829,PVC,2006.0,9.35,6,4,0,0,,
18,200,175.060457995707,PVC,2006.0,9.35,5,4,0,0,,
52,150,35.6042278054356,CI,1972.0,7.75,5,1,0,0,,
52,150,4.58842432175418,CI,1972.0,7.75,5,1,0,0,,
50,150,175.604710413369,CI,1974.0,7.55,5,3,6,1,-80.5180611674964,43.4239368662248
50,150,376.09302712088,CI,1974.0,6.35,5,3,6,1,-80.5180611674964,43.4239368662248
50,150,9.75592107432231,CI,1974.0,8.35,5,3,6,1,-80.5180611674964,43.4239368662248
39,300,5.78242847353893,DI,1985.0,9.1,6,1,0,0,,
39,300,69.5477257581257,DI,1985.0,9.1,7,1,0,0,,
39,300,12.1656724536284,DI,1985.0,9.1,7,1,0,0,,
23,200,76.9238702546967,PVC,2001.0,9.35,7,1,0,0,,
19,300,67.2981809411537,PVC,2005.0,9.35,6,3,0,0,,
19,300,12.0414263406323,PVC,2005.0,9.35,7,3,0,0,,
19,300,108.175160141771,PVC,2005.0,9.35,7,3,0,0,,
38,150,78.9105191575596,DI,1986.0,9.1,5,1,0,0,,
18,150,4.62190293332747,PVC,2006.0,9.35,7,1,0,0,,
18,150,9.8885194856439,PVC,2006.0,9.35,7,1,0,0,,
50,300,7.024883555303,DI,1974.0,8.5,6,1,0,0,,
17,300,5.66500340776676,PVC,2007.0,9.35,6,3,0,0,,
17,300,63.6552846532686,PVC,2007.0,9.35,6,0,0,0,,
17,300,11.247217170858,PVC,2007.0,9.35,6,0,0,0,,
17,300,62.0777907234176,PVC,2007.0,9.35,0,3,0,0,,
59,150,12.3578078982061,DI,1965.0,8.5,5,1,2,1,-80.4426310675277,43.4460363684165
59,150,213.685380850888,DI,1965.0,6.9,5,1,2,1,-80.4426310675277,43.4460363684165
47,300,267.151930645119,DI,1977.0,8.5,7,2,0,0,,
47,300,350.084589558656,DI,1977.0,8.5,7,2,0,0,,
19,150,64.3927782714787,PVC,2005.0,9.35,6,1,0,0,,
19,150,5.27344396874093,PVC,2005.0,9.35,7,1,0,0,,
44,300,6.09592442236968,DI,1980.0,8.5,6,0,0,0,,
44,300,115.596974939134,DI,1980.0,8.5,6,0,0,0,,
57,200,7.61981140973108,DI,1967.0,8.5,6,1,2,1,-80.4516679239649,43.4213869980834
57,200,10.9725515433932,DI,1967.0,8.5,6,1,3,1,-80.4501035898585,43.4227281486621
57,200,231.000461909216,DI,1967.0,6.9,7,1,2,1,-80.4516679239649,43.4213869980834
51,38,12.7999090031866,DI,1973.0,8.5,4,1,1,1,-80.4753299948803,43.4148853246876
99,100,0.920340643723092,CI,1925.0,7.75,5,1,0,0,,
27,150,6.53475131865526,PVC,1997.0,9.35,5,1,0,0,,
27,150,142.552866371808,PVC,1997.0,9.35,5,1,0,0,,
66,150,122.242400623844,CI,1958.0,4.15,5,1,4,1,-80.4589831776774,43.4534140324227
66,150,14.2453368994642,CI,1958.0,7.75,5,1,4,1,-80.4589831776774,43.4534140324227
20,200,6.69253593756549,PVC,2004.0,9.35,6,3,0,0,,
20,200,74.5935656249312,PVC,2004.0,9.35,6,3,0,0,,
66,150,1.98121457767644,CI,1958.0,7.75,5,1,2,1,-80.5076476970794,43.4315070738918
66,150,165.371068897843,CI,1958.0,5.35,5,1,2,1,-80.5076476970794,43.4315070738918
41,300,13.78773095167,DI,1983.0,9.1,6,0,0,0,,
41,300,89.2336820846627,DI,1983.0,9.1,7,0,0,0,,
30,150,8.00606651992132,PVC,1994.0,9.35,5,1,0,0,,
30,150,124.863523210418,PVC,1994.0,9.35,6,1,0,0,,
30,150,18.4026384946597,PVC,1994.0,9.35,5,1,0,0,,
36,200,7.23930183955047,DI,1988.0,9.1,6,1,0,0,,
36,200,81.0641730638116,DI,1988.0,9.1,7,1,0,0,,
102,100,0.797387969887613,CI,1922.0,7.75,0,1,0,0,,
102,100,123.072793035505,CI,1922.0,5.5,6,1,0,0,,
14,150,10.4000028427386,PVC,2010.0,9.35,6,2,0,0,,
14,150,129.842391717021,PVC,2010.0,9.35,6,2,0,0,,
14,150,5.57035548627447,PVC,2010.0,9.35,6,2,0,0,,
24,150,13.4598187211209,PVC,2000.0,9.35,6,2,0,0,,
24,150,10.3029810209261,PVC,2000.0,9.35,6,2,0,0,,
24,150,190.963210256194,PVC,2000.0,9.35,6,2,0,0,,
24,150,109.540612136946,PVC,2000.0,9.35,6,2,0,0,,
24,150,125.804128693067,PVC,2000.0,9.35,6,2,0,0,,
4,150,7.19952812062034,DI,2020.0,9.1,6,1,0,0,,
4,150,6.33983222379867,DI,2020.0,9.1,5,1,0,0,,
28,300,21.3793009564686,PVC,1996.0,9.35,7,1,0,0,,
61,150,1.23442964402841,DI,1963.0,8.5,6,1,0,0,,
61,150,72.1198229101794,DI,1963.0,8.5,6,1,0,0,,
18,150,60.8449042812614,PVC,2006.0,9.35,5,7,0,0,,
39,200,11.9498453554533,DI,1985.0,9.1,6,2,0,0,,
39,200,122.218805550979,DI,1985.0,9.1,6,2,0,0,,
25,150,8.21796390248951,PVC,1999.0,9.35,5,3,0,0,,
25,150,96.307010408864,PVC,1999.0,9.35,5,3,0,0,,
25,150,164.340034873106,PVC,1999.0,9.35,5,3,0,0,,
25,150,8.85890786581425,PVC,1999.0,9.35,5,3,0,0,,
18,150,1.20384989061187,PVC,2006.0,9.35,5,1,0,0,,
18,150,153.505321449281,PVC,2006.0,9.35,6,1,0,0,,
51,300,19.2658384380888,DI,1973.0,8.5,7,1,0,0,,
51,300,44.6123089236176,DI,1973.0,8.5,7,1,0,0,,
51,300,64.5196582246117,DI,1973.0,8.5,8,1,0,0,,
51,38,12.7999577567793,DI,1973.0,8.5,4,1,1,1,-80.4753299948803,43.4148853246876
31,300,84.7394557037797,DI,1993.0,9.1,6,1,0,0,,
31,300,2.39966211122411,DI,1993.0,9.1,0,1,0,0,,
31,300,13.2999393486683,DI,1993.0,9.1,6,1,0,0,,
46,300,261.386565936321,DI,1978.0,8.5,8,1,0,0,,
50,150,98.9297237780662,CI,1974.0,7.75,5,1,1,1,-80.466134784846,43.4537776201812
19,150,106.43075724605,PVC,2005.0,8.9,6,1,0,0,,
19,150,7.96732663228715,PVC,2005.0,9.35,6,1,0,0,,
14,300,11.746461094739,PVC,2010.0,9.35,6,2,0,0,,
14,300,135.803705214684,PVC,2010.0,9.35,6,2,0,0,,
58,150,207.408982737474,DI,1966.0,8.1,5,1,1,1,-80.4526453201433,43.4441135478945
58,150,22.5147073354219,DI,1966.0,8.5,5,1,1,1,-80.4526453201433,43.4441135478945
62,450,275.634589371347,CI,1962.0,6.65,7,1,3,1,-80.4398006731111,43.4257653486271
62,450,2.05703339756822,CI,1962.0,7.85,7,1,3,1,-80.4398006731111,43.4257653486271
51,150,57.7308253530743,DI,1973.0,8.5,5,1,1,1,-80.4753299948803,43.4148853246876
67,150,7.80650661929237,CI,1957.0,7.75,6,1,0,0,,
67,150,209.777786847479,CI,1957.0,7.75,6,1,0,0,,
14,200,79.8105610748717,PVC,2010.0,9.35,6,5,0,0,,
14,200,151.297663456815,PVC,2010.0,9.35,6,5,0,0,,
21,250,5.41000739367595,PVC,2003.0,9.35,6,3,0,0,,
21,250,85.9233182813429,PVC,2003.0,9.35,6,3,0,0,,
21,250,3.99344117850836,PVC,2003.0,9.35,6,3,0,0,,
22,150,14.541864684298,PVC,2002.0,9.35,6,3,0,0,,
22,150,73.1654831915982,PVC,2002.0,9.35,6,3,0,0,,
21,150,16.9577175668889,PVC,2003.0,9.35,6,0,0,0,,
21,150,188.698187382122,PVC,2003.0,9.35,6,0,0,0,,
48,200,4.05594796801903,DI,1976.0,8.5,6,2,0,0,,
48,200,93.1767976195154,DI,1976.0,8.5,6,2,0,0,,
48,200,238.063506182627,DI,1976.0,8.5,7,2,0,0,,
48,200,0.299318308236138,DI,1976.0,8.5,7,2,0,0,,
55,150,78.6015558073028,DI,1969.0,8.5,5,3,0,0,,
55,150,7.30801539151559,DI,1969.0,8.5,5,3,0,0,,
59,150,12.8574943342589,CI,1965.0,7.85,5,1,7,1,-80.4445385286411,43.4450854478353
59,150,178.057416533737,CI,1965.0,4.05,5,1,7,1,-80.4445385286411,43.4450854478353
59,150,11.9950860706106,CI,1965.0,7.85,5,1,7,1,-80.4445385286411,43.4450854478353
28,300,11.2453997131416,PVC,1996.0,9.35,6,5,0,0,,
28,300,36.2731320377372,PVC,1996.0,9.35,6,5,0,0,,
46,200,70.6175360727696,DI,1978.0,8.5,7,2,1,1,-80.4117439734926,43.393372970834
46,200,16.8474915493703,DI,1978.0,4.7,6,2,1,1,-80.4117439734926,43.393372970834
46,200,118.571199816673,DI,1978.0,8.5,6,2,1,1,-80.4117439734926,43.393372970834
79,150,0.581974328882252,CI,1945.0,7.75,0,1,0,0,,
57,150,113.626813597165,DI,1967.0,8.5,7,1,0,0,,
57,150,7.89235354449657,DI,1967.0,8.5,5,1,0,0,,
48,150,0.916616038511652,DI,1976.0,8.5,6,2,2,1,-80.4093954503426,43.3933512450511
48,150,138.355021349986,DI,1976.0,8.5,6,2,0,0,,
52,450,422.262866707251,DI,1972.0,8.5,6,1,1,1,-80.4911701366943,43.4261095421214
52,450,261.196198650101,DI,1972.0,8.5,7,1,0,0,,
27,300,6.89268586775306,PVC,1997.0,9.35,6,2,0,0,,
27,300,10.6231800448679,PVC,1997.0,9.35,6,2,0,0,,
27,300,62.1863491952269,PVC,1997.0,9.35,6,2,0,0,,
27,300,57.0967757557419,PVC,1997.0,9.35,6,2,0,0,,
51,300,2.56562446711658,DI,1973.0,8.5,0,1,2,1,-80.4849579064514,43.4500714357252
70,0,58.3407548558214,CI,1954.0,7.75,6,1,0,0,,
70,150,13.5113290550951,CI,1954.0,7.75,6,1,0,0,,
30,300,7.64412162222348,DI,1994.0,9.1,7,1,0,0,,
21,150,13.5160141064897,PVC,2003.0,9.35,6,3,0,0,,
21,150,12.6021968978482,PVC,2003.0,9.35,6,3,0,0,,
21,150,61.844807987034,PVC,2003.0,9.35,6,3,0,0,,
21,150,74.2771890488843,PVC,2003.0,9.35,5,3,0,0,,
21,150,12.744616005911,PVC,2003.0,9.35,5,3,0,0,,
59,300,3.67690413362508,DI,1965.0,8.5,7,1,1,1,-80.4505766274396,43.4065753620276
59,300,241.81266703125,DI,1965.0,8.5,7,1,1,1,-80.4505766274396,43.4065753620276
59,300,0.92056000308317,DI,1965.0,8.5,8,1,1,1,-80.4505766274396,43.4065753620276
59,300,398.21467702652,DI,1965.0,8.5,7,1,1,1,-80.4505766274396,43.4065753620276
49,300,4.1276056014446,DI,1975.0,8.5,7,3,0,0,,
50,300,1.53207884922968,DI,1974.0,8.5,6,3,0,0,,
50,300,227.950525309279,DI,1974.0,8.5,7,3,0,0,,
49,300,122.342838864589,DI,1975.0,8.5,7,3,0,0,,
68,150,82.9156354955053,CI,1956.0,5.35,6,1,1,1,-80.4795695233656,43.4317547276015
56,450,155.923615231917,DI,1968.0,8.05,7,1,0,0,,
25,300,17.1770657147642,PVC,1999.0,9.35,7,1,0,0,,
25,300,316.789472083356,PVC,1999.0,9.35,7,1,0,0,,
25,300,12.816293187702,PVC,1999.0,9.35,7,1,0,0,,
37,50,23.8247561688112,DI,1987.0,9.1,5,1,0,0,,
17,450,61.8661120520832,PVC,2007.0,9.35,0,0,0,0,,
18,150,116.704045660486,PVC,2006.0,9.35,6,7,0,0,,
71,150,226.235345363729,CI,1953.0,7.75,5,1,0,0,,
71,150,10.0615733745433,CI,1953.0,7.75,6,1,0,0,,
52,300,65.2229052542856,DI,1972.0,8.5,7,5,0,0,,
52,300,14.3262076721526,DI,1972.0,8.5,6,5,0,0,,
28,150,10.2874585394807,DI,1996.0,9.1,7,1,1,1,-80.4918415531354,43.4436122674258
28,150,111.604908119826,DI,1996.0,7.5,6,1,1,1,-80.4918415531354,43.4436122674258
28,150,106.289548871028,DI,1996.0,9.1,6,1,1,1,-80.4918415531354,43.4436122674258
28,150,4.76669468392119,DI,1996.0,9.1,7,1,1,1,-80.4918415531354,43.4436122674258
27,300,17.3847354513895,DI,1997.0,9.1,6,1,0,0,,
19,200,66.3533958970119,PVC,2005.0,9.35,6,1,0,0,,
19,200,5.5849406440061,PVC,2005.0,9.35,6,1,0,0,,
33,300,174.547746011958,DI,1991.0,9.1,7,1,0,0,,
53,200,12.4919669059589,DI,1971.0,8.5,5,1,0,0,,
53,200,79.5761422494605,DI,1971.0,8.5,6,1,0,0,,
49,150,12.2707917191337,DI,1975.0,8.5,5,3,0,0,,
49,150,153.959009316896,DI,1975.0,8.5,6,3,0,0,,
21,150,9.19015551595749,PVC,2003.0,9.35,6,3,0,0,,
21,150,5.51160489184177,PVC,2003.0,9.35,6,3,0,0,,
21,150,130.494652181348,PVC,2003.0,9.35,6,3,0,0,,
42,150,91.1860500557315,DI,1982.0,5.9,6,1,2,1,-80.4728796605949,43.4502386593684
48,300,120.643259311042,DI,1976.0,8.5,7,2,0,0,,
48,300,7.62001343815016,DI,1976.0,8.5,6,2,0,0,,
61,150,12.2974868236287,CI,1963.0,7.85,6,1,7,1,-80.4463155660596,43.4524739914038
61,150,107.851368060113,CI,1963.0,4.25,7,1,7,1,-80.4463155660596,43.4524739914038
26,450,5.12588263568504,PVC,1998.0,9.35,7,0,0,0,,
26,450,8.72026201308268,PVC,1998.0,9.35,7,0,0,0,,
26,450,94.5739020922046,PVC,1998.0,9.35,7,0,0,0,,
23,300,85.7528033407514,PVC,2001.0,9.35,7,1,0,0,,
57,150,50.6374061036649,CI,1967.0,5.05,5,1,2,1,-80.4356519755386,43.452202637133
57,150,52.5156709233879,CI,1967.0,5.05,5,1,2,1,-80.4356519755386,43.452202637133
26,450,217.606271300977,PVC,1998.0,9.35,7,0,0,0,,
26,450,8.88305983220808,PVC,1998.0,9.35,6,0,0,0,,
63,150,7.94116526319465,CI,1961.0,7.75,6,1,0,0,,
63,150,67.1376714362237,CI,1961.0,7.75,6,1,0,0,,
50,150,12.7585069172718,DI,1974.0,8.5,6,3,0,0,,
50,150,69.2496038935272,DI,1974.0,8.5,6,3,0,0,,
38,150,0.584370567901763,DI,1986.0,9.1,6,2,1,1,-80.4554733955392,43.3946566608843
38,150,171.155370708852,DI,1986.0,9.1,6,2,0,0,,
38,150,20.511113400709,DI,1986.0,9.1,6,2,0,0,,
38,150,156.089697536589,DI,1986.0,9.1,6,2,0,0,,
71,150,6.74394316761679,CI,1953.0,7.75,6,1,1,1,-80.4499592470292,43.4295323867224
71,150,13.2017098375135,CI,1953.0,7.75,6,1,1,1,-80.4499592470292,43.4295323867224
71,150,252.16934636168,CI,1953.0,6.9,6,1,1,1,-80.4499592470292,43.4295323867224
22,150,11.3579494275888,PVC,2002.0,9.35,6,0,0,0,,
22,150,90.8988350358965,PVC,2002.0,9.35,6,0,0,0,,
47,200,56.6974102967032,DI,1977.0,8.5,6,2,2,1,-80.4330941190066,43.3932616006197
47,200,187.836156430746,DI,1977.0,6.5,7,2,2,1,-80.4330941190066,43.3932616006197
47,200,15.2054968553143,DI,1977.0,8.5,7,2,2,1,-80.4330941190066,43.3932616006197
48,150,41.6318449284358,PVC,1976.0,9.35,6,1,0,0,,
48,150,66.6379640864491,PVC,1976.0,9.35,6,1,0,0,,
33,150,167.435835234953,PVC,1991.0,9.35,5,1,0,0,,
56,150,88.1007524041806,DI,1968.0,8.5,5,3,1,1,-80.5269791269277,43.4417490560414
56,150,9.34632632004709,DI,1968.0,8.5,5,3,1,1,-80.5269791269277,43.4417490560414
13,150,5.202765549181,PVC,2011.0,9.35,6,1,0,0,,
72,150,70.2535706967877,CI,1952.0,7.3,5,1,0,0,,
28,300,10.5657765177574,PVC,1996.0,9.35,6,5,0,0,,
28,300,113.111079466461,PVC,1996.0,9.35,6,5,0,0,,
71,150,122.76487429757,CI,1953.0,4.55,5,1,3,1,-80.470700337852,43.4536000011307
20,150,70.9399917980808,PVC,2004.0,9.35,6,1,0,0,,
20,150,159.091985902148,PVC,2004.0,9.35,7,1,0,0,,
20,150,128.5854862369,PVC,2004.0,9.35,6,1,0,0,,
39,300,13.3241608999986,DI,1985.0,9.1,7,1,0,0,,
39,300,161.036336555786,DI,1985.0,9.1,7,1,0,0,,
31,150,12.3612414391484,DI,1993.0,9.1,6,1,0,0,,
31,150,154.620636065394,DI,1993.0,9.1,6,1,0,0,,
31,150,13.2505227547946,DI,1993.0,9.1,6,1,0,0,,
31,150,166.064305836103,DI,1993.0,9.1,6,1,0,0,,
20,600,1.46414170160893,DI,2004.0,9.1,0,1,0,0,,
27,300,11.6915083651263,PVC,1997.0,9.35,6,2,0,0,,
27,300,18.1315420519349,PVC,1997.0,9.35,6,2,0,0,,
27,300,161.657418565703,PVC,1997.0,9.35,6,2,0,0,,
33,300,14.4912928619642,DI,1991.0,9.1,7,5,0,0,,
33,300,116.22775546821,DI,1991.0,9.1,7,5,0,0,,
33,300,94.6288555398401,DI,1991.0,9.1,7,5,0,0,,
33,300,29.4896759481499,DI,1991.0,9.1,7,5,0,0,,
33,300,94.946420169642,DI,1991.0,9.1,7,5,0,0,,
33,300,61.560137313745,DI,1991.0,9.1,7,5,0,0,,
39,300,127.021601835803,DI,1985.0,9.1,6,0,0,0,,
39,300,7.50941077865119,DI,1985.0,9.1,6,0,0,0,,
22,250,12.9992847867933,PVC,2002.0,9.35,6,2,0,0,,
22,250,3.40018335074241,PVC,2002.0,9.35,6,2,0,0,,
22,250,39.6002448674805,PVC,2002.0,9.35,6,2,0,0,,
69,150,7.77014250674408,CI,1955.0,7.75,6,1,1,1,-80.462478199794,43.4593882135432
69,150,369.515456509178,CI,1955.0,4.9,6,1,5,1,-80.461749268758,43.458102263393
69,150,13.4102464514622,CI,1955.0,7.75,6,1,5,1,-80.461749268758,43.458102263393
53,300,15.6232559292032,DI,1971.0,8.5,7,2,0,0,,
53,300,154.630837012696,DI,1971.0,8.5,7,2,0,0,,
75,150,116.040482605612,CI,1949.0,7.75,6,1,0,0,,
20,150,99.1589172622017,PVC,2004.0,9.35,5,4,0,0,,
35,150,12.3149783588953,DI,1989.0,9.1,7,0,0,0,,
35,150,111.950220631391,DI,1989.0,9.1,6,0,0,0,,
35,150,162.660564530107,DI,1989.0,9.1,6,0,0,0,,
35,150,6.38980010508859,DI,1989.0,9.1,6,0,0,0,,
55,150,12.4897677294078,DI,1969.0,8.5,5,1,0,0,,
55,150,12.4965908507153,DI,1969.0,8.5,5,1,0,0,,
55,150,183.118258390817,DI,1969.0,8.5,5,1,0,0,,
55,150,285.50676357024,DI,1969.0,8.5,5,1,0,0,,
55,150,182.674811469596,DI,1969.0,8.5,5,1,0,0,,
51,300,192.304738103714,DI,1973.0,8.5,6,1,0,0,,
51,300,28.9186393161299,DI,1973.0,8.5,6,1,0,0,,
14,300,6.61269095052207,PVC,2010.0,9.35,6,2,0,0,,
70,0,57.1872391248669,CI,1954.0,5.75,6,1,1,1,-80.4644284421093,43.4564029626468
30,300,106.05581383377,DI,1994.0,7.05,7,1,1,1,-80.4892112609768,43.4519330121608
53,200,16.3322413905226,DI,1971.0,4.7,6,2,1,1,-80.4406396045076,43.3974246417473
53,200,7.03869427283682,DI,1971.0,8.5,6,2,1,1,-80.4406396045076,43.3974246417473
44,200,9.56903045572316,DI,1980.0,8.5,6,3,0,0,,
44,200,104.125993144706,DI,1980.0,8.5,6,3,0,0,,
51,300,9.02402009161191,DI,1973.0,8.5,6,1,0,0,,
43,150,5.98730136135571,DI,1981.0,8.5,5,1,0,0,,
43,150,145.67084731192,DI,1981.0,8.5,5,1,0,0,,
43,150,3.65923543949244,DI,1981.0,8.5,5,1,2,1,-80.4187572151582,43.4247119760456
60,300,110.262387146999,DI,1964.0,5.7,7,1,3,1,-80.449256073978,43.4459657066898
65,150,0.91483856472795,CI,1959.0,7.75,7,1,3,1,-80.4605677736442,43.4613274354713
65,150,71.4383666125054,CI,1959.0,3.95,7,1,3,1,-80.4605677736442,43.4613274354713
37,450,125.937322417324,DI,1987.0,9.1,8,1,2,1,-80.4984565964747,43.4495794011375
18,300,257.434193309495,PVC,2006.0,9.35,9,1,0,0,,
25,600,769.055769229481,PVC,1999.0,9.35,8,3,0,0,,
101,50,76.690083765793,HDPE,1923.0,9.2,7,1,1,1,-80.5138584638292,43.4568092119606
55,600,86.7334070370784,DI,1969.0,8.5,8,1,0,0,,
55,600,7.10293885205363,DI,1969.0,8.5,7,1,0,0,,
38,450,41.6055854146954,DI,1986.0,9.1,7,1,0,0,,
23,300,4.44643035802553,PVC,2001.0,9.35,7,1,0,0,,
23,300,7.78587963707751,PVC,2001.0,9.35,7,1,0,0,,
101,150,138.194598602295,CI,1923.0,3.85,6,1,3,1,-80.4840046087279,43.4629392047685
63,300,25.2346086667838,DI,1961.0,8.5,6,1,0,0,,
63,300,314.511803521601,DI,1961.0,8.5,8,1,0,0,,
18,300,152.238389535876,PVC,2006.0,8.15,7,1,0,0,,
18,300,11.7487712235086,PVC,2006.0,9.35,7,1,0,0,,
24,200,59.1555154734439,PVC,2000.0,9.35,6,5,0,0,,
24,200,145.748086160574,PVC,2000.0,9.35,6,5,0,0,,
20,200,7.32576760876214,PVC,2004.0,9.35,6,1,0,0,,
20,200,55.1399070270055,PVC,2004.0,9.35,6,1,0,0,,
47,150,0.961236287260924,DI,1977.0,8.5,0,2,0,0,,
47,150,170.073559762409,DI,1977.0,8.5,5,2,0,0,,
47,150,7.30103322136244,DI,1977.0,8.5,5,2,0,0,,
108,150,73.2527333509686,CI,1916.0,5.5,8,1,0,0,,
71,150,128.496936047064,CI,1953.0,7.3,5,1,0,0,,
71,150,9.67911368056703,CI,1953.0,7.75,5,1,1,1,-80.4670715091221,43.4582660487765
37,200,18.4659674251755,DI,1987.0,9.1,6,3,0,0,,
37,200,77.5265671176306,DI,1987.0,9.1,5,3,0,0,,
29,450,5.74903717672964,PVC,1995.0,9.35,6,0,0,0,,
29,450,9.31793078141127,PVC,1995.0,9.35,6,0,0,0,,
29,450,87.2120975456115,PVC,1995.0,9.35,6,0,0,0,,
29,300,27.0873407291202,DI,1995.0,9.1,8,1,0,0,,
29,300,1.88271621663411,DI,1995.0,9.1,8,1,0,0,,
32,150,184.12447825807,DI,1992.0,9.1,5,7,0,0,,
61,150,163.270266824109,CI,1963.0,7.85,5,1,0,0,,
61,150,8.30615990634894,CI,1963.0,7.85,5,1,0,0,,
22,200,13.0085041240921,PVC,2002.0,9.35,6,2,0,0,,
22,200,79.2028695000789,PVC,2002.0,9.35,6,2,0,0,,
62,300,2.3699631503743,CI,1962.0,7.85,0,1,0,0,,
62,300,39.9846380113586,CI,1962.0,7.85,7,1,0,0,,
62,300,29.3823721851596,CI,1962.0,7.85,7,1,0,0,,
25,150,155.102696451589,PVC,1999.0,9.35,6,1,0,0,,
25,0,143.200482791252,PVC,1999.0,9.35,6,1,0,0,,
21,150,6.65348331742531,PVC,2003.0,9.35,6,1,0,0,,
33,150,101.273773842281,DI,1991.0,9.1,6,3,0,0,,
33,150,49.4234912111653,DI,1991.0,9.1,6,3,0,0,,
33,150,56.8185988012723,DI,1991.0,9.1,6,3,0,0,,
33,150,10.1157006777956,DI,1991.0,9.1,6,3,0,0,,
29,150,36.9604126817242,DI,1995.0,9.1,6,1,0,0,,
29,150,18.0141012248877,DI,1995.0,9.1,7,1,0,0,,
20,150,7.64051077307909,PVC,2004.0,9.35,6,1,0,0,,
20,150,10.5043614302589,PVC,2004.0,9.35,6,1,0,0,,
20,150,84.7196951704033,PVC,2004.0,9.35,6,1,0,0,,
75,150,43.8927209864009,CI,1949.0,7.75,5,1,0,0,,
78,200,76.6135956141943,CI,1946.0,5.35,6,1,1,1,-80.4869706474725,43.4719867542457
16,150,138.633595163075,PVC,2008.0,6.95,7,1,0,0,,
50,150,12.4969604434672,DI,1974.0,8.5,5,1,0,0,,
50,150,248.418310857499,DI,1974.0,8.5,5,1,0,0,,
50,150,12.2114415122829,DI,1974.0,8.5,5,1,0,0,,
28,300,8.29093863643953,DI,1996.0,9.1,7,1,0,0,,
68,450,139.431183969775,DI,1956.0,8.5,6,1,1,1,-80.5011383425045,43.4315365727353
68,450,9.093864937511,DI,1956.0,8.5,6,1,2,1,-80.4999532612671,43.4305705237327
33,150,13.9436714645631,DI,1991.0,9.1,6,1,0,0,,
33,150,9.77180695833841,DI,1991.0,9.1,6,1,0,0,,
33,150,196.031155004564,DI,1991.0,9.1,6,1,0,0,,
33,150,153.685105145292,DI,1991.0,9.1,6,1,0,0,,
24,450,1.13037442032645,DI,2000.0,9.1,0,1,0,0,,
24,450,23.4412180595378,DI,2000.0,9.1,6,1,0,0,,
24,450,1.15905188906703,DI,2000.0,9.1,0,1,0,0,,
24,450,358.159589322918,DI,2000.0,9.1,7,1,0,0,,
14,200,13.5641350509665,PVC,2010.0,9.35,7,1,0,0,,
14,200,156.945483656509,PVC,2010.0,8.15,7,1,0,0,,
65,150,10.6957388229516,CI,1959.0,7.75,7,1,1,1,-80.4551502886221,43.438688504413
65,150,137.886902353196,CI,1959.0,7.75,6,1,0,0,,
20,300,101.030736736801,PVC,2004.0,9.35,7,1,0,0,,
72,200,15.1356693932711,CI,1952.0,7.75,6,1,0,0,,
72,200,393.282377945715,CI,1952.0,7.75,7,1,0,0,,
72,200,2.67100007994418,CI,1952.0,7.75,7,1,0,0,,
20,150,10.4998915620885,PVC,2004.0,9.35,6,2,0,0,,
20,150,90.3511691766013,PVC,2004.0,9.35,5,2,0,0,,
19,200,16.1299788394937,PVC,2005.0,9.35,6,1,0,0,,
19,200,188.084066114614,PVC,2005.0,9.35,6,1,0,0,,
19,200,15.5632163478564,PVC,2005.0,9.35,6,1,0,0,,
51,150,67.8551281125926,DI,1973.0,8.5,5,1,1,1,-80.4753299948803,43.4148853246876
51,150,5.21162531166267,DI,1973.0,8.5,5,1,1,1,-80.4753299948803,43.4148853246876
18,150,112.4993791542,PVC,2006.0,9.35,5,7,0,0,,
43,150,80.1091530661749,DI,1981.0,8.5,5,7,0,0,,
32,150,2.59795545117467,DI,1992.0,9.1,5,7,0,0,,
44,300,12.4763700170635,DI,1980.0,8.5,6,7,0,0,,
43,300,7.61960759046173,DI,1981.0,8.5,6,7,0,0,,
43,300,12.4896641881276,DI,1981.0,8.5,6,7,1,1,-80.4587718563259,43.4790321066448
9,150,76.0122690604374,PVC,2015.0,9.35,0,2,0,0,,
9,150,149.230398625673,PVC,2015.0,9.35,0,2,0,0,,
9,150,158.212023239239,PVC,2015.0,9.35,0,2,0,0,,
9,200,16.2005130190079,PVC,2015.0,9.35,0,2,0,0,,
46,150,80.1846701836071,DI,1978.0,8.5,5,1,0,0,,
46,150,7.15594647357246,DI,1978.0,8.5,5,1,0,0,,
9,200,13.8806949255469,PVC,2015.0,9.35,0,2,0,0,,
9,200,1.0989289423854,PVC,2015.0,9.35,0,2,0,0,,
58,450,3.3527946779437,DI,1966.0,8.5,0,1,2,1,-80.4389966719414,43.4432389437636
58,450,629.642973766386,DI,1966.0,8.5,7,1,2,1,-80.4389966719414,43.4432389437636
49,200,13.1209600715798,DI,1975.0,8.5,7,1,0,0,,
49,200,2.26043340926967,DI,1975.0,8.5,0,3,0,0,,
49,200,196.855562513196,DI,1975.0,8.5,7,3,0,0,,
49,200,123.423617340468,DI,1975.0,8.5,7,3,0,0,,
30,0,78.897397604447,CI,1994.0,7.75,7,1,0,0,,
16,300,3.31317341751529,PVC,2008.0,9.35,7,1,0,0,,
16,300,6.95173079567922,PVC,2008.0,9.35,7,1,0,0,,
22,250,12.6080820932444,PVC,2002.0,9.35,6,2,0,0,,
22,250,73.5583539680647,PVC,2002.0,9.35,6,2,0,0,,
22,250,6.17199194149937,PVC,2002.0,9.35,6,2,0,0,,
32,150,69.9390987906239,DI,1992.0,9.1,5,7,0,0,,
51,300,57.2653424163231,DI,1973.0,8.5,6,1,0,0,,
34,200,94.4428009609117,PVC,1990.0,9.35,6,2,0,0,,
62,150,1.79873729452192,CI,1962.0,7.85,6,1,3,1,-80.505596895075,43.4251277656667
62,150,76.9677010902573,CI,1962.0,4.65,7,1,3,1,-80.505596895075,43.4251277656667
74,150,0.304658497314839,CI,1950.0,7.75,7,1,0,0,,
74,150,190.636863321501,CI,1950.0,7.3,7,1,0,0,,
53,200,9.57609026740261,DI,1971.0,8.5,6,1,0,0,,
53,200,82.4556619625886,DI,1971.0,8.5,6,1,0,0,,
53,200,148.645594965193,DI,1971.0,8.5,6,1,0,0,,
67,150,7.08502640335003,CI,1957.0,7.75,7,1,0,0,,
17,150,285.754585666729,PVC,2007.0,9.35,6,3,1,1,-80.5065286038441,43.4200733220755
38,150,10.4319176685245,DI,1986.0,9.1,5,1,0,0,,
38,150,137.800087949383,DI,1986.0,9.1,5,1,0,0,,
38,150,7.84401885634826,DI,1986.0,9.1,5,1,0,0,,
46,300,68.2703888943969,DI,1978.0,8.5,6,1,0,0,,
46,300,21.2057236609877,DI,1978.0,8.5,6,1,0,0,,
30,150,3.30261956655861,PVC,1994.0,9.35,6,0,0,0,,
30,150,87.595354264728,PVC,1994.0,9.35,6,0,0,0,,
13,150,181.266282145253,PVC,2011.0,8.55,6,1,0,0,,
55,200,1.0505629010723,DI,1969.0,8.5,7,1,0,0,,
55,200,127.938772396098,DI,1969.0,8.5,7,1,0,0,,
50,150,6.96407064867937,DI,1974.0,4.58,6,1,1,1,-80.4729051740082,43.4113684939286
50,150,74.0434016496702,DI,1974.0,8.5,6,1,1,1,-80.4729051740082,43.4113684939286
38,150,12.0299637080769,DI,1986.0,9.1,5,1,0,0,,
38,150,0.457543975770847,DI,1986.0,9.1,5,1,0,0,,
38,150,72.4940949544261,DI,1986.0,9.1,5,1,0,0,,
27,150,5.97274380172024,PVC,1997.0,9.35,8,1,0,0,,
27,150,74.3893428364176,PVC,1997.0,9.35,8,1,0,0,,
46,150,7.57211611889183,DI,1978.0,8.5,6,1,0,0,,
46,150,98.5865753813343,DI,1978.0,8.5,6,1,0,0,,
25,150,139.62108082009,PVC,1999.0,9.35,5,1,0,0,,
25,150,57.5499135206106,PVC,1999.0,9.35,5,1,0,0,,
14,150,199.651215584842,PVC,2010.0,6.95,5,1,0,0,,
44,150,1.30958924829994,DI,1980.0,8.5,6,2,0,0,,
44,150,1.07966130094184,DI,1980.0,8.5,6,2,0,0,,
44,150,119.95472464851,DI,1980.0,8.5,6,2,0,0,,
44,150,162.612114123315,DI,1980.0,8.5,6,2,0,0,,
27,150,61.6276597573389,PVC,1997.0,9.35,5,1,0,0,,
52,150,7.30768355064593,DI,1972.0,8.5,6,1,0,0,,
39,300,13.9752263410387,DI,1985.0,9.1,7,1,0,0,,
50,300,9.90380984348842,DI,1974.0,8.5,6,3,0,0,,
50,300,163.201303548549,DI,1974.0,8.5,6,3,0,0,,
56,150,84.6625205796802,DI,1968.0,6.5,5,3,1,1,-80.5212672266475,43.4184146887293
56,150,12.748415689093,DI,1968.0,8.5,5,3,1,1,-80.5212672266475,43.4184146887293
102,100,0.992927581462334,CI,1922.0,7.75,0,1,0,0,,
102,100,84.7326742451838,CI,1922.0,5.5,5,1,0,0,,
24,300,6.50003279991246,PVC,2000.0,9.35,7,2,0,0,,
24,300,179.921229577104,PVC,2000.0,9.35,7,2,0,0,,
24,300,150.020813224061,PVC,2000.0,9.35,6,2,0,0,,
14,150,14.9850916196807,DI,2010.0,9.1,5,1,3,1,-80.492606969342,43.4772283210493
26,150,7.37924918847875,PVC,1998.0,9.35,6,2,0,0,,
26,150,48.69254554225,PVC,1998.0,9.35,6,2,0,0,,
35,300,14.9801981830766,DI,1989.0,9.1,7,1,0,0,,
35,300,76.2499853401176,DI,1989.0,9.1,7,1,0,0,,
35,300,122.754116553905,DI,1989.0,9.1,8,1,0,0,,
35,300,14.6017835436471,DI,1989.0,9.1,7,1,0,0,,
58,150,16.2346187193762,CI,1966.0,7.85,5,1,5,1,-80.4394728082583,43.4568314413175
58,150,174.484884969149,CI,1966.0,7.05,5,1,5,1,-80.4394728082583,43.4568314413175
58,150,11.9994649557381,CI,1966.0,7.85,5,1,5,1,-80.4394728082583,43.4568314413175
58,150,194.211697136879,CI,1966.0,5.45,5,1,5,1,-80.4394728082583,43.4568314413175
58,150,75.7325558648712,CI,1966.0,7.85,5,1,5,1,-80.4394728082583,43.4568314413175
46,300,13.6653127904786,DI,1978.0,8.5,6,1,0,0,,
46,300,111.153518228211,DI,1978.0,8.5,6,1,0,0,,
46,300,48.2923074589264,DI,1978.0,8.5,6,1,0,0,,
14,150,7.83146289553012,PVC,2010.0,9.35,7,1,0,0,,
14,150,244.425520914081,PVC,2010.0,9.35,7,1,0,0,,
19,300,3.76536081520281,PVC,2005.0,9.35,6,3,0,0,,
19,300,81.640579710471,PVC,2005.0,9.35,6,3,0,0,,
45,300,90.4337612757491,DI,1979.0,8.5,6,5,0,0,,
33,300,19.3211332042168,DI,1991.0,9.1,7,3,0,0,,
33,300,1.75324362333179,DI,1991.0,9.1,7,3,0,0,,
33,300,88.5794997835079,DI,1991.0,9.1,7,3,0,0,,
58,300,29.072400245096,DI,1966.0,8.5,7,1,3,1,-80.5249972883878,43.4460799810204
58,300,2.43841797988962,DI,1966.0,8.5,7,1,3,1,-80.5249972883878,43.4460799810204
15,200,123.740462508187,PVC,2009.0,9.35,8,1,0,0,,
15,200,45.4750603655272,PVC,2009.0,9.35,7,1,0,0,,
15,200,101.991097011833,PVC,2009.0,9.35,7,1,0,0,,
50,300,11.5869176714888,DI,1974.0,8.5,7,1,1,1,-80.4951468967102,43.4531679493483
9,300,93.9911546684991,PVC,2015.0,9.35,0,2,0,0,,
53,300,8.46015587572614,DI,1971.0,8.5,6,1,0,0,,
53,300,3.55875690717093,DI,1971.0,8.5,7,1,0,0,,
53,300,272.995806797471,DI,1971.0,8.5,8,1,0,0,,
20,150,51.3465672820203,PVC,2004.0,9.35,6,2,0,0,,
20,150,5.69227757731747,PVC,2004.0,9.35,6,2,0,0,,
33,150,7.3569919438756,DI,1991.0,9.1,6,1,0,0,,
49,300,11.751701045029,DI,1975.0,8.5,6,0,0,0,,
49,300,71.8689933966664,DI,1975.0,8.5,6,0,0,0,,
14,300,50.9083896769386,PVC,2010.0,9.35,7,1,0,0,,
14,300,7.34875997918557,PVC,2010.0,9.35,7,1,0,0,,
45,150,12.710860572603,DI,1979.0,8.5,6,2,0,0,,
45,150,133.270711179687,DI,1979.0,8.5,6,2,0,0,,
45,150,15.1385572523422,DI,1979.0,8.5,6,2,0,0,,
36,150,211.391780394239,DI,1988.0,9.1,5,1,0,0,,
37,150,70.3004371412233,DI,1987.0,9.1,5,3,0,0,,
18,150,4.06119307136757,PVC,2006.0,9.35,5,4,0,0,,
18,150,48.6246056343305,PVC,2006.0,9.35,5,4,0,0,,
104,150,63.7228536564073,CI,1920.0,5.5,6,1,0,0,,
104,150,9.68728374767517,CI,1920.0,7.75,7,1,0,0,,
79,150,0.914397025154344,CI,1945.0,7.75,6,1,0,0,,
79,150,187.883639470888,CI,1945.0,7.75,6,1,0,0,,
51,300,11.1188268547285,DI,1973.0,8.5,7,1,0,0,,
53,150,137.505723654813,DI,1971.0,8.5,5,3,0,0,,
14,300,6.28323110155365,PVC,2010.0,9.35,8,1,0,0,,
61,150,0.406567682481521,CI,1963.0,7.85,7,1,4,1,-80.466040119808,43.4277934449639
61,150,155.45620847308,CI,1963.0,7.85,6,1,0,0,,
50,300,12.4212780422503,DI,1974.0,8.5,6,2,0,0,,
50,300,91.1654053331424,DI,1974.0,8.5,6,2,0,0,,
47,150,4.4466822871763,DI,1977.0,8.5,5,3,2,1,-80.4974141366771,43.4123149861773
47,150,25.5288773308257,DI,1977.0,8.5,5,3,0,0,,
38,600,54.296609349941,DI,1986.0,9.1,7,1,0,0,,
38,600,3.80013104897196,DI,1986.0,9.1,7,1,0,0,,
66,150,12.9959649432455,CI,1958.0,7.75,7,1,1,1,-80.4653992200684,43.4296429486096
66,150,203.061605199807,CI,1958.0,7.75,6,1,0,0,,
66,150,75.0685176174325,CI,1958.0,7.75,6,1,0,0,,
57,150,9.10034213863246,CI,1967.0,7.85,6,1,4,1,-80.5155836076903,43.4305862000572
57,150,226.389429529307,CI,1967.0,5.05,6,1,4,1,-80.5155836076903,43.4305862000572
57,150,12.5646407179643,CI,1967.0,7.85,6,1,4,1,-80.5155836076903,43.4305862000572
33,300,1.70243505624117,DI,1991.0,9.1,7,1,0,0,,
33,300,98.1312363468561,DI,1991.0,9.1,7,1,1,1,-80.4660090234162,43.3985272820863
33,300,4.65269712750671,DI,1991.0,9.1,7,1,1,1,-80.4660090234162,43.3985272820863
33,300,154.633910864147,DI,1991.0,7.9,8,1,1,1,-80.4660090234162,43.3985272820863
62,200,6.52464339082656,CI,1962.0,7.85,6,3,1,1,-80.5200100967589,43.4248800110514
62,200,0.48568005978218,CI,1962.0,7.85,6,3,1,1,-80.5200100967589,43.4248800110514
39,300,13.4446926210706,DI,1985.0,9.1,6,0,0,0,,
39,300,91.8415934927293,DI,1985.0,9.1,6,0,0,0,,
18,150,8.49652477468998,PVC,2006.0,9.35,7,1,0,0,,
44,200,87.358052088502,DI,1980.0,8.5,6,3,0,0,,
44,200,1.38516725294619,DI,1980.0,8.5,6,3,0,0,,
52,150,7.48537742587804,CI,1972.0,7.75,6,1,1,1,-80.4510087542056,43.452135230788
52,150,75.2646251098055,CI,1972.0,4.9,6,1,1,1,-80.4510087542056,43.452135230788
46,300,4.70772045056107,DI,1978.0,8.5,6,1,0,0,,
33,300,2.78360252962578,DI,1991.0,9.1,0,3,0,0,,
33,300,188.287857541264,DI,1991.0,9.1,6,1,0,0,,
53,150,12.1526950268473,DI,1971.0,8.5,6,3,0,0,,
53,150,138.113591085574,DI,1971.0,8.5,6,3,0,0,,
23,150,7.09853639968813,PVC,2001.0,9.35,5,1,0,0,,
23,150,146.801859703749,PVC,2001.0,9.35,5,1,0,0,,
23,150,6.98710497950255,PVC,2001.0,9.35,5,1,0,0,,
23,150,147.17339580615,PVC,2001.0,9.35,5,1,0,0,,
33,150,2.62021683940689,DI,1991.0,9.1,5,1,0,0,,
33,150,65.7294882724447,DI,1991.0,9.1,5,1,0,0,,
18,150,18.6193228784621,PVC,2006.0,9.35,6,3,0,0,,
18,150,10.7345501510863,PVC,2006.0,9.35,5,3,0,0,,
18,150,77.1741653947033,PVC,2006.0,9.35,5,3,0,0,,
19,300,78.8960217273791,PVC,2005.0,9.35,7,2,0,0,,
18,300,4.96914480518823,PVC,2006.0,9.35,6,2,0,0,,
29,300,123.564737257852,DI,1995.0,9.1,7,1,0,0,,
15,150,5.86221191122614,PVC,2009.0,9.35,6,3,0,0,,
39,300,46.6882926654093,DI,1985.0,9.1,6,1,0,0,,
19,150,172.356155362588,PVC,2005.0,8.55,6,1,0,0,,
19,150,3.20437549369133,PVC,2005.0,9.35,6,1,0,0,,
51,200,9.08312574082445,DI,1973.0,8.5,7,1,0,0,,
51,200,185.666970648049,DI,1973.0,8.5,7,1,0,0,,
51,200,7.41568013043719,DI,1973.0,8.5,7,1,0,0,,
53,150,85.5945244719726,DI,1971.0,8.5,4,3,0,0,,
14,150,3.03839569967239,PVC,2010.0,9.35,6,1,0,0,,
19,200,167.342090705989,PVC,2005.0,9.35,6,3,0,0,,
63,200,92.826026179347,CI,1961.0,5.75,6,1,1,1,-80.4503978763981,43.4265309662191
63,200,7.61996552216268,CI,1961.0,7.75,6,1,1,1,-80.4503978763981,43.4265309662191
29,300,21.512797501176,DI,1995.0,9.1,6,1,0,0,,
29,300,7.62657811751273,DI,1995.0,9.1,6,1,0,0,,
29,300,107.462696139638,DI,1995.0,9.1,6,1,0,0,,
61,100,0.609981114517365,DI,1963.0,8.5,5,1,0,0,,
61,100,213.518020725277,DI,1963.0,8.1,5,1,0,0,,
50,150,7.78686231073606,DI,1974.0,8.5,5,3,0,0,,
50,150,146.717895657705,DI,1974.0,8.5,5,3,0,0,,
38,150,91.1623007560778,DI,1986.0,9.1,5,5,0,0,,
38,150,183.085128356236,DI,1986.0,9.1,5,5,0,0,,
38,150,7.61941977751573,DI,1986.0,9.1,5,5,0,0,,
59,150,62.824378300884,CI,1965.0,3.6,6,1,3,1,-80.4416606499067,43.445416933373
59,150,27.9232779793118,CI,1965.0,7.85,6,1,0,0,,
19,200,7.27058989465205,PVC,2005.0,9.35,6,1,0,0,,
19,200,6.61624840716706,PVC,2005.0,9.35,6,1,0,0,,
19,200,90.9121523428236,PVC,2005.0,9.35,6,1,0,0,,
89,300,12.7355027353605,CI,1935.0,7.75,7,1,0,0,,
25,150,88.0994871639619,PVC,1999.0,9.35,5,3,0,0,,
25,150,12.5239684766988,PVC,1999.0,9.35,5,3,0,0,,
39,150,13.5644204162997,DI,1985.0,9.1,5,1,0,0,,
39,150,169.709946875291,DI,1985.0,9.1,5,1,0,0,,
39,150,12.4507633986598,DI,1985.0,9.1,5,1,0,0,,
39,150,232.390425133322,DI,1985.0,9.1,5,1,0,0,,
39,150,77.1754878962578,DI,1985.0,9.1,5,1,0,0,,
20,300,100.753136363385,PVC,2004.0,9.35,7,1,0,0,,
53,300,20.3176833817751,DI,1971.0,8.5,7,1,0,0,,
33,200,9.01756112508092,DI,1991.0,9.1,6,1,0,0,,
33,200,2.99994573244722,DI,1991.0,9.1,6,1,0,0,,
14,450,4.55168178292317,PVC,2010.0,9.35,0,0,0,0,,
14,450,199.72464258684,PVC,2010.0,9.35,7,0,0,0,,
37,750,153.58426505226,CPP,1987.0,9.35,7,5,2,1,-80.4191162801847,43.4260876927455
104,150,64.0424839875761,CI,1920.0,7.75,8,1,0,0,,
104,150,16.254597621977,CI,1920.0,3.95,7,1,0,0,,
20,300,29.0249106821631,PVC,2004.0,9.35,8,1,0,0,,
21,300,176.270726619057,PVC,2003.0,9.35,8,1,1,1,-80.4390803813373,43.4723979603928
55,450,19.1350106295954,AC,1969.0,8.7,7,1,0,0,,
55,450,146.461057977476,AC,1969.0,8.7,7,1,0,0,,
59,450,55.9708490709001,CI,1965.0,7.85,7,3,3,1,-80.5178589287232,43.4226879482427
59,450,115.479850861149,CI,1965.0,7.85,7,3,3,1,-80.5178589287232,43.4226879482427
36,300,15.3489493686619,DI,1988.0,9.1,7,3,0,0,,
36,300,500.47098229656,DI,1988.0,9.1,6,3,0,0,,
36,300,18.9976841406394,DI,1988.0,9.1,6,3,0,0,,
23,300,8.10994463730727,PVC,2001.0,9.35,7,2,0,0,,
23,300,1.9948786088194,PVC,2001.0,9.35,7,2,0,0,,
23,300,167.066089536429,PVC,2001.0,9.35,7,2,0,0,,
55,450,50.8286734335488,DI,1969.0,8.5,7,2,0,0,,
41,300,118.949957351634,DI,1983.0,7.5,7,1,1,1,-80.4841320241542,43.4560919683224
46,150,7.68320875579624,DI,1978.0,8.5,8,1,0,0,,
58,200,7.61965300992486,DI,1966.0,8.5,6,1,3,1,-80.5107913471909,43.4331836945587
58,200,67.6851361809622,DI,1966.0,6.1,7,1,3,1,-80.5107913471909,43.4331836945587
58,200,48.8532364595662,DI,1966.0,8.5,6,1,3,1,-80.5107913471909,43.4331836945587
36,300,11.0231775661266,DI,1988.0,9.1,7,1,1,1,-80.4564025584982,43.3900078783332
36,300,50.9203681713534,DI,1988.0,9.1,7,1,1,1,-80.4564025584982,43.3900078783332
72,200,1.6269630597158,CI,1952.0,7.75,7,1,0,0,,
45,450,19.6405336090683,DI,1979.0,8.5,6,1,0,0,,
45,450,2.35737602563954,DI,1979.0,8.5,7,1,0,0,,
71,150,66.8400250414064,CI,1953.0,7.3,5,1,0,0,,
19,150,54.2499199282054,PVC,2005.0,9.35,7,1,0,0,,
19,150,5.29212865477156,PVC,2005.0,9.35,7,1,0,0,,
50,300,6.49105063943489,DI,1974.0,8.5,6,2,1,1,-80.4383270319617,43.3988032916585
50,300,48.6972228890379,DI,1974.0,8.5,6,2,1,1,-80.4383270319617,43.3988032916585
16,150,17.0262749430771,PVC,2008.0,9.35,7,1,0,0,,
19,150,35.0953975663328,PVC,2005.0,9.35,6,1,0,0,,
19,150,2.74990990353048,PVC,2005.0,9.35,0,1,0,0,,
19,150,12.1994638897884,PVC,2005.0,9.35,6,1,0,0,,
19,150,112.661702182148,PVC,2005.0,9.35,6,1,0,0,,
53,150,1.77464296107061,DI,1971.0,8.5,0,0,0,0,,
53,150,4.37737992407331,DI,1971.0,8.5,6,0,0,0,,
53,150,99.9137329116901,DI,1971.0,8.5,6,0,0,0,,
94,300,75.0882584664989,CI,1930.0,7.75,7,1,0,0,,
60,100,51.7773711386714,DI,1964.0,8.5,5,1,2,1,-80.4862063541855,43.4746530327354
68,150,0.918340938157434,CI,1956.0,7.75,5,1,7,1,-80.5270546735077,43.4500019605405
68,150,189.873042641172,CI,1956.0,5.75,5,1,7,1,-80.5270546735077,43.4500019605405
68,150,0.922252026679726,CI,1956.0,7.75,5,1,7,1,-80.5270546735077,43.4500019605405
18,150,9.85180818295185,PVC,2006.0,9.35,6,1,0,0,,
18,150,86.3051604902639,PVC,2006.0,9.35,6,1,0,0,,
18,150,37.8131678523768,PVC,2006.0,9.35,6,1,0,0,,
72,150,202.224885185006,CI,1952.0,7.75,6,1,0,0,,
72,150,24.4637711672947,CI,1952.0,7.75,6,1,0,0,,
48,300,13.4088961113223,DI,1976.0,8.5,6,3,0,0,,
48,300,44.4812361502016,DI,1976.0,8.5,6,3,0,0,,
52,150,3.04710933464212,DI,1972.0,8.5,6,1,1,1,-80.4482407151608,43.4580607476461
52,150,192.17213776153,DI,1972.0,8.5,6,1,1,1,-80.4482407151608,43.4580607476461
52,150,9.63071487468272,DI,1972.0,8.5,6,1,1,1,-80.4482407151608,43.4580607476461
39,200,6.10803951586076,DI,1985.0,9.1,6,0,0,0,,
39,200,1.93301939958221,DI,1985.0,9.1,0,0,0,0,,
39,200,11.6421400702895,DI,1985.0,9.1,6,0,0,0,,
39,200,46.0711541084325,DI,1985.0,9.1,7,0,0,0,,
72,150,2.7059806301834,CI,1952.0,7.75,5,1,0,0,,
72,150,8.10724152364007,CI,1952.0,7.75,5,1,0,0,,
48,200,0.336731258213112,DI,1976.0,8.5,7,1,1,1,-80.4420327895094,43.4601803626597
48,200,17.9274971176053,DI,1976.0,8.5,7,1,0,0,,
18,300,16.6867969204406,PVC,2006.0,9.35,6,2,0,0,,
18,300,29.8014268586554,PVC,2006.0,9.35,6,2,0,0,,
38,150,5.93302606710063,DI,1986.0,9.1,5,0,0,0,,
38,150,1.71285147698636,DI,1986.0,9.1,5,0,0,0,,
55,150,11.919532533029,PVC,1969.0,9.35,6,1,1,1,-80.504760903562,43.4511802065943
51,200,26.8432575064494,DI,1973.0,8.5,6,1,0,0,,
51,0,66.5473091335647,DI,1973.0,8.5,6,1,0,0,,
49,150,3.25221288294561,DI,1975.0,8.5,6,3,0,0,,
49,150,73.8298059723039,DI,1975.0,8.5,7,3,0,0,,
23,150,15.1654305299404,PVC,2001.0,9.35,6,1,7,1,-80.5270546735077,43.4500019605405
23,150,18.3200323858746,PVC,2001.0,9.35,6,1,7,1,-80.5270546735077,43.4500019605405
62,150,55.4544028267061,CI,1962.0,7.85,5,1,0,0,,
62,150,11.1456109747049,CI,1962.0,7.85,5,1,0,0,,
14,150,13.1220077894567,PVC,2010.0,9.35,6,1,0,0,,
14,150,75.0296248745575,PVC,2010.0,5.55,6,1,0,0,,
19,300,169.001702777645,PVC,2005.0,9.35,7,1,0,0,,
53,150,11.3139400387343,DI,1971.0,8.5,5,3,0,0,,
53,150,150.691324873041,DI,1971.0,8.5,5,3,0,0,,
50,200,14.0314805123136,DI,1974.0,8.5,6,3,1,1,-80.4934124506176,43.4130220817087
50,200,152.575052784934,DI,1974.0,7.3,6,3,1,1,-80.4934124506176,43.4130220817087
50,200,7.96411698521726,DI,1974.0,8.5,6,3,1,1,-80.4934124506176,43.4130220817087
39,150,132.810189090695,DI,1985.0,9.1,5,0,0,0,,
39,150,12.5984221745171,DI,1985.0,9.1,5,0,0,0,,
45,150,15.2404390284208,DI,1979.0,8.5,6,2,0,0,,
45,150,198.086971424017,DI,1979.0,8.5,6,2,0,0,,
52,300,71.231229717123,DI,1972.0,6.1,6,1,1,1,-80.531435056503,43.4449676001093
57,0,8.09618453947485,CI,1967.0,7.85,7,1,4,1,-80.4612671389239,43.4239606258696
57,150,207.625784823947,CI,1967.0,5.05,6,1,4,1,-80.4612671389239,43.4239606258696
19,150,8.79996917164366,PVC,2005.0,9.35,6,1,0,0,,
19,150,208.797704487854,PVC,2005.0,9.35,6,1,0,0,,
19,150,11.6585781987584,PVC,2005.0,9.35,6,1,0,0,,
22,200,6.52468435109631,PVC,2002.0,9.35,6,2,0,0,,
22,200,69.9951194931215,PVC,2002.0,9.35,6,2,0,0,,
22,200,7.9622080485401,PVC,2002.0,9.35,6,2,0,0,,
43,300,86.9103085734009,DI,1981.0,8.5,6,1,0,0,,
22,300,31.5701128937097,PVC,2002.0,9.35,7,1,0,0,,
46,300,20.4861612848301,DI,1978.0,8.5,8,1,1,1,-80.4441998269671,43.4706166269346
61,200,21.4027984614078,CI,1963.0,7.85,7,1,1,1,-80.4565642030857,43.4664672784482
64,300,1.97132469780558,DI,1960.0,8.5,7,1,1,1,-80.4565642030857,43.4664672784482
56,300,95.6806493441929,DI,1968.0,8.5,7,1,0,0,,
56,300,167.926563453727,DI,1968.0,8.5,7,1,0,0,,
37,300,134.210420782927,DI,1987.0,9.1,7,1,0,0,,
37,300,65.9592381718448,DI,1987.0,9.1,7,1,0,0,,
37,300,14.4320062528216,DI,1987.0,9.1,7,1,0,0,,
65,300,352.799017549318,CI,1959.0,7.35,8,1,6,1,-80.5083858036263,43.4299835879198
65,300,3.05562662628599,CI,1959.0,7.75,6,1,1,1,-80.509735703306,43.4308388270631
34,600,2.84934914734239,CPP,1990.0,9.35,0,1,0,0,,
34,600,19.0019392185642,CPP,1990.0,9.35,7,1,0,0,,
14,300,9.41531993900443,PVC,2010.0,9.35,0,1,0,0,,
14,300,74.2733007449525,PVC,2010.0,9.35,7,1,0,0,,
14,300,14.3161678108318,PVC,2010.0,9.35,7,1,0,0,,
49,150,14.8275134298267,DI,1975.0,8.5,5,1,1,1,-80.4552018013187,43.4576055398552
69,150,330.504498623459,DI,1955.0,8.1,5,1,1,1,-80.4552018013187,43.4576055398552
55,150,1.52449021122853,DI,1969.0,8.5,0,1,1,1,-80.4552018013187,43.4576055398552
48,100,9.86896190603338,DI,1976.0,8.5,6,2,1,1,-80.443571750618,43.395006580503
48,100,2.32293755465081,DI,1976.0,8.5,6,2,1,1,-80.443571750618,43.395006580503
59,450,156.403589941981,CI,1965.0,7.85,7,3,4,1,-80.5190342345688,43.4236865966143
37,600,24.0467818300912,CPP,1987.0,9.35,7,5,0,0,,
37,600,178.460790517803,CPP,1987.0,9.35,7,5,0,0,,
57,300,153.494815175504,DI,1967.0,8.5,8,1,0,0,,
15,300,14.8819568943729,PVC,2009.0,9.35,0,3,0,0,,
58,450,218.006829327079,DI,1966.0,8.5,7,1,0,0,,
70,150,110.569759419859,CI,1954.0,3.95,5,1,7,1,-80.5269649482367,43.4513698554882
32,150,12.4440715459642,PVC,1992.0,9.35,6,3,0,0,,
32,150,172.641038788937,PVC,1992.0,9.35,6,3,0,0,,
52,300,12.9164873117605,DI,1972.0,8.5,6,1,1,1,-80.5286349252456,43.445046254699
52,300,118.499570995854,DI,1972.0,6.9,6,1,1,1,-80.5286349252456,43.445046254699
18,150,2.2567762677633,PVC,2006.0,9.35,6,1,0,0,,
18,150,9.94731955024777,PVC,2006.0,9.35,0,1,0,0,,
18,150,12.8166792513,PVC,2006.0,9.35,6,1,0,0,,
18,150,131.788792370391,PVC,2006.0,9.35,5,1,0,0,,
57,300,3.90514548670651,CI,1967.0,7.85,7,1,0,0,,
57,300,124.819932057245,CI,1967.0,7.4,7,1,0,0,,
53,300,12.5130354171883,DI,1971.0,8.5,6,3,0,0,,
53,300,51.2321048660164,DI,1971.0,8.5,7,3,0,0,,
56,300,80.7879291133863,DI,1968.0,8.5,6,3,0,0,,
17,150,5.60377775237458,PVC,2007.0,9.35,5,4,0,0,,
55,300,9.62794127203574,DI,1969.0,8.5,7,1,0,0,,
55,300,12.6984098856177,DI,1969.0,8.5,7,1,0,0,,
53,200,72.5274068479424,DI,1971.0,8.5,7,1,0,0,,
45,200,208.270791630087,DI,1979.0,8.5,7,1,0,0,,
45,200,5.65909155585479,DI,1979.0,8.5,8,1,0,0,,
13,150,13.5390533204961,PVC,2011.0,9.35,7,1,0,0,,
24,150,10.2209216208832,PVC,2000.0,9.35,0,1,0,0,,
24,150,11.2440014262912,PVC,2000.0,9.35,7,1,0,0,,
9,150,7.72325379135218,PVC,2015.0,9.35,7,1,0,0,,
55,450,182.975311020147,AC,1969.0,8.7,8,1,0,0,,
53,300,13.319633027416,DI,1971.0,8.5,6,5,1,1,-80.4192880367943,43.4267865774632
53,300,0.653111935803234,DI,1971.0,8.5,7,5,1,1,-80.4192880367943,43.4267865774632
66,150,108.531280091727,CI,1958.0,7.75,6,1,1,1,-80.50478665096,43.4259174295644
66,150,2.69998214258031,CI,1958.0,7.75,6,1,1,1,-80.50478665096,43.4259174295644
23,300,12.2235982872859,PVC,2001.0,9.35,6,2,0,0,,
23,300,110.181802071418,PVC,2001.0,9.35,7,2,0,0,,
23,300,6.11212292432078,PVC,2001.0,9.35,7,2,0,0,,
62,200,1.76624118186329,CI,1962.0,7.85,7,1,3,1,-80.4605901098276,43.4626346639757
62,200,146.620651661766,CI,1962.0,7.0,7,1,3,1,-80.4605901098276,43.4626346639757
49,300,150.539674481455,AC,1975.0,8.7,8,1,0,0,,
42,200,15.2968592067457,DI,1982.0,9.1,7,1,0,0,,
42,200,5.99901481321036,DI,1982.0,9.1,0,1,0,0,,
55,450,143.065916628679,AC,1969.0,8.7,8,1,0,0,,
65,150,12.9464490749566,CI,1959.0,7.75,5,1,2,1,-80.5066297085095,43.4293210903194
65,150,260.928442046872,CI,1959.0,4.95,5,1,6,1,-80.5083858036263,43.4299835879198
37,600,216.114809686037,CPP,1987.0,9.35,9,5,0,0,,
67,200,203.515546368617,CI,1957.0,7.75,5,1,1,1,-80.4640176976984,43.4645223916355
65,300,247.986426729465,CI,1959.0,7.75,6,1,0,0,,
65,300,8.22994823891812,CI,1959.0,7.75,6,1,1,1,-80.4546334992087,43.4587754271513
16,300,4.63090737606638,PVC,2008.0,9.35,7,1,0,0,,
16,300,2.20631503883509,PVC,2008.0,9.35,0,1,0,0,,
16,300,126.30582799747,PVC,2008.0,9.35,7,1,0,0,,
16,450,2.92982121906327,PVC,2008.0,9.35,7,0,0,0,,
63,150,226.16736109869,CI,1961.0,4.95,5,1,5,1,-80.5071510613385,43.422710700524
63,150,162.381629222429,CI,1961.0,6.55,5,1,5,1,-80.5071510613385,43.422710700524
67,200,3.05192257188894,CI,1957.0,7.75,7,1,0,0,,
71,200,2.75939625626782,CI,1953.0,7.75,7,1,0,0,,
66,300,19.2127625732286,CI,1958.0,7.75,7,1,1,1,-80.4640176976984,43.4645223916355
19,200,69.2505315261165,PVC,2005.0,9.35,6,1,0,0,,
19,200,14.3639565631767,PVC,2005.0,9.35,6,1,0,0,,
19,200,85.429100689212,PVC,2005.0,9.35,6,1,0,0,,
22,150,9.94651194385981,PVC,2002.0,9.35,6,1,0,0,,
37,150,18.7886750682352,DI,1987.0,9.1,7,1,0,0,,
21,200,110.728936908311,PVC,2003.0,9.35,5,4,0,0,,
21,200,14.3166026019981,PVC,2003.0,9.35,6,4,0,0,,
55,300,5.11576107375356,DI,1969.0,8.5,7,2,0,0,,
55,300,188.340698673374,DI,1969.0,8.5,7,2,0,0,,
55,300,127.205559475282,DI,1969.0,8.5,6,2,0,0,,
55,300,90.4328007086866,DI,1969.0,8.5,6,2,0,0,,
51,150,62.8998713260701,CI,1973.0,7.75,7,1,0,0,,
64,150,4.73245587269569,CI,1960.0,7.75,6,3,4,1,-80.5077368952375,43.416538143328
64,150,212.588689677833,CI,1960.0,5.7,7,3,4,1,-80.5077368952375,43.416538143328
64,150,9.86496785086013,CI,1960.0,3.83,7,3,4,1,-80.5077368952375,43.416538143328
18,300,21.8073574731826,PVC,2006.0,9.35,7,1,0,0,,
17,300,5.46752126612117,PVC,2007.0,9.35,0,1,0,0,,
17,100,0.960492586743269,PVC,2007.0,9.35,7,1,0,0,,
17,300,8.88907487881749,PVC,2007.0,9.35,7,1,0,0,,
27,150,12.4421683237144,DI,1997.0,9.1,0,0,0,0,,
27,150,100.939312007498,DI,1997.0,9.1,6,0,0,0,,
57,150,0.609064856452503,DI,1967.0,8.5,0,1,3,1,-80.436715213319,43.4453986655384
57,150,42.6148116995799,DI,1967.0,5.3,4,1,3,1,-80.436715213319,43.4453986655384
62,450,96.8715473586527,CI,1962.0,7.85,7,1,0,0,,
25,300,89.0150273275436,PVC,1999.0,9.35,7,1,0,0,,
25,300,6.1051472711294,PVC,1999.0,9.35,6,1,0,0,,
72,300,1.32611713025818,CI,1952.0,7.75,6,1,5,1,-80.4617396003169,43.4381029600039
72,300,3.86327041741623,CI,1952.0,7.75,0,1,3,1,-80.4585686086025,43.4381192028944
94,300,135.367272590766,CI,1930.0,6.55,8,1,1,1,-80.4790915213854,43.460374430445
22,300,24.9305903695003,PVC,2002.0,9.35,7,3,0,0,,
74,300,2.00442767652227,CI,1950.0,7.75,6,1,0,0,,
74,300,95.769779284103,CI,1950.0,7.75,6,1,0,0,,
53,150,11.0206927195271,DI,1971.0,8.5,6,3,0,0,,
53,150,125.643423447569,DI,1971.0,8.5,6,3,0,0,,
53,150,11.3675621981236,DI,1971.0,8.5,6,3,0,0,,
71,150,12.2211891138241,CI,1953.0,7.75,6,1,1,1,-80.5082268490574,43.4341590454616
71,150,26.7118768236573,CI,1953.0,4.15,6,1,1,1,-80.5082268490574,43.4341590454616
26,300,89.1695837214158,PVC,1998.0,9.35,7,1,0,0,,
26,300,12.2040775979853,PVC,1998.0,9.35,7,1,0,0,,
52,150,11.847613829192,DI,1972.0,8.5,6,1,0,0,,
52,150,9.96393048485858,DI,1972.0,8.5,6,1,0,0,,
52,150,168.5936584974,DI,1972.0,8.5,6,1,0,0,,
13,150,3.29840111760803,PVC,2011.0,9.35,6,1,0,0,,
13,150,4.96100000049919,PVC,2011.0,9.35,6,1,0,0,,
72,450,158.872070681812,AC,1952.0,7.3,6,1,2,1,-80.5040095501192,43.4221181043167
20,300,117.007987155623,PVC,2004.0,9.35,7,1,0,0,,
48,300,71.1749146152635,DI,1976.0,8.5,6,1,0,0,,
48,300,4.14110941625083,DI,1976.0,8.5,6,1,0,0,,
44,300,114.009706366539,DI,1980.0,8.5,6,0,0,0,,
44,300,7.61992052469744,DI,1980.0,8.5,6,0,0,0,,
13,450,25.8081314090968,PVC,2011.0,9.35,6,1,0,0,,
15,300,72.7859744051652,PVC,2009.0,9.35,7,1,0,0,,
16,200,12.7424096131904,PVC,2008.0,9.35,6,3,4,1,-80.5190342345688,43.4236865966143
16,200,1.29876672716938,PVC,2008.0,9.35,6,3,1,1,-80.5200100967589,43.4248800110514
16,200,6.46535667994497,PVC,2008.0,9.35,7,3,1,1,-80.5200100967589,43.4248800110514
15,150,13.508360963362,PVC,2009.0,9.35,6,0,3,1,-80.5238696847979,43.3987042589406
20,450,37.9299842319078,PVC,2004.0,9.35,9,3,0,0,,
20,450,176.159496008197,PVC,2004.0,9.35,9,3,0,0,,
15,450,465.684966791819,PVC,2009.0,9.35,7,0,0,0,,
15,450,21.3245229826037,PVC,2009.0,9.35,0,0,0,0,,
15,450,11.3419236306719,PVC,2009.0,9.35,7,0,0,0,,
15,450,154.846230070482,PVC,2009.0,9.35,7,0,0,0,,
15,450,50.6251203212409,PVC,2009.0,9.35,7,0,0,0,,
14,300,6.9325276848189,PVC,2010.0,9.35,6,0,0,0,,
14,300,0.57396532899044,PVC,2010.0,9.35,6,0,0,0,,
68,150,191.53807885082,CI,1956.0,7.3,5,1,0,0,,
17,300,2.07696212765287,PVC,2007.0,9.35,7,3,0,0,,
17,300,31.9477119214197,PVC,2007.0,9.35,7,3,0,0,,
34,900,552.028992067607,CPP,1990.0,9.35,8,1,0,0,,
34,900,101.326268196349,CPP,1990.0,9.35,7,1,0,0,,
16,300,9.33794120173002,PVC,2008.0,9.35,7,1,0,0,,
16,300,1.46682146478493,PVC,2008.0,9.35,7,1,0,0,,
14,300,20.5904654482893,PVC,2010.0,9.35,8,1,0,0,,
46,300,1.21904887452124,DI,1978.0,8.5,8,1,1,1,-80.4441998269671,43.4706166269346
46,300,24.5488964158015,DI,1978.0,8.5,8,1,1,1,-80.4441998269671,43.4706166269346
46,600,128.018715059364,DI,1978.0,8.5,6,1,1,1,-80.4441998269671,43.4706166269346
39,100,42.2448084238763,DI,1985.0,9.1,5,1,0,0,,
39,100,4.40845118714206,DI,1985.0,9.1,5,1,0,0,,
77,150,47.2899142928016,CI,1947.0,7.75,6,1,0,0,,
21,300,11.2983531084037,PVC,2003.0,9.35,8,1,1,1,-80.4892112609768,43.4519330121608
21,300,95.042772626039,PVC,2003.0,9.35,8,1,0,0,,
56,450,5.3192801011759,DI,1968.0,8.5,9,1,0,0,,
23,150,11.0723999995297,PVC,2001.0,9.35,6,1,0,0,,
48,0,59.3323950133979,DI,1976.0,8.5,5,1,2,1,-80.4168505723903,43.4228370291167
48,0,7.56477342619502,DI,1976.0,8.5,5,1,0,0,,
48,150,160.326605878643,DI,1976.0,6.1,5,1,2,1,-80.4168505723903,43.4228370291167
23,150,13.8003269643757,PVC,2001.0,9.35,6,1,0,0,,
23,150,8.44564826314,PVC,2001.0,9.35,6,1,0,0,,
23,150,128.746945784874,PVC,2001.0,9.35,6,1,0,0,,
21,150,2.6615317083042,PVC,2003.0,9.35,6,3,0,0,,
21,150,111.868417648075,PVC,2003.0,9.35,6,3,0,0,,
55,450,89.2813247740498,DI,1969.0,8.5,7,2,1,1,-80.4281345996526,43.3886988677299
55,450,304.177115385003,DI,1969.0,8.5,7,2,1,1,-80.4281345996526,43.3886988677299
50,300,4.68112056004943,DI,1974.0,8.5,7,1,0,0,,
16,450,7.84161729884039,PVC,2008.0,9.35,0,3,0,0,,
16,450,134.593911101111,PVC,2008.0,9.35,7,3,0,0,,
34,300,4.89357788544542,DI,1990.0,9.1,7,1,0,0,,
19,150,17.3375254950451,PVC,2005.0,9.35,6,1,0,0,,
19,150,71.4415346501588,PVC,2005.0,9.35,7,1,0,0,,
19,150,0.842447030810223,PVC,2005.0,9.35,7,1,0,0,,
19,150,5.30311513482003,PVC,2005.0,9.35,7,1,0,0,,
43,300,125.291706510968,DI,1981.0,8.5,8,1,0,0,,
25,300,16.3884228983092,PVC,1999.0,9.35,7,1,0,0,,
25,300,73.9022011739522,PVC,1999.0,6.95,7,1,1,1,-80.455375743179,43.437360966337
25,300,4.51142721492838,PVC,1999.0,9.35,7,1,1,1,-80.455375743179,43.437360966337
36,300,6.35045946051007,DI,1988.0,9.1,7,1,0,0,,
36,300,185.856875116403,DI,1988.0,9.1,8,1,0,0,,
46,300,1.51310615680098,DI,1978.0,8.5,8,1,0,0,,
46,300,19.5227327630925,DI,1978.0,8.5,8,1,0,0,,
77,150,211.383402375554,CI,1947.0,7.75,7,1,0,0,,
77,150,8.86378119760335,CI,1947.0,7.75,7,1,0,0,,
20,300,196.124310411699,PVC,2004.0,9.35,7,3,0,0,,
20,300,7.75309641426867,PVC,2004.0,9.35,7,3,0,0,,
48,200,136.235175490521,DI,1976.0,8.5,6,1,0,0,,
124,150,92.0906663606542,CI,1900.0,5.75,8,1,1,1,-80.4864886392405,43.4508466287373
44,600,47.6943323269274,DI,1980.0,8.5,6,1,0,0,,
60,300,15.9031110059353,CI,1964.0,7.85,6,1,1,1,-80.522745251929,43.4328719061574
60,300,148.576587516887,CI,1964.0,6.65,7,1,1,1,-80.522745251929,43.4328719061574
53,300,7.39386402926393,DI,1971.0,8.5,7,2,0,0,,
53,300,56.553469273061,DI,1971.0,8.5,7,2,0,0,,
49,300,7.61941609272152,DI,1975.0,8.5,6,3,0,0,,
49,300,91.3327490751478,DI,1975.0,8.5,6,3,0,0,,
56,450,56.9950955191737,CI,1968.0,7.85,7,1,1,1,-80.484377142299,43.4748801132868
52,450,0.581608390790588,AC,1972.0,8.7,0,1,0,0,,
52,450,309.089338216094,AC,1972.0,8.7,7,1,0,0,,
40,300,65.849629353692,DI,1984.0,9.1,7,1,0,0,,
60,300,20.4615087809761,CI,1964.0,7.85,6,1,0,0,,
60,300,168.188185899851,CI,1964.0,7.05,7,1,2,1,-80.5164987957751,43.4352043540078
60,300,151.430929634549,CI,1964.0,6.65,7,1,2,1,-80.5164987957751,43.4352043540078
30,600,334.316070175473,CPP,1994.0,9.35,7,1,0,0,,
58,450,91.0133126599239,DI,1966.0,8.5,7,1,0,0,,
37,200,105.540937466128,DI,1987.0,9.1,7,1,0,0,,
38,150,7.13634315328414,DI,1986.0,9.1,5,5,0,0,,
38,150,91.1287232053927,DI,1986.0,9.1,5,5,0,0,,
50,150,125.172993867965,DI,1974.0,8.5,5,3,0,0,,
50,150,12.8590111311639,DI,1974.0,8.5,5,3,0,0,,
24,150,92.1081571133977,PVC,2000.0,9.35,5,1,0,0,,
24,150,160.431503818169,PVC,2000.0,9.35,5,1,0,0,,
24,150,6.57295146981951,PVC,2000.0,9.35,5,1,0,0,,
46,300,53.4152672976176,DI,1978.0,8.5,6,3,0,0,,
46,300,24.5037015110268,DI,1978.0,8.5,7,3,0,0,,
18,300,83.4317755458547,PVC,2006.0,9.35,7,2,0,0,,
18,300,5.49543071968753,PVC,2006.0,9.35,0,2,0,0,,
37,450,30.7721677363325,DI,1987.0,9.1,7,0,0,0,,
37,450,14.35190553393,DI,1987.0,9.1,7,0,0,0,,
38,150,12.1920853661471,DI,1986.0,9.1,6,0,1,1,-80.5381764091127,43.4262603591561
38,150,166.922769003544,DI,1986.0,8.3,6,0,1,1,-80.5381764091127,43.4262603591561
38,150,165.067299242257,DI,1986.0,9.1,6,0,1,1,-80.5381764091127,43.4262603591561
38,150,12.2536162591097,DI,1986.0,9.1,6,0,1,1,-80.5381764091127,43.4262603591561
53,200,7.34822817285553,DI,1971.0,8.5,6,2,0,0,,
53,200,10.7718899672447,DI,1971.0,8.5,6,2,0,0,,
53,200,226.854865359385,DI,1971.0,8.5,6,2,0,0,,
59,150,90.6486806672939,DI,1965.0,8.5,5,1,0,0,,
57,200,7.62003100691193,DI,1967.0,8.5,6,1,0,0,,
57,200,100.97422010972,DI,1967.0,6.9,6,1,0,0,,
57,200,9.87785269767417,DI,1967.0,8.5,5,1,0,0,,
38,150,70.1000389937215,DI,1986.0,9.1,5,0,1,1,-80.5395459637833,43.4113651336849
41,300,101.62877571972,DI,1983.0,9.1,7,1,0,0,,
40,300,8.12624199700255,DI,1984.0,9.1,7,1,0,0,,
40,300,122.907706063766,DI,1984.0,9.1,7,1,0,0,,
59,100,13.697851875097,CI,1965.0,7.85,6,1,0,0,,
32,300,0.525318798142572,DI,1992.0,9.1,6,7,0,0,,
34,300,56.93657422781,DI,1990.0,9.1,7,1,0,0,,
31,300,14.7788980485252,DI,1993.0,9.1,7,1,1,1,-80.4733497303023,43.4721678261305
57,150,7.00183697037465,DI,1967.0,8.5,5,1,0,0,,
57,150,88.5909111494641,DI,1967.0,8.5,6,1,0,0,,
60,450,10.033288761033,CI,1964.0,7.85,6,1,3,1,-80.5107913471909,43.4331836945587
60,450,224.893846667427,CI,1964.0,7.45,8,1,1,1,-80.5105775051522,43.4341813563143
16,200,16.9819983339472,PVC,2008.0,9.35,7,1,0,0,,
27,150,259.057512609139,PVC,1997.0,9.35,7,1,0,0,,
49,300,7.27454347788173,DI,1975.0,8.5,7,1,0,0,,
49,300,15.0158529481961,DI,1975.0,8.5,7,1,0,0,,
49,300,58.4948261955129,DI,1975.0,8.5,7,1,0,0,,
59,450,4.39968880654721,DI,1965.0,8.5,0,1,0,0,,
59,450,6.71789376259771,DI,1965.0,8.5,6,1,0,0,,
59,450,1.21481527784056,DI,1965.0,8.5,0,1,0,0,,
30,600,486.038601748692,CPP,1994.0,8.95,7,1,1,1,-80.4227492240072,43.438735657713
37,300,30.5479820121902,DI,1987.0,9.1,7,1,0,0,,
37,300,4.73066517922153,DI,1987.0,9.1,7,1,0,0,,
59,450,257.641756481837,CI,1965.0,7.85,8,3,3,1,-80.5178589287232,43.4226879482427
59,300,40.5270163949818,DI,1965.0,8.5,7,1,0,0,,
59,300,442.371788299839,DI,1965.0,8.5,6,1,0,0,,
52,300,2.02382490899744,DI,1972.0,8.5,0,1,0,0,,
24,300,11.3812067211346,PVC,2000.0,9.35,7,2,0,0,,
24,300,182.738901612629,PVC,2000.0,9.35,7,2,0,0,,
24,300,12.6108356992334,PVC,2000.0,9.35,7,2,0,0,,
86,450,13.3412150219364,CI,1938.0,7.75,7,1,0,0,,
38,600,12.9228855786392,DI,1986.0,9.1,7,1,0,0,,
38,600,375.007273527738,DI,1986.0,9.1,6,1,0,0,,
38,600,229.405124706248,DI,1986.0,9.1,7,1,0,0,,
14,450,188.203086432841,PVC,2010.0,9.35,6,0,0,0,,
56,450,92.3236908559957,DI,1968.0,8.5,7,1,0,0,,
43,300,84.5831162615385,DI,1981.0,8.05,7,1,1,1,-80.4790915213854,43.460374430445
56,450,189.253877983521,DI,1968.0,7.7,7,1,0,0,,
50,300,1.37188926728169,DI,1974.0,8.5,7,1,1,1,-80.5162445962617,43.4522383174644
50,300,12.8017795093465,DI,1974.0,8.5,7,1,0,0,,
50,300,4.57371546550489,DI,1974.0,8.5,0,1,0,0,,
35,300,81.3208587035511,DI,1989.0,9.1,7,1,0,0,,
35,300,100.632382572902,DI,1989.0,9.1,7,1,0,0,,
35,300,1.85456914682528,DI,1989.0,9.1,7,1,0,0,,
37,300,1.40042807565008,DI,1987.0,9.1,0,1,0,0,,
37,300,17.7929012595443,DI,1987.0,9.1,6,1,0,0,,
37,300,22.3170810587411,DI,1987.0,9.1,7,1,0,0,,
37,300,134.181054301759,DI,1987.0,9.1,7,1,0,0,,
15,300,2.00955066130952,PVC,2009.0,9.35,7,1,0,0,,
15,300,183.389958468681,PVC,2009.0,9.35,7,1,0,0,,
95,300,149.461922503474,CI,1929.0,7.3,8,1,0,0,,
16,300,9.6942535060295,PVC,2008.0,9.35,7,1,0,0,,
40,300,5.90895314276917,DI,1984.0,9.1,6,1,8,1,-80.4722322203196,43.4577890974692
40,300,1.28813851038756,DI,1984.0,9.1,0,1,8,1,-80.4722322203196,43.4577890974692
40,300,6.04887250719278,DI,1984.0,9.1,6,1,8,1,-80.4722322203196,43.4577890974692
23,300,40.9904598665688,PVC,2001.0,9.35,7,1,0,0,,
23,300,95.8821751073526,PVC,2001.0,9.35,7,1,0,0,,
23,300,95.3349901521046,PVC,2001.0,9.35,7,1,0,0,,
34,450,16.1770323835134,DI,1990.0,9.1,6,0,0,0,,
34,450,27.7450944222189,DI,1990.0,9.1,7,0,0,0,,
34,450,59.9614922479291,DI,1990.0,9.1,6,0,0,0,,
34,450,152.779167364433,DI,1990.0,9.1,7,0,0,0,,
30,200,34.089912433144,PVC,1994.0,9.35,7,0,0,0,,
30,200,87.0074243220482,PVC,1994.0,9.35,7,0,0,0,,
20,300,105.64767058344,PVC,2004.0,9.35,7,1,0,0,,
20,300,13.5129245134424,PVC,2004.0,9.35,7,1,0,0,,
19,300,11.269516762093,PVC,2005.0,9.35,6,1,0,0,,
19,300,13.6914017472719,PVC,2005.0,9.35,6,1,0,0,,
19,300,62.4101167244724,PVC,2005.0,9.35,6,1,0,0,,
46,150,6.16552194018889,DI,1978.0,8.5,6,0,0,0,,
46,150,6.29279949101179,DI,1978.0,8.5,6,0,0,0,,
46,150,318.767945812142,DI,1978.0,8.5,6,0,0,0,,
14,300,131.069675490503,PVC,2010.0,9.35,6,2,0,0,,
72,150,85.4699751294015,CI,1952.0,7.75,5,1,0,0,,
44,300,111.197714177319,DI,1980.0,8.5,7,0,0,0,,
44,300,41.7473028392129,DI,1980.0,8.5,6,0,0,0,,
37,150,3.56060588082399,DI,1987.0,9.1,6,1,0,0,,
37,150,110.113715605502,DI,1987.0,9.1,7,1,0,0,,
45,200,11.1752414924161,DI,1979.0,8.5,6,2,0,0,,
45,200,133.141793855633,DI,1979.0,8.5,6,2,0,0,,
20,200,2.59778367035745,PVC,2004.0,9.35,0,3,0,0,,
20,200,8.92605022630488,PVC,2004.0,9.35,6,3,0,0,,
20,200,69.7633397246359,PVC,2004.0,9.35,6,3,0,0,,
48,300,3.01293063923119,DI,1976.0,8.5,6,1,0,0,,
48,300,3.09801363452589,DI,1976.0,8.5,6,1,0,0,,
23,150,14.4042834626892,PVC,2001.0,9.35,6,3,0,0,,
23,150,118.378989782975,PVC,2001.0,9.35,6,3,0,0,,
18,150,12.0802939369637,PVC,2006.0,9.35,6,3,0,0,,
18,150,144.65318994516,PVC,2006.0,9.35,6,3,0,0,,
18,150,144.245062828078,PVC,2006.0,9.35,6,3,0,0,,
19,200,54.4199985338496,PVC,2005.0,9.35,6,1,0,0,,
19,200,9.98301411741769,PVC,2005.0,9.35,6,1,0,0,,
70,150,88.3218040604642,CI,1954.0,7.75,6,1,1,1,-80.4511511931428,43.4274154751349
70,150,12.4969142050032,CI,1954.0,3.83,6,1,1,1,-80.4511511931428,43.4274154751349
59,150,62.5391662564807,DI,1965.0,8.5,5,1,1,1,-80.4458175620246,43.4465539524382
59,150,12.5534241537031,DI,1965.0,8.5,5,1,1,1,-80.4458175620246,43.4465539524382
38,150,11.5819226862347,DI,1986.0,9.1,6,5,0,0,,
38,150,198.218767484119,DI,1986.0,9.1,6,5,0,0,,
38,150,184.577519237611,DI,1986.0,9.1,6,5,0,0,,
38,150,14.9282211398554,DI,1986.0,9.1,6,5,0,0,,
67,300,48.2860459810072,CI,1957.0,4.55,7,1,1,1,-80.5130217558478,43.4450578890457
14,150,115.919033721622,PVC,2010.0,9.35,6,1,0,0,,
18,150,40.3931645997418,PVC,2006.0,9.35,6,1,0,0,,
18,150,8.55994853943349,PVC,2006.0,9.35,6,1,0,0,,
72,150,173.489588099877,CI,1952.0,6.95,6,1,0,0,,
58,200,1.82913702166787,DI,1966.0,8.5,7,1,0,0,,
58,200,53.3235350367591,DI,1966.0,8.5,6,1,0,0,,
26,150,129.297728536317,PVC,1998.0,9.35,5,2,0,0,,
26,150,11.0576294947106,PVC,1998.0,9.35,5,2,0,0,,
34,200,6.35953413300549,PVC,1990.0,9.35,6,2,0,0,,
34,200,5.53896869152946,PVC,1990.0,9.35,6,2,0,0,,
34,200,78.8825017562949,PVC,1990.0,9.35,6,2,0,0,,
20,150,12.4012386105559,PVC,2004.0,9.35,6,1,0,0,,
29,450,39.4920586508288,PVC,1995.0,9.35,7,1,0,0,,
73,300,1.66677485012932,CI,1951.0,7.75,7,1,0,0,,
73,300,95.9298126591972,CI,1951.0,7.75,7,1,0,0,,
55,450,166.494221080023,DI,1969.0,8.5,6,2,0,0,,
55,450,7.35616148903559,DI,1969.0,8.5,6,2,0,0,,
66,300,13.1085302606654,CI,1958.0,7.75,7,1,0,0,,
66,300,81.5853409275784,CI,1958.0,5.35,8,1,1,1,-80.5067408326171,43.4278759706261
49,200,5.01823443111195,DI,1975.0,8.5,7,1,0,0,,
35,300,302.945372194436,DI,1989.0,9.1,7,1,0,0,,
15,150,5.7954983111089,PVC,2009.0,9.35,7,1,0,0,,
120,200,60.3868590270973,CI,1904.0,4.95,7,1,1,1,-80.4911671452006,43.459908911586
14,300,2.17534064432891,PVC,2010.0,9.35,7,1,0,0,,
14,300,37.1239180236951,PVC,2010.0,9.35,8,1,0,0,,
72,450,157.694398644988,AC,1952.0,8.5,7,3,0,0,,
43,300,17.9614096791446,DI,1981.0,8.5,7,1,6,1,-80.4722224444702,43.4618208394298
19,150,1.11469373324715,PVC,2005.0,9.35,7,3,0,0,,
19,150,39.6653697080684,PVC,2005.0,9.35,7,3,0,0,,
20,300,122.85817699014,PVC,2004.0,9.35,7,1,0,0,,
53,300,9.96730483278948,DI,1971.0,8.5,7,2,0,0,,
53,300,151.98588982231,DI,1971.0,8.5,7,2,0,0,,
53,300,152.513828188619,DI,1971.0,8.5,7,2,0,0,,
20,300,5.71849897354253,PVC,2004.0,9.35,7,1,0,0,,
20,300,8.42411200506793,PVC,2004.0,9.35,7,1,0,0,,
56,300,254.606942792678,DI,1968.0,8.5,7,1,0,0,,
38,450,18.8817348367347,DI,1986.0,9.1,8,1,0,0,,
38,450,30.0424200690432,DI,1986.0,9.1,7,1,0,0,,
38,450,105.268420544021,DI,1986.0,9.1,6,1,0,0,,
15,450,8.66983997871473,PVC,2009.0,9.35,6,0,0,0,,
15,450,491.06863668966,PVC,2009.0,9.35,7,0,0,0,,
23,300,40.6257421257978,PVC,2001.0,6.15,7,1,0,0,,
23,300,50.7141174021071,PVC,2001.0,9.35,7,1,0,0,,
43,300,18.9536593811313,DI,1981.0,8.5,8,1,0,0,,
43,300,1.10591435446811,DI,1981.0,8.5,0,1,6,1,-80.4722224444702,43.4618208394298
39,300,16.0346771877001,DI,1985.0,9.1,7,1,0,0,,
39,300,1.64026617625888,DI,1985.0,9.1,0,1,0,0,,
62,450,67.9776082671382,CI,1962.0,7.85,7,1,0,0,,
23,450,226.774102992006,PVC,2001.0,9.35,7,1,0,0,,
23,450,3.34632275772717,PVC,2001.0,9.35,0,1,0,0,,
23,450,119.010517730106,PVC,2001.0,9.35,0,1,0,0,,
44,450,369.980345634277,DI,1980.0,8.5,8,3,0,0,,
73,150,9.75391273298729,CI,1951.0,7.75,6,1,4,1,-80.4916539914871,43.4350659566065
42,300,66.909126765568,DI,1982.0,9.1,6,1,0,0,,
42,300,16.4153860784049,DI,1982.0,9.1,6,1,0,0,,
67,300,0.9142675314759,CI,1957.0,7.75,6,1,1,1,-80.4934528059506,43.4264192930346
67,300,235.956378609836,CI,1957.0,7.75,7,1,1,1,-80.4951496223241,43.4260612837674
67,150,103.137700685487,CI,1957.0,5.5,7,1,11,1,-80.4759495601511,43.467723549122
67,150,279.459916201336,CI,1957.0,1.0,6,1,11,1,-80.4759495601511,43.467723549122
37,150,85.646684586673,DI,1987.0,9.1,5,3,0,0,,
30,200,64.6762931695911,DI,1994.0,9.1,6,1,0,0,,
54,600,463.101564115996,CPP,1970.0,9.15,8,1,5,1,-80.4775016777992,43.4315569901761
12,150,3.60991487116751,PVC,2012.0,9.35,0,1,0,0,,
12,150,12.4877099409754,PVC,2012.0,9.35,6,1,0,0,,
12,150,2.62666518771708,PVC,2012.0,9.35,6,1,0,0,,
32,150,6.26818889347033,PVC,1992.0,9.35,6,3,0,0,,
32,150,1.4133827213381,PVC,1992.0,9.35,0,3,0,0,,
32,150,5.51883502245587,PVC,1992.0,9.35,6,3,0,0,,
32,150,69.7600881470167,PVC,1992.0,9.35,6,3,0,0,,
19,200,7.48011345389802,PVC,2005.0,9.35,7,1,0,0,,
19,200,10.0674729292551,PVC,2005.0,9.35,6,1,0,0,,
19,200,50.8525337111629,PVC,2005.0,9.35,6,1,0,0,,
56,300,92.0391483205348,DI,1968.0,8.5,8,1,0,0,,
27,300,4.04016152167213,PVC,1997.0,9.35,7,1,0,0,,
27,300,106.457233366708,PVC,1997.0,9.35,7,1,0,0,,
27,300,1.66072666311534,PVC,1997.0,9.35,7,1,0,0,,
37,450,35.9761647581287,DI,1987.0,9.1,7,5,0,0,,
37,450,3.06997816994616,DI,1987.0,9.1,7,5,0,0,,
30,150,95.581622763903,CI,1994.0,7.75,7,1,0,0,,
30,0,256.157197425842,CI,1994.0,7.75,7,1,2,1,-80.4617683740038,43.4569662136086
27,200,1.67836309602369,PVC,1997.0,9.35,0,1,0,0,,
27,200,13.8010888864787,PVC,1997.0,9.35,7,1,1,1,-80.4825746617397,43.4462093707329
59,450,188.107758999951,DI,1965.0,8.5,8,1,0,0,,
59,450,311.52219454682,DI,1965.0,8.5,8,1,0,0,,
59,450,244.460409223209,DI,1965.0,8.5,8,1,0,0,,
24,300,96.2543807040388,PVC,2000.0,7.35,8,1,0,0,,
60,300,198.595758529824,CI,1964.0,7.85,7,1,1,1,-80.4509056181677,43.448514180655
21,250,6.8329707746242,PVC,2003.0,9.35,5,3,0,0,,
21,250,5.34440030350944,PVC,2003.0,9.35,5,3,0,0,,
21,250,117.611470365803,PVC,2003.0,9.35,5,3,0,0,,
23,150,9.00491272089775,PVC,2001.0,9.35,6,2,0,0,,
23,150,50.8766745317162,PVC,2001.0,9.35,6,2,0,0,,
45,600,11.9200837641053,DI,1979.0,8.5,7,1,0,0,,
45,600,19.1870880005203,DI,1979.0,8.5,7,1,0,0,,
35,150,4.91309981077708,DI,1989.0,9.1,6,1,0,0,,
35,150,16.1349680580563,DI,1989.0,9.1,6,1,0,0,,
62,150,13.1016435314042,CI,1962.0,7.85,5,1,6,1,-80.5090537670458,43.4229417988576
62,150,11.932638802972,CI,1962.0,7.85,6,1,6,1,-80.5090537670458,43.4229417988576
62,150,347.629470083879,CI,1962.0,5.05,5,1,6,1,-80.5090537670458,43.4229417988576
57,150,80.7797634054325,CI,1967.0,4.65,6,1,0,0,,
57,150,0.609495529373122,CI,1967.0,7.85,5,1,2,1,-80.4361266855501,43.4367210333702
19,300,75.0362111709251,PVC,2005.0,9.35,7,1,0,0,,
36,150,4.66751570995459,DI,1988.0,9.1,4,1,0,0,,
36,150,66.4524023044236,DI,1988.0,9.1,4,1,0,0,,
36,150,14.8999484815362,DI,1988.0,9.1,4,1,0,0,,
56,300,11.8797161181536,DI,1968.0,8.5,7,3,4,1,-80.5190342345688,43.4236865966143
56,300,191.720717554602,DI,1968.0,8.5,7,3,0,0,,
9,150,4.59188059660757,PVC,2015.0,9.35,0,1,0,0,,
23,200,5.62665752450328,PVC,2001.0,9.35,6,1,0,0,,
13,150,8.02199376270528,PVC,2011.0,9.35,6,1,0,0,,
13,150,7.47502226392519,PVC,2011.0,9.35,6,1,0,0,,
23,300,55.3732694319803,PVC,2001.0,9.35,6,3,0,0,,
61,600,31.483448709963,CPP,1963.0,9.15,7,1,1,1,-80.4722872790069,43.4411899423904
101,150,4.08634451428863,CI,1923.0,7.75,0,1,1,1,-80.5138584638292,43.4568092119606
16,150,2.15665076037088,PVC,2008.0,9.35,0,1,0,0,,
16,200,0.752008942519489,PVC,2008.0,9.35,0,1,0,0,,
16,200,5.45210265887268,PVC,2008.0,9.35,6,1,0,0,,
23,300,24.679513511064,PVC,2001.0,9.35,7,1,0,0,,
23,300,8.83564866803264,PVC,2001.0,9.35,7,1,0,0,,
32,150,10.2438355314058,DI,1992.0,9.1,5,7,0,0,,
32,300,11.4406641796932,DI,1992.0,9.1,5,7,0,0,,
32,150,10.8768642618385,DI,1992.0,9.1,5,7,0,0,,
18,150,9.71101927482486,PVC,2006.0,9.35,5,7,0,0,,
18,150,5.71481843669107,PVC,2006.0,9.35,5,7,0,0,,
44,300,2.45793295157243,DI,1980.0,8.5,6,7,0,0,,
43,200,12.1812103511583,DI,1981.0,8.5,6,7,0,0,,
44,300,18.8790034077464,DI,1980.0,8.5,6,7,0,0,,
22,300,96.4953515583826,PVC,2002.0,9.35,8,1,0,0,,
45,300,139.402143411,DI,1979.0,8.5,7,1,1,1,-80.4586564231125,43.4691982123326
45,300,57.7819437097898,DI,1979.0,8.5,7,1,1,1,-80.4586564231125,43.4691982123326
8,300,212.713561794071,DI,2016.0,9.1,7,1,1,1,-80.4586564231125,43.4691982123326
97,150,1.69862981428372,CI,1927.0,7.75,5,1,0,0,,
27,150,7.37928484254979,PVC,1997.0,9.35,6,3,0,0,,
27,150,135.387105468729,PVC,1997.0,9.35,6,3,0,0,,
17,150,12.0148149234398,PVC,2007.0,9.35,6,3,0,0,,
17,150,39.2625430013721,PVC,2007.0,9.35,6,3,0,0,,
63,450,10.9296485743916,CI,1961.0,7.75,7,1,0,0,,
37,450,26.7124082119207,DI,1987.0,9.1,7,0,0,0,,
37,450,7.01024211831171,DI,1987.0,9.1,7,0,0,0,,
40,200,0.630314912980139,DI,1984.0,9.1,7,1,0,0,,
40,200,8.17415269245379,DI,1984.0,9.1,7,1,0,0,,
18,300,5.45904116366242,PVC,2006.0,9.35,7,1,0,0,,
18,300,241.842204019484,PVC,2006.0,9.35,7,1,0,0,,
63,300,318.672435444616,CI,1961.0,7.75,8,1,1,1,-80.4421079441422,43.4210476654873
63,300,10.7341824538267,CI,1961.0,7.75,7,1,0,0,,
43,300,837.559441856435,DI,1981.0,7.65,0,10,1,1,-80.5306258691107,43.4073064722364
55,450,179.918043285511,DI,1969.0,8.5,6,2,0,0,,
55,450,11.3160724210477,DI,1969.0,8.5,6,2,0,0,,
36,300,12.779034811453,DI,1988.0,9.1,6,1,0,0,,
36,300,117.252772545934,DI,1988.0,9.1,6,1,0,0,,
36,300,137.959168524783,DI,1988.0,9.1,6,1,0,0,,
40,300,26.5462616143571,DI,1984.0,9.1,7,1,0,0,,
40,300,7.28250290183119,DI,1984.0,9.1,7,1,0,0,,
51,450,175.256047113852,DI,1973.0,8.5,7,1,0,0,,
51,450,403.648292790812,DI,1973.0,8.5,6,1,0,0,,
23,450,2.76901729811694,PVC,2001.0,9.35,0,3,0,0,,
23,450,158.904587906143,PVC,2001.0,9.35,0,3,0,0,,
24,300,17.7737413885034,PVC,2000.0,9.35,7,1,0,0,,
24,300,228.56444658422,PVC,2000.0,9.35,7,1,0,0,,
24,300,49.8243094410923,PVC,2000.0,9.35,7,1,0,0,,
24,300,8.32156480328481,PVC,2000.0,9.35,6,1,0,0,,
33,300,11.3304486439899,PVC,1991.0,9.35,6,1,0,0,,
33,300,123.182053337259,PVC,1991.0,9.35,7,1,0,0,,
33,300,53.6173860841153,PVC,1991.0,9.35,6,1,0,0,,
55,300,11.9420900501678,DI,1969.0,8.5,6,3,4,1,-80.5388129159688,43.442057853045
55,300,179.696501304888,DI,1969.0,5.7,6,3,4,1,-80.5388129159688,43.442057853045
55,300,10.6679013132157,DI,1969.0,8.5,6,3,4,1,-80.5388129159688,43.442057853045
55,300,133.72074561726,DI,1969.0,8.5,6,3,4,1,-80.5388129159688,43.442057853045
55,300,39.0513396543581,DI,1969.0,5.3,6,3,4,1,-80.5388129159688,43.442057853045
40,300,7.96708421223338,DI,1984.0,9.1,7,1,2,1,-80.4731975794538,43.4585997486419
75,150,3.35280253098988,CI,1949.0,7.75,6,1,2,1,-80.4688989145601,43.446852806817
56,150,8.09867545625564,DI,1968.0,8.5,7,1,0,0,,
56,150,1.02418166915089,DI,1968.0,8.5,7,1,0,0,,
23,300,7.95514525915287,PVC,2001.0,9.35,7,2,0,0,,
23,300,24.5972505344985,PVC,2001.0,9.35,7,2,0,0,,
33,300,32.097497727509,DI,1991.0,9.1,7,5,0,0,,
33,300,2.22359806960824,DI,1991.0,9.1,7,5,0,0,,
72,200,6.25060277313867,CI,1952.0,7.75,7,1,2,1,-80.4731975794538,43.4585997486419
72,200,7.45644612281172,CI,1952.0,7.75,0,1,0,0,,
72,200,65.9675586879697,CI,1952.0,5.5,8,1,0,0,,
55,450,30.8687266651974,DI,1969.0,8.5,0,1,0,0,,
47,300,182.755663093119,DI,1977.0,8.5,8,3,0,0,,
47,300,27.403551069563,DI,1977.0,8.5,7,3,0,0,,
26,300,104.362611589343,PVC,1998.0,9.35,7,1,0,0,,
23,300,17.9440312923758,PVC,2001.0,9.35,7,2,0,0,,
23,300,116.079993739829,PVC,2001.0,9.35,7,2,0,0,,
23,300,5.65022706953586,PVC,2001.0,9.35,7,2,0,0,,
62,150,12.3453578643612,CI,1962.0,7.85,6,1,1,1,-80.5091900221608,43.4338034428711
62,150,0.990581971280198,CI,1962.0,7.85,6,1,1,1,-80.5078210818357,43.4322618857906
62,150,180.247857123944,CI,1962.0,7.85,7,1,0,0,,
36,300,67.4511865659944,DI,1988.0,9.1,8,1,0,0,,
23,450,454.630568296944,PVC,2001.0,9.35,8,3,0,0,,
23,450,132.854709176003,PVC,2001.0,9.35,0,3,0,0,,
46,600,141.150774391505,DI,1978.0,8.5,7,1,1,1,-80.4565642030857,43.4664672784482
102,200,68.1611558187995,CI,1922.0,5.5,7,1,0,0,,
76,150,94.0041197994431,CI,1948.0,5.5,6,1,0,0,,
76,150,7.10203361258502,CI,1948.0,7.75,0,1,0,0,,
54,600,190.957483014465,CPP,1970.0,9.15,8,1,0,0,,
75,300,175.576455631889,CI,1949.0,7.75,7,1,0,0,,
55,450,60.8734433802822,DI,1969.0,8.5,6,2,0,0,,
46,450,683.004429726767,DI,1978.0,8.5,6,1,0,0,,
15,450,327.136198977877,PVC,2009.0,9.35,7,3,0,0,,
15,450,3.1099021482056,PVC,2009.0,9.35,0,3,0,0,,
50,300,13.8062803153097,DI,1974.0,8.5,8,1,0,0,,
24,150,6.28448839565323,PVC,2000.0,9.35,6,6,0,0,,
24,200,6.48793612845684,PVC,2000.0,9.35,6,6,0,0,,
24,150,184.450418626356,PVC,2000.0,9.35,5,6,0,0,,
24,200,33.0915257250352,PVC,2000.0,9.35,6,6,0,0,,
24,150,19.3546113155921,PVC,2000.0,9.35,5,6,0,0,,
21,300,29.0013926561916,PVC,2003.0,9.35,6,3,0,0,,
21,300,5.58949247935767,PVC,2003.0,9.35,6,3,0,0,,
49,150,3.29946390827094,DI,1975.0,8.5,7,0,0,0,,
49,150,169.868997385419,DI,1975.0,8.5,6,0,0,0,,
49,150,4.42866694163875,DI,1975.0,8.5,6,0,0,0,,
14,200,6.05745762284374,PVC,2010.0,9.35,6,1,0,0,,
48,150,33.4119936564152,DI,1976.0,8.5,5,1,0,0,,
78,150,34.6462854727747,CI,1946.0,7.75,6,1,0,0,,
48,150,102.671574796136,PVC,1976.0,9.35,6,1,0,0,,
48,150,6.39003570614767,PVC,1976.0,9.35,7,1,0,0,,
56,300,47.362782351588,DI,1968.0,8.5,6,1,0,0,,
18,300,140.632418858417,PVC,2006.0,9.35,7,1,1,1,-80.4996019450604,43.4509837228026
51,150,7.93611404164461,DI,1973.0,8.5,6,3,2,1,-80.5301678840237,43.422423557495
51,150,148.101084715408,DI,1973.0,5.65,6,3,2,1,-80.5301678840237,43.422423557495
29,450,7.43583324713035,PVC,1995.0,9.35,6,0,0,0,,
29,450,129.60545717411,PVC,1995.0,9.35,7,0,0,0,,
29,450,11.2309885665011,PVC,1995.0,9.35,6,0,0,0,,
100,150,222.123674098336,CI,1924.0,7.75,6,1,0,0,,
21,300,11.3774661007114,PVC,2003.0,9.35,7,2,0,0,,
21,300,114.571850849047,PVC,2003.0,9.35,7,2,0,0,,
21,300,12.3727917230502,PVC,2003.0,9.35,7,2,0,0,,
24,300,0.787496387493614,PVC,2000.0,9.35,7,1,0,0,,
24,300,131.167583141895,PVC,2000.0,9.35,7,1,0,0,,
24,300,68.858484512411,PVC,2000.0,9.35,7,1,0,0,,
65,150,0.914475238003047,CI,1959.0,7.75,7,1,3,1,-80.4605677736442,43.4613274354713
65,150,21.5393724362161,CI,1959.0,7.75,8,1,0,0,,
25,300,10.1048193810234,PVC,1999.0,9.35,7,1,0,0,,
54,300,252.822283976989,DI,1970.0,8.5,8,1,0,0,,
19,150,7.34719345952034,PVC,2005.0,9.35,6,1,1,1,-80.4963250768428,43.4398453127661
26,300,10.8797585496246,PVC,1998.0,9.35,7,1,0,0,,
26,300,63.0102032908637,PVC,1998.0,9.35,7,1,0,0,,
61,300,5.26880893267587,CI,1963.0,7.75,7,1,0,0,,
33,150,77.0474699258901,DI,1991.0,9.1,6,1,0,0,,
66,300,211.659717564396,CI,1958.0,7.75,7,1,0,0,,
16,450,331.260448192328,PVC,2008.0,9.35,8,3,0,0,,
16,450,2.96480496886989,PVC,2008.0,9.35,0,3,0,0,,
16,300,28.1541940601841,PVC,2008.0,9.35,8,1,0,0,,
43,300,250.444229749845,DI,1981.0,7.65,7,7,1,1,-80.4587718563259,43.4790321066448
43,300,8.71727200022466,DI,1981.0,8.05,6,7,1,1,-80.4587718563259,43.4790321066448
43,300,2.70695446748169,DI,1981.0,8.5,6,7,1,1,-80.4587718563259,43.4790321066448
43,300,9.56533334207187,DI,1981.0,8.5,8,1,0,0,,
37,200,1.41523097676992,DI,1987.0,9.1,0,3,0,0,,
37,200,6.14589852221899,DI,1987.0,9.1,7,3,0,0,,
37,200,3.89987339296759,DI,1987.0,9.1,6,3,0,0,,
74,150,193.556669523859,CI,1950.0,3.7,6,1,4,1,-80.4746990024691,43.4599865726546
40,300,8.05512271910202,DI,1984.0,9.1,7,1,0,0,,
18,300,12.4092638248572,PVC,2006.0,9.35,6,1,0,0,,
18,300,10.3075370486752,PVC,2006.0,9.35,7,1,2,1,-80.511163515614,43.4425815755989
18,300,20.2373227432148,PVC,2006.0,9.35,7,1,0,0,,
27,150,6.38223733462639,DI,1997.0,9.1,0,0,0,0,,
27,150,94.830464821021,DI,1997.0,9.1,5,0,0,0,,
19,150,2.97145127040107,PVC,2005.0,9.35,7,1,0,0,,
19,150,17.9733371479253,PVC,2005.0,9.35,6,1,0,0,,
66,150,12.6409121009513,CI,1958.0,7.75,5,1,0,0,,
66,150,76.3976197751697,CI,1958.0,7.75,5,1,0,0,,
38,600,14.7505818953043,DI,1986.0,9.1,7,1,1,1,-80.4750588838453,43.4069598754962
17,300,12.0892809361879,PVC,2007.0,9.35,8,1,0,0,,
17,300,4.09990032767166,PVC,2007.0,9.35,7,1,0,0,,
52,300,85.8990187853943,DI,1972.0,8.5,7,1,0,0,,
52,300,7.83839511829339,DI,1972.0,8.5,6,1,0,0,,
44,450,110.95064231617,DI,1980.0,8.5,7,3,0,0,,
44,450,49.9598441246661,DI,1980.0,8.5,7,3,0,0,,
66,300,115.048438208501,CI,1958.0,7.75,8,1,1,1,-80.50478665096,43.4259174295644
76,150,51.0614536589991,CI,1948.0,4.05,5,1,1,1,-80.464149551523,43.4412926967167
76,150,49.9910392732649,CI,1948.0,7.75,6,1,1,1,-80.464149551523,43.4412926967167
33,600,85.5058554110223,CPP,1991.0,9.35,7,1,0,0,,
57,450,313.300983180825,DI,1967.0,8.5,7,1,0,0,,
57,450,13.2398343071147,DI,1967.0,8.5,7,1,0,0,,
48,200,116.841387747837,DI,1976.0,6.45,7,1,1,1,-80.4878770018377,43.4567066169048
51,450,13.703887262184,DI,1973.0,8.5,7,1,0,0,,
51,450,185.077050385585,DI,1973.0,8.5,6,1,0,0,,
63,150,4.76513882713177,CI,1961.0,7.75,6,1,0,0,,
63,150,9.47933679531565,CI,1961.0,7.75,5,1,0,0,,
63,150,1.82034462639607,CI,1961.0,7.75,0,1,0,0,,
20,300,2.35440095188248,PVC,2004.0,9.35,7,3,0,0,,
20,300,4.46488188037612,PVC,2004.0,9.35,7,3,0,0,,
22,450,8.84045013223171,PVC,2002.0,9.35,6,0,0,0,,
55,200,7.61983006557352,CI,1969.0,7.85,5,1,1,1,-80.5321959757642,43.4453952266062
53,200,165.775750450334,CI,1971.0,6.65,6,1,1,1,-80.5321959757642,43.4453952266062
20,200,5.20382236765907,PVC,2004.0,9.35,6,3,0,0,,
20,200,74.0860013602166,PVC,2004.0,9.35,6,3,0,0,,
50,300,2.50418893294267,DI,1974.0,8.5,7,1,0,0,,
50,300,12.4221507089539,DI,1974.0,8.5,7,1,0,0,,
14,150,5.94793670093437,PVC,2010.0,9.35,6,1,0,0,,
14,150,39.0511173710667,PVC,2010.0,9.35,6,1,0,0,,
21,150,12.2993439952472,PVC,2003.0,9.35,5,4,0,0,,
21,150,87.7848374406754,PVC,2003.0,9.35,6,4,0,0,,
21,150,11.0905269271407,PVC,2003.0,9.35,6,4,0,0,,
51,200,177.400049580629,DI,1973.0,8.5,6,1,0,0,,
51,200,13.202614074797,DI,1973.0,8.5,6,1,0,0,,
18,150,12.4386175504412,PVC,2006.0,9.35,6,1,0,0,,
18,150,39.2352286227004,PVC,2006.0,9.35,6,1,0,0,,
89,300,34.7973591424624,CI,1935.0,7.75,6,1,0,0,,
89,300,0.874225645129651,CI,1935.0,7.75,7,1,0,0,,
30,600,287.406341916519,CPP,1994.0,9.35,7,1,0,0,,
16,300,1.95164168002102,PVC,2008.0,9.35,6,0,0,0,,
16,300,1.47232267135327,PVC,2008.0,9.35,0,0,0,0,,
92,150,60.807587917605,CI,1932.0,7.75,5,1,0,0,,
92,150,3.45693880902747,CI,1932.0,7.75,5,13,0,0,,
92,150,1.84767291589704,CI,1932.0,7.75,5,13,0,0,,
56,150,8.28017790106196,DI,1968.0,8.5,6,3,1,1,-80.5203766465575,43.4198337198759
56,150,81.901969607394,DI,1968.0,8.5,6,3,0,0,,
56,150,12.8491463612336,DI,1968.0,8.5,5,1,0,0,,
56,150,161.829882974105,DI,1968.0,8.5,5,1,0,0,,
28,300,7.51726963827164,PVC,1996.0,9.35,7,1,0,0,,
28,300,118.168886603733,PVC,1996.0,9.35,8,1,0,0,,
28,300,100.785432099133,PVC,1996.0,9.35,7,1,0,0,,
28,300,4.63021910894289,PVC,1996.0,9.35,7,1,0,0,,
17,200,7.47632120184019,PVC,2007.0,9.35,6,1,0,0,,
17,200,34.1028324604362,PVC,2007.0,9.35,6,1,0,0,,
66,300,14.2688998723343,CI,1958.0,7.75,7,1,3,1,-80.4605677736442,43.4613274354713
66,300,350.085758805926,CI,1958.0,7.35,7,1,4,1,-80.4592818048544,43.4594903412968
66,300,1.21914993334325,CI,1958.0,7.75,7,1,0,0,,
63,450,88.3156625455252,CI,1961.0,7.75,7,1,0,0,,
63,450,69.5175581567375,CI,1961.0,7.75,7,1,0,0,,
72,200,103.248508200496,CI,1952.0,7.75,7,1,0,0,,
72,200,2.22350584861819,CI,1952.0,7.75,7,1,0,0,,
48,300,1.38450824828245,DI,1976.0,8.5,7,1,1,1,-80.4826823665788,43.4585675608453
56,450,16.6965328487695,CI,1968.0,4.05,7,1,1,1,-80.484377142299,43.4748801132868
56,450,56.6341552468276,DI,1968.0,8.5,7,1,1,1,-80.4844489877209,43.4729682656368
45,300,0.645331046515113,DI,1979.0,8.5,7,1,0,0,,
97,150,0.780863323331169,CI,1927.0,7.75,7,1,0,0,,
87,450,1.20937888229724,CI,1937.0,7.75,7,1,0,0,,
78,150,10.5056289768444,CI,1946.0,7.75,6,1,0,0,,
75,150,5.28822010933198,CI,1949.0,7.75,7,1,0,0,,
73,150,8.05926690516189,CI,1951.0,7.75,6,1,0,0,,
73,150,5.0776042894836,CI,1951.0,7.75,7,1,0,0,,
71,150,14.0362765497692,CI,1953.0,7.75,6,1,0,0,,
29,300,4.43676460589881,DI,1995.0,9.1,7,1,0,0,,
20,150,6.31761578448426,PVC,2004.0,9.35,6,0,0,0,,
14,300,5.13007247768187,PVC,2010.0,9.35,7,1,0,0,,
66,300,5.71055457891641,CI,1958.0,7.75,7,1,0,0,,
71,200,125.384449688269,CI,1953.0,7.75,7,1,2,1,-80.4690044984496,43.4627948684897
46,600,81.1948815842375,DI,1978.0,8.5,7,1,6,1,-80.4722224444702,43.4618208394298
72,150,19.7417220156317,CI,1952.0,7.75,6,1,0,0,,
71,200,0.923807945623378,CI,1953.0,7.75,7,1,2,1,-80.4690044984496,43.4627948684897
74,200,8.48992056088762,CI,1950.0,3.83,7,1,6,1,-80.4722224444702,43.4618208394298
73,150,134.812281096339,CI,1951.0,6.55,8,1,6,1,-80.4722224444702,43.4618208394298
74,200,3.60749929751641,CI,1950.0,7.75,8,1,6,1,-80.4722224444702,43.4618208394298
47,600,11.7959988464413,DI,1977.0,8.5,8,1,6,1,-80.4722224444702,43.4618208394298
43,300,6.52999725500744,DI,1981.0,8.5,8,1,0,0,,
74,150,5.6313610671885,CI,1950.0,7.75,8,1,4,1,-80.4746990024691,43.4599865726546
15,150,60.8219682681918,PVC,2009.0,9.35,0,1,1,1,-80.4564025584982,43.3900078783332
73,150,150.893072388276,CI,1951.0,7.75,6,1,6,1,-80.4722224444702,43.4618208394298
26,300,6.35998808099381,PVC,1998.0,9.35,7,1,0,0,,
26,300,10.7008008222246,PVC,1998.0,9.35,7,1,0,0,,
102,150,88.5256013036771,CI,1922.0,2.3,7,1,2,1,-80.4742840313404,43.4430825346037
102,150,4.79757435388625,CI,1922.0,7.75,7,1,2,1,-80.4742840313404,43.4430825346037
16,300,158.013807559276,PVC,2008.0,8.15,8,1,0,0,,
24,300,10.9986814015879,DI,2000.0,9.1,7,1,0,0,,
24,300,3.06967411953837,DI,2000.0,9.1,7,1,0,0,,
58,450,324.097570571878,DI,1966.0,8.5,7,1,0,0,,
58,450,28.4767304334917,DI,1966.0,8.5,0,1,0,0,,
53,200,4.02715964652079,DI,1971.0,8.5,7,2,0,0,,
53,200,347.109556428634,DI,1971.0,8.5,7,2,0,0,,
53,200,165.43393948524,DI,1971.0,8.5,6,2,0,0,,
74,150,194.367735452858,CI,1950.0,7.35,7,1,1,1,-80.4667856998381,43.4456001728982
16,200,1.35513289413311,PVC,2008.0,9.35,5,1,0,0,,
16,200,47.5561106900623,PVC,2008.0,9.35,6,1,0,0,,
16,200,132.641646076234,PVC,2008.0,9.35,6,1,0,0,,
16,200,7.91860766102572,PVC,2008.0,9.35,6,1,0,0,,
14,150,1.31041393912006,PVC,2010.0,9.35,7,1,0,0,,
14,150,12.5785726938355,PVC,2010.0,9.35,7,1,0,0,,
14,150,308.050179304896,PVC,2010.0,9.35,7,1,0,0,,
19,150,4.81122650564414,PVC,2005.0,9.35,6,3,0,0,,
19,150,219.247299917399,PVC,2005.0,9.35,6,3,0,0,,
19,150,132.372445114122,PVC,2005.0,9.35,7,3,0,0,,
48,300,21.048078018744,DI,1976.0,8.5,7,2,0,0,,
48,300,39.8792337990594,DI,1976.0,8.5,7,2,0,0,,
20,600,1.38556921526159,DI,2004.0,9.1,0,1,0,0,,
15,150,12.9612907738571,PVC,2009.0,9.35,5,3,0,0,,
15,150,10.5561824052603,PVC,2009.0,9.35,5,3,0,0,,
15,150,94.2840118210936,PVC,2009.0,9.35,5,3,0,0,,
56,300,187.757360224247,DI,1968.0,8.5,7,1,0,0,,
56,300,16.7767880533419,DI,1968.0,8.5,7,1,0,0,,
18,300,16.1082355681619,PVC,2006.0,9.35,7,1,1,1,-80.5042021763691,43.4431668821553
8,300,221.691308320382,DI,2016.0,6.7,7,1,1,1,-80.4586564231125,43.4691982123326
59,450,7.60180706168719,DI,1965.0,8.5,8,3,1,1,-80.5107228551966,43.4172973201033
59,450,0.901759081614961,DI,1965.0,8.5,0,1,1,1,-80.5107228551966,43.4172973201033
70,150,14.9348471171869,CI,1954.0,7.75,6,1,0,0,,
100,150,0.252242739523036,CI,1924.0,7.75,6,1,0,0,,
72,750,49.5909084657269,AC,1952.0,8.5,8,1,6,1,-80.502936881436,43.4234799778811
49,150,12.503281585356,DI,1975.0,8.5,6,3,2,1,-80.4990873787347,43.4152738067274
49,150,175.164517768083,DI,1975.0,6.5,6,3,2,1,-80.4990873787347,43.4152738067274
45,200,1.74721737499415,DI,1979.0,8.5,6,2,0,0,,
45,200,114.083558777962,DI,1979.0,8.5,6,2,0,0,,
33,150,12.6028800287274,DI,1991.0,9.1,6,1,0,0,,
33,150,178.089745893569,DI,1991.0,9.1,6,1,0,0,,
33,150,130.513587886181,DI,1991.0,9.1,6,1,0,0,,
33,150,12.323251033048,DI,1991.0,9.1,6,1,0,0,,
33,150,96.5980749765326,DI,1991.0,9.1,6,1,0,0,,
33,150,101.007952722158,DI,1991.0,9.1,6,1,0,0,,
92,150,35.5103803490086,CI,1932.0,7.75,6,1,0,0,,
24,150,249.261216685191,PVC,2000.0,9.35,6,6,0,0,,
24,200,40.5155091851613,PVC,2000.0,9.35,6,6,0,0,,
24,150,103.822641853475,PVC,2000.0,9.35,6,6,0,0,,
74,150,0.965252773338652,CI,1950.0,7.75,8,1,4,1,-80.4746990024691,43.4599865726546
74,150,1.97342670422326,CI,1950.0,7.75,0,1,4,1,-80.4746990024691,43.4599865726546
14,300,4.7673476410265,PVC,2010.0,9.35,7,2,0,0,,
14,300,156.437688753692,PVC,2010.0,9.35,7,2,0,0,,
43,150,175.501033811832,DI,1981.0,8.5,5,7,0,0,,
23,300,11.1209544631965,PVC,2001.0,9.35,7,2,0,0,,
23,300,6.65326918572542,PVC,2001.0,9.35,6,2,0,0,,
23,300,82.0854452671838,PVC,2001.0,9.35,7,2,0,0,,
18,150,57.1713231957082,PVC,2006.0,9.35,5,7,0,0,,
18,150,4.0422419739599,PVC,2006.0,9.35,6,1,0,0,,
18,150,6.43309079736715,PVC,2006.0,9.35,7,1,0,0,,
50,300,12.1120035008256,DI,1974.0,8.5,7,1,0,0,,
50,300,20.6149310144504,DI,1974.0,8.5,7,1,0,0,,
39,300,12.0927086658904,DI,1985.0,9.1,7,0,0,0,,
33,300,10.2471704639619,DI,1991.0,9.1,7,1,0,0,,
33,300,190.310486972425,DI,1991.0,9.1,6,1,0,0,,
10,200,4.8417060181475,PVC,2014.0,9.35,5,1,0,0,,
10,200,96.6777837801439,PVC,2014.0,9.35,6,1,0,0,,
10,150,6.81085714605516,PVC,2014.0,9.35,5,1,0,0,,
71,150,149.639969325876,CI,1953.0,7.75,6,1,0,0,,
104,150,9.467777767566,CI,1920.0,7.75,6,1,0,0,,
43,300,7.92164508247033,DI,1981.0,8.5,8,1,0,0,,
47,600,44.6867386811724,DI,1977.0,8.5,8,1,0,0,,
43,300,11.7012038861559,DI,1981.0,8.5,8,1,0,0,,
47,600,125.659824628115,DI,1977.0,8.5,8,1,0,0,,
87,150,9.08522006893749,CI,1937.0,7.75,7,1,0,0,,
47,600,267.087926983573,DI,1977.0,8.5,6,1,4,1,-80.4851390435598,43.4577660799576
43,300,28.290235900616,DI,1981.0,8.5,7,1,0,0,,
95,300,92.5057177215786,CI,1929.0,7.75,6,1,0,0,,
95,300,0.938992822941737,CI,1929.0,7.75,7,1,0,0,,
94,300,13.1873564658314,CI,1930.0,7.75,7,1,0,0,,
95,300,8.94828430774588,CI,1929.0,7.75,7,1,0,0,,
38,450,7.42863626174187,DI,1986.0,9.1,7,1,0,0,,
101,150,24.2931816003632,CI,1923.0,7.75,7,1,0,0,,
49,200,1.79254406876393,DI,1975.0,8.5,7,1,0,0,,
66,100,6.78486317680094,CI,1958.0,7.75,5,1,0,0,,
66,100,173.815474346799,CI,1958.0,6.95,5,1,0,0,,
38,600,6.81178780811508,DI,1986.0,9.1,7,1,1,1,-80.4750588838453,43.4069598754962
38,600,1.33905494928084,DI,1986.0,9.1,7,1,1,1,-80.4750588838453,43.4069598754962
47,600,11.1719333791506,DI,1977.0,8.5,0,1,1,1,-80.4826823665788,43.4585675608453
24,200,2.71132056405229,PVC,2000.0,9.35,5,4,0,0,,
24,200,6.04194269784354,PVC,2000.0,9.35,5,4,0,0,,
29,300,111.324699785198,PVC,1995.0,9.35,7,1,0,0,,
29,300,5.17864828968918,PVC,1995.0,9.35,7,1,0,0,,
58,150,9.13269457796323,DI,1966.0,8.5,5,1,3,1,-80.436715213319,43.4453986655384
24,200,4.07933394589336,PVC,2000.0,9.35,5,4,0,0,,
45,300,195.021640310767,DI,1979.0,6.5,7,1,9,1,-80.4661591423416,43.4657182018731
64,150,2.07707100016708,CI,1960.0,7.75,7,1,9,1,-80.4661591423416,43.4657182018731
64,150,8.23147346983031,CI,1960.0,7.75,7,1,9,1,-80.4661591423416,43.4657182018731
45,300,0.790360524469337,DI,1979.0,8.5,7,1,9,1,-80.4661591423416,43.4657182018731
10,150,24.3503235546049,PVC,2014.0,9.35,0,1,0,0,,
62,200,78.0083487190486,CI,1962.0,7.85,6,1,0,0,,
62,200,0.76903315960669,CI,1962.0,7.85,0,1,4,1,-80.4696254364841,43.4688255527359
62,200,314.574623507867,CI,1962.0,4.65,6,1,3,1,-80.4691098263165,43.4683589795779
96,300,15.1415451983006,CI,1928.0,7.75,7,1,0,0,,
63,300,21.6514139117548,CI,1961.0,7.75,7,1,1,1,-80.4536842508755,43.4191901335025
63,300,441.982226926072,CI,1961.0,7.35,7,1,1,1,-80.453264375253,43.4192119372108
63,300,451.188483487889,CI,1961.0,7.75,7,1,1,1,-80.453264375253,43.4192119372108
63,300,6.93866864418286,CI,1961.0,7.75,7,1,0,0,,
27,300,15.230797179132,PVC,1997.0,9.35,6,1,0,0,,
30,300,48.7945703317312,DI,1994.0,9.1,8,1,0,0,,
26,300,3.68287489839375,PVC,1998.0,9.35,7,1,0,0,,
26,300,3.27399002787669,PVC,1998.0,9.35,7,1,0,0,,
32,300,12.7238439251544,DI,1992.0,9.1,7,3,0,0,,
32,300,6.46487534319038,DI,1992.0,9.1,7,3,0,0,,
25,300,1.67438664542833,PVC,1999.0,9.35,7,3,0,0,,
25,300,25.125660508285,PVC,1999.0,9.35,7,3,0,0,,
68,150,6.05272126317439,CI,1956.0,7.75,6,1,0,0,,
73,150,106.858807637024,CI,1951.0,7.75,5,1,0,0,,
14,150,13.1994958850418,PVC,2010.0,9.35,5,1,0,0,,
14,150,67.2143186967574,PVC,2010.0,6.95,5,1,0,0,,
14,150,10.0551000409816,PVC,2010.0,9.35,5,1,0,0,,
21,150,8.52467219323362,PVC,2003.0,9.35,5,3,0,0,,
21,150,215.387226382843,PVC,2003.0,9.35,5,3,0,0,,
21,150,6.98261871795682,PVC,2003.0,9.35,5,3,0,0,,
48,150,6.5616723357787,DI,1976.0,8.5,6,2,0,0,,
48,150,241.298006063823,DI,1976.0,8.5,6,2,0,0,,
48,150,8.0168589479781,DI,1976.0,8.5,6,2,0,0,,
48,150,108.322536615497,DI,1976.0,8.5,6,2,0,0,,
101,150,52.3725913664767,CI,1923.0,7.75,7,1,1,1,-80.5138584638292,43.4568092119606
20,150,12.7736868598831,PVC,2004.0,9.35,6,3,0,0,,
20,150,31.4319796848794,PVC,2004.0,9.35,6,3,0,0,,
19,600,141.385435793244,PVC,2005.0,9.35,8,1,0,0,,
51,450,55.1805274593707,DI,1973.0,8.5,7,1,0,0,,
36,300,13.0760762434069,DI,1988.0,9.1,6,1,0,0,,
36,300,75.4184050550207,DI,1988.0,9.1,6,1,0,0,,
20,300,103.398595094669,PVC,2004.0,9.35,8,1,0,0,,
23,300,12.5403305861826,PVC,2001.0,9.35,0,1,0,0,,
23,300,9.82785487856901,PVC,2001.0,9.35,0,3,0,0,,
23,300,7.7377153010159,PVC,2001.0,9.35,0,3,0,0,,
55,450,324.515683273133,DI,1969.0,8.5,6,2,0,0,,
18,600,523.225354205135,CPP,2006.0,9.15,7,1,0,0,,
37,150,0.479401293227336,DI,1987.0,9.1,6,1,5,1,-80.4511484919615,43.4492316254602
37,150,157.628665272741,DI,1987.0,7.9,6,1,5,1,-80.4511484919615,43.4492316254602
31,300,60.0147755773827,DI,1993.0,9.1,6,1,0,0,,
18,300,4.6652714571607,PVC,2006.0,9.35,7,1,0,0,,
18,300,118.445789799019,PVC,2006.0,9.35,7,1,0,0,,
27,150,68.0021712318563,PVC,1997.0,9.35,6,1,0,0,,
18,450,148.330424450439,DI,2006.0,9.1,0,3,0,0,,
49,450,5.49234735636928,DI,1975.0,8.5,6,1,5,1,-80.4189661503071,43.4250620931865
56,450,312.915969555624,DI,1968.0,8.5,9,1,0,0,,
24,300,6.55699136433072,PVC,2000.0,9.35,6,1,0,0,,
24,300,8.17973474473126,PVC,2000.0,9.35,7,1,0,0,,
66,750,12.18129182344,CPP,1958.0,8.95,9,1,1,1,-80.5107228551966,43.4172973201033
66,750,63.3301607817311,CPP,1958.0,8.95,9,1,1,1,-80.5107228551966,43.4172973201033
66,750,385.748203954393,CPP,1958.0,8.95,9,1,0,0,,
60,450,196.757892190199,AC,1964.0,8.7,8,1,0,0,,
15,150,82.2175027598633,PVC,2009.0,9.35,0,1,0,0,,
47,750,72.0668678844019,CPP,1977.0,9.15,7,1,0,0,,
74,200,280.791323490457,CI,1950.0,7.35,8,1,6,1,-80.4722224444702,43.4618208394298
56,450,68.1057053994051,DI,1968.0,8.5,10,1,0,0,,
72,150,189.110685604431,CI,1952.0,5.35,6,1,3,1,-80.4897510921747,43.4341581497617
72,150,0.60951363713767,CI,1952.0,7.75,6,1,5,1,-80.4874873456351,43.4306763556287
56,300,19.9537061853011,DI,1968.0,8.5,7,1,0,0,,
56,300,88.3801253946198,DI,1968.0,8.5,7,1,0,0,,
24,300,34.5379082814292,PVC,2000.0,9.35,8,1,1,1,-80.4360328615764,43.4298966053768
48,300,260.58910307319,DI,1976.0,8.1,6,1,4,1,-80.4851390435598,43.4577660799576
23,300,10.2974041438865,PVC,2001.0,9.35,7,1,0,0,,
23,300,88.0502703628485,PVC,2001.0,9.35,7,1,0,0,,
23,300,79.0099918292097,PVC,2001.0,9.35,7,1,0,0,,
23,300,58.6205160291406,PVC,2001.0,9.35,7,1,0,0,,
22,300,4.37394253481969,PVC,2002.0,9.35,7,2,0,0,,
22,300,65.215436190898,PVC,2002.0,9.35,7,2,0,0,,
22,300,62.3033800875927,PVC,2002.0,9.35,7,2,0,0,,
22,300,18.7857702439214,PVC,2002.0,9.35,7,2,0,0,,
25,300,87.351412072786,PVC,1999.0,9.35,7,1,0,0,,
33,300,17.4106947336937,DI,1991.0,9.1,8,1,0,0,,
33,300,0.150350590124219,DI,1991.0,9.1,7,1,0,0,,
37,300,17.4162456799309,CPP,1987.0,9.35,7,5,0,0,,
37,300,6.60343013959428,CPP,1987.0,9.35,7,5,0,0,,
30,450,9.14205762379681,DI,1994.0,9.1,6,2,0,0,,
30,450,55.0501938177202,DI,1994.0,9.1,6,2,0,0,,
97,150,163.560182875758,CI,1927.0,4.3,6,1,0,0,,
16,150,4.40514802194555,PVC,2008.0,9.35,6,1,0,0,,
16,300,45.1120339526387,PVC,2008.0,9.35,7,1,0,0,,
19,150,10.0504875774783,PVC,2005.0,9.35,6,1,0,0,,
66,150,1.73273435090519,CI,1958.0,7.75,5,1,0,0,,
66,150,8.38173791069562,CI,1958.0,7.75,5,1,0,0,,
52,300,10.5146654173277,DI,1972.0,8.5,7,5,1,1,-80.4192880367943,43.4267865774632
16,300,0.583073666441933,PVC,2008.0,9.35,6,1,0,0,,
16,300,7.88438723625641,PVC,2008.0,9.35,6,1,0,0,,
19,300,8.00212546341161,PVC,2005.0,9.35,7,1,0,0,,
19,300,5.53670840800758,PVC,2005.0,9.35,7,1,0,0,,
19,300,93.7608304939381,PVC,2005.0,9.35,7,1,0,0,,
19,300,0.43764000021913,PVC,2005.0,9.35,7,1,0,0,,
44,300,203.597677710031,DI,1980.0,8.5,6,7,0,0,,
32,200,79.7322011556211,PVC,1992.0,9.35,6,1,0,0,,
32,200,9.88997537744602,PVC,1992.0,9.35,6,1,0,0,,
38,150,62.7002528612244,DI,1986.0,9.1,5,0,0,0,,
38,150,0.961173454059194,DI,1986.0,9.1,5,0,0,0,,
77,150,82.4635896473207,CI,1947.0,7.75,6,1,0,0,,
27,150,11.7385567632863,DI,1997.0,9.1,5,1,0,0,,
27,150,8.18089139317712,DI,1997.0,9.1,5,1,0,0,,
37,150,49.8476603857114,DI,1987.0,9.1,5,1,0,0,,
50,250,24.7389296883178,DI,1974.0,8.5,7,3,0,0,,
50,250,78.0342465532799,DI,1974.0,8.5,7,3,0,0,,
52,250,7.72903153495774,DI,1972.0,8.5,6,3,0,0,,
52,250,140.699155164114,DI,1972.0,8.5,7,3,0,0,,
16,300,3.03855795094226,PVC,2008.0,9.35,6,3,0,0,,
22,300,107.562755958374,PVC,2002.0,9.35,8,1,0,0,,
100,150,71.6491960223607,CI,1924.0,7.3,6,1,0,0,,
100,150,1.22013363151911,CI,1924.0,7.75,6,1,1,1,-80.4809548426344,43.4670110578409
52,200,5.64991393202774,DI,1972.0,8.5,6,5,0,0,,
46,300,292.124288079414,DI,1978.0,8.5,8,1,0,0,,
46,300,296.161159304169,DI,1978.0,8.5,6,1,0,0,,
64,300,64.3621366392537,CI,1960.0,7.75,6,1,0,0,,
71,200,35.0211242360585,CI,1953.0,7.75,6,1,6,1,-80.4722224444702,43.4618208394298
101,150,111.277378483324,CI,1923.0,7.75,7,1,0,0,,
58,450,199.670142053127,DI,1966.0,8.5,6,1,0,0,,
61,200,9.8488578017961,DI,1963.0,8.5,0,1,1,1,-80.530433028013,43.4471389997848
32,300,2.2247887093751,DI,1992.0,9.1,7,5,0,0,,
32,300,19.7180907185031,DI,1992.0,9.1,7,5,0,0,,
13,450,15.1319379467095,PVC,2011.0,9.35,0,1,0,0,,
13,450,215.646660404255,PVC,2011.0,9.35,7,1,0,0,,
51,450,59.8868367551457,DI,1973.0,8.5,7,1,0,0,,
53,200,23.028068663785,DI,1971.0,8.5,7,1,0,0,,
53,200,99.2314156282676,DI,1971.0,8.5,7,1,0,0,,
49,300,15.8462721651793,AC,1975.0,8.7,0,1,0,0,,
49,300,252.745292475204,AC,1975.0,8.7,7,2,1,1,-80.4554733955392,43.3946566608843
25,150,15.7227730728711,PVC,1999.0,9.35,7,1,1,1,-80.4570576780868,43.4380805453242
25,150,1.56953694096364,PVC,1999.0,9.35,7,1,0,0,,
56,300,104.560827704669,DI,1968.0,6.9,7,1,1,1,-80.5015293013007,43.4191943867622
56,300,10.972962123333,DI,1968.0,8.5,0,1,0,0,,
56,300,159.322401749084,DI,1968.0,8.5,7,1,1,1,-80.5015293013007,43.4191943867622
37,200,11.2353112893901,DI,1987.0,9.1,7,1,0,0,,
37,200,0.652977092739287,DI,1987.0,9.1,7,1,1,1,-80.4805146850787,43.4550325765982
72,200,4.64424682371346,CI,1952.0,7.75,7,1,0,0,,
72,200,132.560725469898,CI,1952.0,7.75,7,1,0,0,,
58,200,140.611534790902,CI,1966.0,5.45,7,1,2,1,-80.5167773834458,43.43104763663
58,200,1.65229193542203,CI,1966.0,7.85,6,1,2,1,-80.5167773834458,43.43104763663
20,300,6.38252940405418,PVC,2004.0,9.35,8,1,0,0,,
20,300,11.0105928845236,PVC,2004.0,9.35,8,1,0,0,,
40,300,12.4845471851109,DI,1984.0,9.1,7,1,0,0,,
40,300,129.626942433828,DI,1984.0,9.1,7,1,0,0,,
40,300,95.9455845407842,DI,1984.0,9.1,7,1,0,0,,
58,450,115.146886417553,DI,1966.0,8.5,7,1,0,0,,
58,450,10.6323559046508,DI,1966.0,8.5,0,1,0,0,,
35,300,238.895728582987,DI,1989.0,9.1,8,1,0,0,,
35,300,10.9516002228596,DI,1989.0,9.1,7,1,0,0,,
51,450,48.5298251300303,DI,1973.0,8.5,7,1,1,1,-80.4826579594926,43.4182273702733
53,200,136.993988142117,DI,1971.0,8.5,5,3,0,0,,
53,200,0.915077090063847,DI,1971.0,8.5,0,1,2,1,-80.5191171560233,43.429928564817
62,450,14.5910493619269,CI,1962.0,7.85,7,1,0,0,,
62,450,10.168560693672,CI,1962.0,7.85,7,1,0,0,,
42,450,263.667169999138,DI,1982.0,9.1,7,3,0,0,,
42,450,153.086448936766,DI,1982.0,9.1,7,3,0,0,,
42,450,242.804894720458,DI,1982.0,9.1,6,3,0,0,,
20,300,87.9638470096025,PVC,2004.0,9.35,7,1,0,0,,
63,300,224.483960875505,CI,1961.0,7.75,8,1,0,0,,
63,300,8.68657838245324,CI,1961.0,7.75,7,1,0,0,,
14,450,12.1068117207066,PVC,2010.0,9.35,6,0,0,0,,
13,450,410.467639174057,PVC,2011.0,9.35,7,1,0,0,,
18,600,204.027309741183,CPP,2006.0,9.55,9,1,0,0,,
18,600,9.84328631992967,CPP,2006.0,9.55,0,1,0,0,,
34,300,93.1453845837921,DI,1990.0,9.1,7,1,0,0,,
34,300,1.40280051260032,DI,1990.0,9.1,0,1,0,0,,
34,300,8.24516554192533,DI,1990.0,9.1,7,1,0,0,,
25,300,77.8960078141958,PVC,1999.0,9.35,8,1,0,0,,
25,300,7.16823634556197,PVC,1999.0,9.35,8,1,0,0,,
120,300,22.402994728608,CI,1904.0,7.75,7,1,0,0,,
77,150,106.208414778824,CI,1947.0,7.75,6,1,0,0,,
77,150,167.619798019791,CI,1947.0,7.75,6,1,0,0,,
22,300,166.061085555562,PVC,2002.0,9.35,8,1,0,0,,
22,300,0.198395563161074,PVC,2002.0,9.35,7,1,0,0,,
66,750,50.2786636263626,CPP,1958.0,8.95,9,1,0,0,,
18,300,161.369132123488,PVC,2006.0,9.35,9,14,0,0,,
77,150,104.384915276211,CI,1947.0,6.15,7,1,1,1,-80.5156778596301,43.4415014582893
17,300,221.165236396602,PVC,2007.0,8.9,8,1,0,0,,
40,300,60.7693019378058,DI,1984.0,9.1,7,1,0,0,,
22,300,7.90271233052069,PVC,2002.0,9.35,7,3,0,0,,
22,300,111.54118746162,PVC,2002.0,9.35,6,3,0,0,,
22,300,54.4844120618461,PVC,2002.0,9.35,6,3,0,0,,
22,300,76.9640942549565,PVC,2002.0,9.35,6,3,0,0,,
46,200,153.639917767511,DI,1978.0,8.5,6,1,0,0,,
46,200,2.13501954462028,DI,1978.0,8.5,0,1,0,0,,
46,200,19.165511585794,DI,1978.0,8.5,6,1,0,0,,
62,150,1.5979627238488,CI,1962.0,7.85,7,3,3,1,-80.5178589287232,43.4226879482427
62,150,329.506146912836,CI,1962.0,4.6,7,3,3,1,-80.5178589287232,43.4226879482427
62,150,5.73444024642185,CI,1962.0,7.85,6,3,1,1,-80.5200100967589,43.4248800110514
48,150,139.923134664413,PVC,1976.0,8.9,6,1,0,0,,
23,300,24.0366878409136,PVC,2001.0,9.35,6,1,1,1,-80.4733497303023,43.4721678261305
37,750,17.2861545136422,CPP,1987.0,9.35,7,1,2,1,-80.4210462266951,43.4276363980229
55,200,0.609465221291505,DI,1969.0,8.5,7,1,0,0,,
55,200,73.2393440286658,DI,1969.0,8.5,7,1,0,0,,
55,200,325.429940934379,DI,1969.0,8.5,7,1,0,0,,
42,300,52.2916112394791,DI,1982.0,9.1,7,1,0,0,,
46,200,12.159982243853,DI,1978.0,8.5,5,1,0,0,,
46,200,43.7550138320076,DI,1978.0,8.5,5,1,0,0,,
44,200,76.2031721129651,DI,1980.0,8.5,6,3,0,0,,
15,150,11.7801291691645,PVC,2009.0,9.35,5,3,0,0,,
15,150,75.003640694686,PVC,2009.0,9.35,5,3,0,0,,
15,150,12.0185665167897,PVC,2009.0,9.35,5,3,0,0,,
15,150,140.228154379996,PVC,2009.0,9.35,5,3,0,0,,
71,150,7.46664529822886,CI,1953.0,7.75,6,1,0,0,,
71,150,98.4570657313919,CI,1953.0,7.75,6,1,0,0,,
14,450,367.293357830156,PVC,2010.0,9.35,6,0,0,0,,
66,150,77.0246764420381,CI,1958.0,5.35,5,1,2,1,-80.5069317172263,43.4282909915833
66,150,12.7720561406224,CI,1958.0,7.75,5,1,6,1,-80.5051970951575,43.4285243812285
66,150,86.1534403098484,CI,1958.0,5.3,6,1,1,1,-80.5067408326171,43.4278759706261
66,150,7.81173153577722,CI,1958.0,7.75,0,1,6,1,-80.5051970951575,43.4285243812285
20,600,16.4383990969916,PVC,2004.0,9.35,0,3,0,0,,
20,600,24.438034825109,PVC,2004.0,9.35,9,3,0,0,,
56,300,57.9450743151229,DI,1968.0,5.7,7,1,6,1,-80.502936881436,43.4234799778811
23,450,342.727655383634,PVC,2001.0,9.35,8,1,0,0,,
59,450,841.761673660928,DI,1965.0,8.5,9,1,0,0,,
59,450,23.9902373394179,DI,1965.0,8.5,7,1,0,0,,
25,300,12.0618912160944,PVC,1999.0,9.35,7,1,4,1,-80.4526128487377,43.4378236690797
25,300,9.77986610832711,PVC,1999.0,9.35,7,1,1,1,-80.4517858010877,43.437249567964
25,300,71.9310467887184,PVC,1999.0,9.35,8,1,0,0,,
18,600,80.1624881210999,PVC,2006.0,9.35,7,0,0,0,,
18,600,284.5907509737,PVC,2006.0,9.35,8,0,0,0,,
18,300,8.0301024422402,PVC,2006.0,9.35,0,1,0,0,,
44,450,70.561717080672,DI,1980.0,8.5,7,3,0,0,,
25,600,283.371368590538,PVC,1999.0,9.35,7,3,0,0,,
50,300,0.898987173905982,DI,1974.0,8.5,0,1,0,0,,
64,150,7.62690400171599,CI,1960.0,7.75,6,1,0,0,,
64,150,21.2768463986512,CI,1960.0,7.75,6,1,0,0,,
64,150,162.256764450877,CI,1960.0,7.75,6,1,0,0,,
64,150,0.600241684925985,CI,1960.0,7.75,6,1,0,0,,
64,150,88.0166023007513,CI,1960.0,7.75,6,1,0,0,,
64,150,106.705909822931,CI,1960.0,7.75,6,1,0,0,,
19,150,13.4228496901263,PVC,2005.0,9.35,6,1,0,0,,
18,300,107.500364039833,PVC,2006.0,9.35,7,1,0,0,,
40,300,41.0890981153953,DI,1984.0,9.1,6,1,0,0,,
40,300,4.95939259371077,DI,1984.0,9.1,7,1,0,0,,
37,300,10.5073381598917,DI,1987.0,9.1,7,1,0,0,,
37,300,149.33327531648,DI,1987.0,9.1,7,1,0,0,,
37,300,8.62494711210621,DI,1987.0,9.1,7,1,0,0,,
48,300,1.40764587088531,DI,1976.0,8.5,6,1,1,1,-80.4826823665788,43.4585675608453
48,300,19.9307327842074,DI,1976.0,8.5,7,1,1,1,-80.4826823665788,43.4585675608453
48,200,18.0213271395012,DI,1976.0,8.5,7,1,1,1,-80.4826823665788,43.4585675608453
48,200,14.2827607976562,DI,1976.0,8.5,7,1,0,0,,
55,300,46.6591735625102,DI,1969.0,8.5,8,1,0,0,,
16,300,13.5799882760758,PVC,2008.0,9.35,7,1,0,0,,
50,450,24.5040615649213,DI,1974.0,8.5,8,1,0,0,,
48,300,7.45160000034786,DI,1976.0,8.5,8,1,0,0,,
31,300,12.3452925905,DI,1993.0,9.1,8,1,0,0,,
20,200,1.04468564573137,PVC,2004.0,9.35,7,1,0,0,,
16,150,11.1644726409815,PVC,2008.0,9.35,5,1,0,0,,
50,300,96.2750148389925,DI,1974.0,8.5,7,3,2,1,-80.5307715059321,43.419278738818
37,750,74.192355613394,CPP,1987.0,9.35,7,5,1,1,-80.4140484544242,43.4244885133836
37,750,50.8655898797377,CPP,1987.0,9.35,6,5,1,1,-80.4140484544242,43.4244885133836
37,750,245.470450102045,CPP,1987.0,9.35,6,5,1,1,-80.4140484544242,43.4244885133836
13,200,13.0301450391712,PVC,2011.0,9.35,6,2,0,0,,
33,600,513.799299037961,CPP,1991.0,9.35,7,1,0,0,,
33,600,157.998109598883,CPP,1991.0,9.35,0,1,0,0,,
33,600,33.5972380006678,CPP,1991.0,9.35,7,1,0,0,,
33,600,3.1220520321352,CPP,1991.0,9.35,0,1,0,0,,
44,450,140.379206924331,DI,1980.0,8.5,8,3,0,0,,
44,450,19.3262673433266,DI,1980.0,8.5,7,3,0,0,,
63,450,343.010559655136,CI,1961.0,7.75,8,1,1,1,-80.4536842508755,43.4191901335025
63,450,12.174898012622,CI,1961.0,7.75,7,1,1,1,-80.4536842508755,43.4191901335025
72,150,19.8108384405969,CI,1952.0,3.95,7,1,3,1,-80.4585686086025,43.4381192028944
72,150,12.4967563222399,CI,1952.0,7.75,6,1,11,1,-80.4607488512719,43.4388998195511
72,150,416.252144640862,CI,1952.0,4.1,6,1,11,1,-80.4607488512719,43.4388998195511
50,300,47.2098642104348,DI,1974.0,8.5,7,2,1,1,-80.443571750618,43.395006580503
50,300,142.048201389819,DI,1974.0,8.5,7,2,1,1,-80.443571750618,43.395006580503
50,300,75.4345970530245,DI,1974.0,8.5,7,2,1,1,-80.443571750618,43.395006580503
34,450,8.12652400181751,DI,1990.0,9.1,6,3,0,0,,
34,450,2.78756882043956,DI,1990.0,9.1,0,1,0,0,,
34,450,10.1614926012837,DI,1990.0,9.1,7,3,0,0,,
74,150,110.334753569146,CI,1950.0,4.5,7,1,2,1,-80.4731975794538,43.4585997486419
51,300,3.96199272963655,DI,1973.0,8.5,7,1,0,0,,
51,300,83.0966001413705,DI,1973.0,8.5,7,1,0,0,,
77,150,108.281131733688,CI,1947.0,7.75,7,1,0,0,,
52,450,133.210681330831,DI,1972.0,8.5,7,1,1,1,-80.4826579594926,43.4182273702733
58,200,16.2703442451502,DI,1966.0,8.5,6,1,4,1,-80.5155836076903,43.4305862000572
58,200,29.920693543871,DI,1966.0,8.5,7,1,0,0,,
58,200,1.8839610384232,DI,1966.0,8.5,0,1,0,0,,
43,450,137.570451092394,DI,1981.0,8.5,8,1,0,0,,
18,450,314.293639133865,PVC,2006.0,9.35,7,0,0,0,,
22,300,18.282069806344,PVC,2002.0,9.35,8,1,0,0,,
20,300,12.1173747756719,PVC,2004.0,9.35,7,1,0,0,,
95,450,11.177830077842,CI,1929.0,7.75,7,1,0,0,,
69,150,5.92236667561165,CI,1955.0,7.75,6,1,1,1,-80.4842078283784,43.464063979358
16,450,1.02683062836001,HDPE,2008.0,10.0,0,14,0,0,,
16,450,2.24623482886396,HDPE,2008.0,10.0,8,14,0,0,,
18,300,2.42617302864378,PVC,2006.0,9.35,0,1,0,0,,
18,300,2.0463265254569,PVC,2006.0,9.35,0,1,0,0,,
20,300,5.51839923235452,PVC,2004.0,9.35,7,1,0,0,,
20,300,2.45888607565006,PVC,2004.0,9.35,0,14,0,0,,
35,300,279.500625766781,DI,1989.0,9.1,9,1,0,0,,
46,300,58.6103132594911,DI,1978.0,8.5,8,1,0,0,,
54,300,1.82889142349407,DI,1970.0,8.5,8,1,0,0,,
54,300,228.719144998511,DI,1970.0,8.5,8,1,0,0,,
54,300,50.1191008799329,DI,1970.0,8.5,8,1,0,0,,
46,300,232.380776476956,DI,1978.0,7.65,8,1,1,1,-80.4390803813373,43.4723979603928
46,300,142.650010858799,DI,1978.0,8.5,8,1,1,1,-80.4390803813373,43.4723979603928
20,250,11.0010774891437,PVC,2004.0,9.35,6,2,0,0,,
20,250,66.1972385415904,PVC,2004.0,9.35,6,2,0,0,,
77,150,77.9669879157235,CI,1947.0,7.75,6,1,0,0,,
64,150,0.457356754192827,CI,1960.0,7.75,6,1,9,1,-80.4555394644935,43.4296683766189
64,150,314.602583651131,CI,1960.0,4.55,6,1,9,1,-80.4555394644935,43.4296683766189
14,250,7.76354562864586,PVC,2010.0,9.35,7,7,0,0,,
32,300,76.9534615110047,DI,1992.0,9.1,5,7,0,0,,
9,150,79.358139152144,PVC,2015.0,8.9,7,1,0,0,,
12,150,6.02092940105391,PVC,2012.0,9.35,0,1,0,0,,
12,150,80.7066599502219,PVC,2012.0,9.35,8,1,0,0,,
101,150,7.41007568695129,CI,1923.0,3.38,0,1,1,1,-80.5138584638292,43.4568092119606
62,300,104.841806846567,CI,1962.0,7.85,7,1,0,0,,
55,300,103.971493101216,DI,1969.0,6.9,6,1,0,0,,
16,300,25.8838551181183,PVC,2008.0,9.35,8,1,0,0,,
29,450,129.190572662836,PVC,1995.0,9.35,7,1,0,0,,
29,450,59.0016927797506,PVC,1995.0,9.35,0,1,0,0,,
29,450,410.593978385942,PVC,1995.0,9.35,8,1,0,0,,
29,450,34.7236967306404,PVC,1995.0,9.35,6,1,0,0,,
24,200,9.79586056611115,PVC,2000.0,9.35,6,4,0,0,,
24,200,125.018176386196,PVC,2000.0,9.35,6,4,0,0,,
59,150,98.2596760589638,AC,1965.0,8.7,5,1,0,0,,
13,450,0.997313796584057,PVC,2011.0,9.35,6,2,0,0,,
37,300,1.7930661768541,DI,1987.0,9.1,7,5,1,1,-80.4192880367943,43.4267865774632
37,300,2.16122058168093,DI,1987.0,9.1,7,5,1,1,-80.4192880367943,43.4267865774632
37,300,12.8339115246334,DI,1987.0,9.1,7,5,1,1,-80.4192880367943,43.4267865774632
69,450,116.760344982659,CI,1955.0,7.75,7,1,0,0,,
69,450,3.62649996873116,CI,1955.0,7.75,7,1,0,0,,
13,150,2.28397492494021,PVC,2011.0,9.35,6,2,0,0,,
58,150,10.0594980458276,DI,1966.0,8.5,0,1,3,1,-80.436715213319,43.4453986655384
58,150,96.2423264831543,DI,1966.0,8.5,5,1,3,1,-80.436715213319,43.4453986655384
13,300,9.79166249371379,PVC,2011.0,9.35,6,1,0,0,,
13,300,2.62898537275735,PVC,2011.0,9.35,6,1,0,0,,
28,200,6.62920274748566,DI,1996.0,9.1,6,1,0,0,,
28,200,8.86988052205692,DI,1996.0,9.1,6,1,0,0,,
12,300,7.33460479474401,PVC,2012.0,9.35,5,1,0,0,,
13,200,13.0484809023057,PVC,2011.0,9.35,5,1,0,0,,
13,300,2.13101238966792,PVC,2011.0,9.35,6,3,0,0,,
29,300,4.74903757936686,DI,1995.0,9.1,7,1,0,0,,
29,300,15.3118371376081,DI,1995.0,9.1,7,1,0,0,,
29,300,68.7747570699202,DI,1995.0,9.1,8,1,0,0,,
66,150,181.48106552527,CI,1958.0,7.75,6,1,0,0,,
59,150,12.4966357328223,DI,1965.0,8.5,6,1,1,1,-80.4533190590079,43.4612537836698
59,150,87.494992623794,DI,1965.0,8.5,6,1,1,1,-80.4533190590079,43.4612537836698
36,300,9.47898793651715,DI,1988.0,9.1,6,1,0,0,,
36,300,70.6876916623276,DI,1988.0,9.1,6,1,0,0,,
56,200,102.916546295058,DI,1968.0,8.5,7,1,0,0,,
98,150,15.0878210054005,CI,1926.0,7.75,7,1,0,0,,
23,200,4.39894838489688,PVC,2001.0,9.35,8,0,1,1,-80.5306258691107,43.4073064722364
23,200,43.7859048179744,PVC,2001.0,9.35,8,0,1,1,-80.5306258691107,43.4073064722364
21,300,103.118583007361,PVC,2003.0,9.35,8,1,0,0,,
21,300,11.547239193893,PVC,2003.0,9.35,7,1,0,0,,
63,300,33.9877780587528,CI,1961.0,7.75,7,1,0,0,,
63,300,127.846537108386,CI,1961.0,7.75,7,1,1,1,-80.4421079441422,43.4210476654873
59,450,3.46527932484176,DI,1965.0,8.5,7,1,0,0,,
59,450,299.975076116252,DI,1965.0,8.5,7,1,0,0,,
49,450,10.5176244714386,DI,1975.0,8.5,7,1,0,0,,
29,300,86.4853417949896,DI,1995.0,9.1,7,1,0,0,,
19,200,6.6659102007452,PVC,2005.0,9.35,8,1,0,0,,
51,300,11.5332463079706,DI,1973.0,8.5,7,1,0,0,,
51,300,130.058504806432,DI,1973.0,8.5,7,1,0,0,,
19,300,20.9853726759324,PVC,2005.0,9.35,0,1,1,1,-80.530433028013,43.4471389997848
66,150,7.62236894470601,CI,1958.0,7.75,6,1,2,1,-80.4494760485954,43.441094852629
66,150,13.0596687268761,CI,1958.0,7.75,6,1,2,1,-80.4494760485954,43.441094852629
66,150,281.836710479962,CI,1958.0,6.55,6,1,2,1,-80.4494760485954,43.441094852629
15,600,289.590877569371,PVC,2009.0,9.35,0,8,0,0,,
75,150,97.5303758047912,CI,1949.0,5.3,6,1,1,1,-80.4826067000131,43.4722680485337
48,150,12.2671711289742,DI,1976.0,8.5,5,1,2,1,-80.4413819535544,43.466202471982
48,150,18.6675712464007,DI,1976.0,8.5,5,1,2,1,-80.4413819535544,43.466202471982
48,150,223.178337521294,DI,1976.0,8.5,5,1,2,1,-80.4413819535544,43.466202471982
64,150,4.39695516520971,CI,1960.0,7.75,7,1,0,0,,
64,150,93.9706158271799,CI,1960.0,7.75,7,1,0,0,,
39,300,23.7227793774391,DI,1985.0,9.1,6,0,0,0,,
66,150,59.7440755690003,CI,1958.0,4.15,5,1,2,1,-80.5283846515824,43.450519783755
43,100,7.58779438758484,DI,1981.0,8.5,5,2,0,0,,
43,100,35.5063964878316,DI,1981.0,8.5,5,2,0,0,,
43,100,36.1334420302612,DI,1981.0,8.5,5,2,0,0,,
43,100,4.0909836030941,DI,1981.0,8.5,5,2,0,0,,
71,150,218.282706809236,CI,1953.0,6.9,5,1,1,1,-80.4582030264148,43.4564073675646
51,200,223.81749188392,DI,1973.0,8.1,6,3,2,1,-80.5295380766599,43.4204974427521
51,200,11.6790624908241,DI,1973.0,8.5,6,3,2,1,-80.5295380766599,43.4204974427521
59,300,235.200516245064,DI,1965.0,8.5,8,1,0,0,,
59,300,5.58975731208914,DI,1965.0,8.5,8,1,1,1,-80.4477653481766,43.4309272297993
30,450,12.9314300652644,DI,1994.0,9.1,7,0,0,0,,
30,450,169.499412460723,DI,1994.0,9.1,7,0,0,0,,
50,300,9.49372206075414,DI,1974.0,8.5,6,3,0,0,,
50,300,64.853442650319,DI,1974.0,8.5,6,3,0,0,,
52,300,92.5403290751349,DI,1972.0,8.05,7,1,0,0,,
55,300,134.81996536,DI,1969.0,8.5,7,1,1,1,-80.4878770018377,43.4567066169048
63,450,176.834623012394,CI,1961.0,7.75,7,1,1,1,-80.4296259312198,43.432680938305
46,300,347.114661717956,DI,1978.0,8.1,6,1,1,1,-80.4441998269671,43.4706166269346
65,300,0.684239021317349,CI,1959.0,7.75,0,3,0,0,,
65,300,1.490679096806,CI,1959.0,7.75,7,3,0,0,,
65,300,45.3336756425959,CI,1959.0,7.75,7,3,0,0,,
74,300,131.398316330725,CI,1950.0,5.7,7,1,1,1,-80.4685007635211,43.4435491995888
42,300,13.8717103963411,CI,1982.0,7.85,7,1,0,0,,
60,300,152.674964354423,CI,1964.0,7.85,7,1,0,0,,
50,450,85.0310547568484,DI,1974.0,8.5,7,1,0,0,,
33,300,0.217807253860607,DI,1991.0,9.1,0,1,0,0,,
33,300,3.50819136049744,DI,1991.0,9.1,0,1,0,0,,
39,100,53.6242822721694,DI,1985.0,9.1,5,1,0,0,,
39,100,4.2376458572096,DI,1985.0,9.1,5,1,0,0,,
72,150,79.7805316313948,CI,1952.0,7.75,7,1,0,0,,
19,300,22.6284303979548,PVC,2005.0,9.35,7,1,0,0,,
19,300,1.85255032864554,PVC,2005.0,9.35,7,1,0,0,,
27,300,56.0003724808164,PVC,1997.0,9.35,7,1,1,1,-80.4703939249025,43.4533207890684
27,300,12.640546222415,PVC,1997.0,9.35,6,1,1,1,-80.4703939249025,43.4533207890684
50,300,106.904863435536,DI,1974.0,8.5,7,2,1,1,-80.443571750618,43.395006580503
65,150,81.3099643295874,CI,1959.0,7.75,6,1,0,0,,
65,150,0.990395880409531,CI,1959.0,7.75,6,1,1,1,-80.5078210818357,43.4322618857906
40,300,8.67220240647907,DI,1984.0,9.1,7,1,0,0,,
40,300,19.7948958550146,DI,1984.0,9.1,7,1,0,0,,
17,150,8.72237730829928,PVC,2007.0,9.35,0,1,0,0,,
17,150,219.125511333419,PVC,2007.0,9.35,7,1,0,0,,
17,150,0.833399999886751,PVC,2007.0,9.35,0,1,0,0,,
79,300,45.9597768259866,CI,1945.0,7.75,7,1,0,0,,
22,150,173.49422906755,PVC,2002.0,9.35,5,1,0,0,,
22,150,7.88619698185064,PVC,2002.0,9.35,5,1,0,0,,
21,250,11.341249970438,PVC,2003.0,9.35,6,2,0,0,,
21,250,87.1392118399839,PVC,2003.0,9.35,6,2,0,0,,
57,150,109.482960171414,DI,1967.0,8.05,5,1,0,0,,
31,200,99.5961056415159,DI,1993.0,8.65,7,1,0,0,,
31,200,21.3834118921629,DI,1993.0,9.1,7,1,0,0,,
32,300,40.8255629283098,PVC,1992.0,9.35,7,3,0,0,,
32,300,18.9196304835972,PVC,1992.0,9.35,7,3,0,0,,
37,300,0.578395158672881,DI,1987.0,9.1,7,2,0,0,,
37,300,3.31868759614342,DI,1987.0,9.1,7,2,0,0,,
45,150,14.8547524512144,DI,1979.0,8.5,6,2,0,0,,
45,150,244.043445837368,DI,1979.0,8.5,6,2,0,0,,
45,150,171.387741492932,DI,1979.0,8.5,6,2,0,0,,
45,150,15.0565895833429,DI,1979.0,8.5,6,2,0,0,,
46,300,12.3125221789894,DI,1978.0,8.5,7,1,0,0,,
46,300,186.766513752455,DI,1978.0,8.5,6,1,0,0,,
30,150,15.1470089195552,PVC,1994.0,9.35,6,0,0,0,,
30,150,36.7832320349644,PVC,1994.0,9.35,6,0,0,0,,
50,300,71.8950889634806,DI,1974.0,8.5,7,1,0,0,,
50,300,12.1922708695611,DI,1974.0,8.5,7,1,0,0,,
14,150,7.73035517014413,PVC,2010.0,9.35,6,1,0,0,,
14,150,89.5069934252398,PVC,2010.0,5.75,6,1,0,0,,
60,150,3.04905445546421,CI,1964.0,7.85,5,1,3,1,-80.4962791321734,43.4261301130748
60,150,395.186938483484,CI,1964.0,6.6,5,1,3,1,-80.4962791321734,43.4261301130748
60,150,3.68591057135059,CI,1964.0,3.93,5,1,3,1,-80.4962791321734,43.4261301130748
66,150,12.5286890402011,CI,1958.0,7.75,5,1,3,1,-80.4962791321734,43.4261301130748
66,150,225.19909921697,CI,1958.0,4.55,5,1,5,1,-80.4974814651808,43.425290897304
66,150,0.620381493242963,CI,1958.0,7.75,5,1,3,1,-80.4962791321734,43.4261301130748
15,150,1.02206057039103,PVC,2009.0,9.35,6,3,1,1,-80.5200100967589,43.4248800110514
15,150,120.937930449324,PVC,2009.0,9.35,7,3,1,1,-80.5225329014624,43.4272265885811
15,150,3.02253000747084,PVC,2009.0,9.35,6,3,2,1,-80.522222807004,43.4273901252624
15,150,213.634595557089,PVC,2009.0,7.75,7,3,1,1,-80.5225329014624,43.4272265885811
14,300,369.515216129076,PVC,2010.0,9.35,7,0,0,0,,
10,200,0.977559865652114,PVC,2014.0,9.35,7,1,0,0,,
10,200,1.39734237454579,PVC,2014.0,9.35,0,1,0,0,,
10,200,0.339453163489244,PVC,2014.0,9.35,7,1,0,0,,
10,200,0.475644089554402,PVC,2014.0,9.35,7,1,0,0,,
18,600,5.20595795062027,PVC,2006.0,9.35,7,1,0,0,,
54,600,5.99034065463353,CPP,1970.0,9.15,7,1,2,1,-80.4740942095003,43.4340195657681
61,300,4.65177184906122,CI,1963.0,7.85,7,1,2,1,-80.4740942095003,43.4340195657681
61,300,4.13674691078256,CI,1963.0,7.85,7,1,2,1,-80.4740942095003,43.4340195657681
61,400,8.1311327258762,CI,1963.0,7.85,7,1,2,1,-80.4740942095003,43.4340195657681
61,400,3.98192066657828,CI,1963.0,7.85,7,1,2,1,-80.4740942095003,43.4340195657681
49,300,49.8285720975067,DI,1975.0,8.5,6,3,0,0,,
65,150,93.2693591500341,CI,1959.0,7.75,6,1,0,0,,
65,150,0.915235792966196,CI,1959.0,7.75,6,1,0,0,,
53,450,167.22592460788,AC,1971.0,8.7,8,1,0,0,,
53,450,3.91040658714767,AC,1971.0,8.7,7,1,0,0,,
65,300,1.21926305558728,CI,1959.0,7.75,6,1,0,0,,
65,300,85.8886286724913,CI,1959.0,7.75,7,1,0,0,,
69,300,1.82251962189127,CI,1955.0,7.75,7,1,1,1,-80.4879842806125,43.4301784876893
69,300,50.1674177305966,CI,1955.0,4.95,7,1,5,1,-80.4874873456351,43.4306763556287
69,300,43.3212574813406,CI,1955.0,7.75,7,1,5,1,-80.4874873456351,43.4306763556287
69,300,267.132385922781,CI,1955.0,5.35,7,1,5,1,-80.4874873456351,43.4306763556287
50,300,25.1692058395993,DI,1974.0,8.5,7,1,1,1,-80.4951468967102,43.4531679493483
69,300,7.42074000760306,CI,1955.0,3.83,7,1,3,1,-80.4608413007312,43.4579176180284
69,300,251.462663985531,CI,1955.0,7.35,7,1,2,1,-80.4586806034784,43.4580130731415
34,300,0.909383262876262,DI,1990.0,9.1,6,2,0,0,,
34,300,11.3334784569432,DI,1990.0,9.1,6,2,0,0,,
25,150,16.6632025922434,PVC,1999.0,9.35,7,1,0,0,,
33,300,2.45991907393247,DI,1991.0,9.1,0,5,0,0,,
33,300,2.36025971855076,DI,1991.0,9.1,7,5,0,0,,
60,150,13.0023173180591,DI,1964.0,8.5,7,1,1,1,-80.5105775051522,43.4341813563143
60,150,1.55234671716826,DI,1964.0,8.5,7,1,1,1,-80.5105775051522,43.4341813563143
37,600,60.8233756991881,CPP,1987.0,9.35,9,5,0,0,,
64,300,21.3259328400626,CI,1960.0,7.75,7,1,1,1,-80.4485061575616,43.4579698821942
64,300,1.13367854454267,CI,1960.0,7.75,7,1,0,0,,
20,300,83.6968815052018,PVC,2004.0,9.35,6,2,0,0,,
20,300,6.12223761753996,PVC,2004.0,9.35,6,2,0,0,,
29,300,19.1969159225197,PVC,1995.0,9.35,6,5,0,0,,
29,300,0.857463706823027,PVC,1995.0,9.35,0,5,0,0,,
29,300,115.362636731399,PVC,1995.0,9.35,7,5,0,0,,
29,300,196.855734773656,PVC,1995.0,9.35,7,5,0,0,,
29,300,263.557725901154,PVC,1995.0,9.35,7,5,0,0,,
38,600,17.9655432425253,DI,1986.0,9.1,7,1,0,0,,
38,600,5.21953254576177,DI,1986.0,9.1,7,1,0,0,,
14,300,9.90235099890641,PVC,2010.0,9.35,7,1,0,0,,
94,200,54.7180809694713,CI,1930.0,7.75,6,1,0,0,,
31,300,9.11960027403146,PVC,1993.0,9.1,7,1,0,0,,
31,300,77.0148582214589,PVC,1993.0,9.1,7,1,0,0,,
11,300,125.706866460157,PVC,2013.0,6.95,7,1,0,0,,
11,300,55.2244302231849,PVC,2013.0,9.35,0,1,0,0,,
11,300,2.07658463215776,PVC,2013.0,9.35,0,1,0,0,,
11,300,51.0940000654137,PVC,2013.0,9.35,7,1,0,0,,
11,300,11.1181584188964,PVC,2013.0,9.35,7,1,0,0,,
11,300,62.4845098335825,PVC,2013.0,9.35,7,1,0,0,,
11,300,10.0542891714511,PVC,2013.0,9.35,0,1,0,0,,
11,300,44.1088607225537,PVC,2013.0,9.35,7,1,0,0,,
11,300,3.01234476734277,PVC,2013.0,9.35,0,1,0,0,,
11,300,8.30484634094265,PVC,2013.0,9.35,0,1,0,0,,
11,300,1.3488698414223,PVC,2013.0,9.35,0,1,0,0,,
11,300,2.5131215100522,PVC,2013.0,9.35,0,1,0,0,,
11,300,0.802609051794576,PVC,2013.0,9.35,7,1,0,0,,
11,300,10.0307720640348,PVC,2013.0,9.35,0,1,0,0,,
11,300,1.39998911738589,PVC,2013.0,9.35,0,1,0,0,,
11,300,4.73789750960757,PVC,2013.0,9.35,0,1,0,0,,
11,300,6.67353595863294,PVC,2013.0,9.35,0,1,0,0,,
39,300,10.0054224518951,DI,1985.0,9.1,6,1,0,0,,
39,300,5.92239437837638,DI,1985.0,9.1,0,1,0,0,,
39,300,212.249865517625,DI,1985.0,9.1,6,1,0,0,,
29,150,6.08616177168547,DI,1995.0,9.1,6,1,0,0,,
29,150,163.288131579256,DI,1995.0,9.1,7,1,0,0,,
48,100,12.0383333694876,DI,1976.0,8.5,5,2,1,1,-80.443571750618,43.395006580503
48,100,1.07660004284861,DI,1976.0,8.5,6,2,1,1,-80.443571750618,43.395006580503
24,300,59.2006375131738,PVC,2000.0,9.35,7,1,1,1,-80.4660090234162,43.3985272820863
24,300,5.87846095059459,PVC,2000.0,9.35,7,1,1,1,-80.4660090234162,43.3985272820863
24,300,105.287327100456,PVC,2000.0,9.35,7,1,1,1,-80.4660090234162,43.3985272820863
24,300,89.0541628331563,PVC,2000.0,9.35,7,1,1,1,-80.4660090234162,43.3985272820863
13,150,25.0101058469892,PVC,2011.0,9.35,6,1,0,0,,
13,150,6.21427748309397,PVC,2011.0,9.35,6,1,0,0,,
13,150,6.29796214800636,PVC,2011.0,9.35,6,1,0,0,,
13,150,26.460463059782,PVC,2011.0,9.35,6,1,0,0,,
13,200,64.975896363088,PVC,2011.0,9.35,6,1,0,0,,
13,200,4.84153374956709,PVC,2011.0,9.35,6,1,0,0,,
13,200,29.843611217413,PVC,2011.0,9.35,5,1,0,0,,
13,200,5.65935869047807,PVC,2011.0,9.35,0,1,0,0,,
13,200,14.8829057646728,PVC,2011.0,9.35,0,3,0,0,,
13,200,4.17675551241459,PVC,2011.0,9.35,0,1,0,0,,
12,300,6.69395770876425,PVC,2012.0,9.35,8,1,0,0,,
12,300,79.1690108555935,PVC,2012.0,9.35,8,1,0,0,,
11,200,6.86376717758512,PVC,2013.0,9.35,5,1,0,0,,
11,200,79.2553453994897,PVC,2013.0,9.35,5,1,0,0,,
13,200,5.58881027191419,PVC,2011.0,9.35,6,1,0,0,,
13,200,91.9555246416617,PVC,2011.0,9.35,5,1,0,0,,
11,200,5.23635152018816,PVC,2013.0,9.35,5,1,0,0,,
11,200,57.2273633966363,PVC,2013.0,9.35,5,1,0,0,,
13,200,4.94805041450351,PVC,2011.0,9.35,6,3,0,0,,
13,200,5.55468496535246,PVC,2011.0,9.35,0,3,0,0,,
13,200,192.35611447645,PVC,2011.0,9.35,6,3,0,0,,
12,200,68.6922131668383,PVC,2012.0,9.35,6,3,0,0,,
12,200,5.43340574757961,PVC,2012.0,9.35,6,3,0,0,,
11,300,11.2891546974995,PVC,2013.0,9.35,6,1,0,0,,
11,300,74.2820485866593,PVC,2013.0,9.35,6,1,0,0,,
11,300,7.45591797831705,PVC,2013.0,9.35,6,1,0,0,,
11,300,7.05216202424508,PVC,2013.0,9.35,6,1,0,0,,
11,300,13.667932076536,PVC,2013.0,9.35,5,1,0,0,,
11,300,9.0130373885026,PVC,2013.0,9.35,6,3,0,0,,
11,300,65.9626418444575,PVC,2013.0,9.35,5,3,0,0,,
11,300,12.0422661409408,PVC,2013.0,9.35,5,3,0,0,,
11,150,5.25539957357757,PVC,2013.0,9.35,5,3,0,0,,
11,150,2.61802284194782,PVC,2013.0,9.35,0,3,0,0,,
11,150,70.887095435407,PVC,2013.0,9.35,5,3,0,0,,
11,200,61.747531567551,PVC,2013.0,9.35,5,3,0,0,,
11,200,9.74914536887212,PVC,2013.0,9.35,5,3,0,0,,
11,150,4.1799968011491,PVC,2013.0,9.35,0,3,0,0,,
11,150,9.5082366084907,PVC,2013.0,9.35,5,3,0,0,,
11,150,126.183190126712,PVC,2013.0,9.35,6,3,0,0,,
11,150,5.88187940872704,PVC,2013.0,9.35,6,3,0,0,,
11,150,122.929812104349,PVC,2013.0,9.35,6,3,0,0,,
11,150,5.9450885832736,PVC,2013.0,9.35,6,3,0,0,,
11,300,4.09323569004434,PVC,2013.0,9.35,6,3,0,0,,
11,300,111.206506715662,PVC,2013.0,9.35,6,3,0,0,,
11,150,5.03018516627958,PVC,2013.0,9.35,0,3,0,0,,
11,150,35.0769472940528,PVC,2013.0,9.35,5,3,0,0,,
11,150,11.9533404546118,PVC,2013.0,9.35,5,3,0,0,,
11,150,11.9641568856769,PVC,2013.0,9.35,5,3,0,0,,
11,150,93.1672857843338,PVC,2013.0,9.35,5,3,0,0,,
12,50,4.25231986838702,HDPE,2012.0,10.0,0,1,0,0,,
14,150,25.2274006673433,PVC,2010.0,9.35,7,1,0,0,,
14,150,111.905239482665,PVC,2010.0,9.35,0,1,0,0,,
14,150,192.542770456648,PVC,2010.0,9.35,6,1,0,0,,
13,150,13.1372085943924,PVC,2011.0,9.35,0,2,0,0,,
13,150,11.4351381028539,PVC,2011.0,9.35,0,2,0,0,,
13,150,105.90018958627,PVC,2011.0,9.35,6,2,0,0,,
19,200,72.9109589487267,PVC,2005.0,9.35,6,1,0,0,,
19,200,10.4348391950787,PVC,2005.0,9.35,6,1,0,0,,
19,200,11.3390792277612,PVC,2005.0,9.35,6,1,0,0,,
19,200,55.8115422480158,PVC,2005.0,9.35,6,1,0,0,,
17,150,9.16470931481749,PVC,2007.0,9.35,0,1,0,0,,
17,150,69.9653581371403,PVC,2007.0,9.35,6,1,0,0,,
17,150,70.917208416674,PVC,2007.0,9.35,6,1,0,0,,
17,150,12.1956819321117,PVC,2007.0,9.35,0,1,0,0,,
94,150,14.1868768765691,CI,1930.0,7.75,5,1,0,0,,
94,150,16.0418816865501,CI,1930.0,7.75,5,1,0,0,,
94,150,1.27381055611584,CI,1930.0,7.75,0,1,0,0,,
94,150,137.143620397124,CI,1930.0,7.75,5,1,0,0,,
56,150,131.325888027156,CI,1968.0,4.25,6,1,4,1,-80.4444525369081,43.4640952828731
56,150,13.4647188742279,CI,1968.0,7.85,6,1,0,0,,
61,150,56.1629296718183,CI,1963.0,7.85,5,3,4,1,-80.5156159621748,43.4256638904993
61,150,199.346950799947,CI,1963.0,5.45,6,3,4,1,-80.5156159621748,43.4256638904993
61,150,96.5930214345386,CI,1963.0,5.85,6,3,4,1,-80.5156159621748,43.4256638904993
61,150,12.4777218749188,CI,1963.0,7.85,5,3,4,1,-80.5156159621748,43.4256638904993
13,150,16.1389745327409,PVC,2011.0,9.35,0,1,0,0,,
13,150,113.238938719158,PVC,2011.0,9.35,7,1,0,0,,
23,300,12.2153343837836,PVC,2001.0,9.35,7,2,0,0,,
23,300,219.162532503117,PVC,2001.0,9.35,7,2,0,0,,
23,300,69.3547189580835,PVC,2001.0,9.35,7,2,0,0,,
23,300,8.50009994439974,PVC,2001.0,9.35,7,2,0,0,,
13,300,36.9602733129496,PVC,2011.0,9.35,6,2,0,0,,
13,300,11.8108105247969,PVC,2011.0,9.35,6,2,0,0,,
38,150,12.2590757419647,DI,1986.0,9.1,0,1,0,0,,
38,150,94.902349568625,DI,1986.0,9.1,5,1,0,0,,
33,600,22.6092258454062,CPP,1991.0,9.35,7,1,0,0,,
33,600,7.73397411053857,CPP,1991.0,9.35,0,1,0,0,,
33,600,186.384548097798,CPP,1991.0,9.35,7,1,0,0,,
33,600,26.4684649308913,CPP,1991.0,9.35,7,1,0,0,,
33,600,474.744167775491,CPP,1991.0,9.35,7,1,0,0,,
33,600,289.696083837221,CPP,1991.0,9.35,7,1,0,0,,
66,150,0.66314861129191,CI,1958.0,7.75,5,1,5,1,-80.4579198221934,43.4536454318789
66,150,199.43048463581,CI,1958.0,4.95,5,1,5,1,-80.4579198221934,43.4536454318789
66,150,9.98173664801259,CI,1958.0,7.75,5,1,5,1,-80.4579198221934,43.4536454318789
19,200,1.95366115048266,PVC,2005.0,9.35,7,1,0,0,,
19,200,110.411475441352,PVC,2005.0,9.35,7,1,0,0,,
19,200,65.3452972167007,PVC,2005.0,9.35,7,1,0,0,,
50,300,4.21433763157832,DI,1974.0,8.5,8,1,2,1,-80.489615968996,43.4499969504534
50,300,15.0493688669047,DI,1974.0,8.5,7,1,2,1,-80.489615968996,43.4499969504534
50,300,44.8646785135646,DI,1974.0,8.5,8,1,2,1,-80.489615968996,43.4499969504534
50,300,46.8677727470568,DI,1974.0,5.3,8,1,2,1,-80.489615968996,43.4499969504534
66,150,7.35977957674872,CI,1958.0,3.38,5,1,6,1,-80.4619846302595,43.4302965452091
66,150,271.42952612192,CI,1958.0,4.5,6,1,6,1,-80.4619846302595,43.4302965452091
66,150,13.8372987100254,CI,1958.0,7.75,5,1,6,1,-80.4619846302595,43.4302965452091
52,150,15.1033543526799,DI,1972.0,8.5,6,3,1,1,-80.5279650385104,43.4231557926447
52,150,194.351700892712,DI,1972.0,8.5,6,3,1,1,-80.5279650385104,43.4231557926447
52,150,12.4320123975959,DI,1972.0,8.5,6,3,1,1,-80.5279650385104,43.4231557926447
52,150,247.762182878824,DI,1972.0,8.1,7,3,1,1,-80.5279650385104,43.4231557926447
52,150,155.602612007243,DI,1972.0,8.5,6,3,1,1,-80.5279650385104,43.4231557926447
13,150,28.6578993872652,PVC,2011.0,9.35,0,1,0,0,,
13,150,99.3924622372934,PVC,2011.0,9.35,6,1,0,0,,
13,150,115.50428028979,PVC,2011.0,9.35,6,1,0,0,,
13,150,89.7481054701523,PVC,2011.0,9.35,6,1,0,0,,
13,200,73.9205136921582,PVC,2011.0,9.35,6,1,0,0,,
13,200,10.0442196478157,PVC,2011.0,9.35,6,1,0,0,,
13,450,130.874238887924,PVC,2011.0,9.35,6,2,0,0,,
13,450,15.3743913045347,PVC,2011.0,9.35,6,2,0,0,,
13,200,14.4428577868931,PVC,2011.0,9.35,6,2,0,0,,
13,200,10.7341012122691,PVC,2011.0,9.35,6,2,0,0,,
13,200,56.557594261699,PVC,2011.0,9.35,6,2,0,0,,
13,150,114.104323697887,PVC,2011.0,9.35,6,1,0,0,,
13,150,3.19168209250792,PVC,2011.0,9.35,0,1,0,0,,
13,150,17.241405914636,PVC,2011.0,9.35,5,2,0,0,,
13,150,12.4870030706071,PVC,2011.0,9.35,5,2,0,0,,
13,150,170.62392889922,PVC,2011.0,9.35,5,2,0,0,,
13,300,86.9177771879215,PVC,2011.0,9.35,6,2,0,0,,
13,300,15.9814124250248,PVC,2011.0,9.35,6,2,0,0,,
13,300,98.0084795179136,PVC,2011.0,9.35,6,2,0,0,,
13,300,6.90594749048433,PVC,2011.0,9.35,6,2,0,0,,
13,150,10.3229812227464,PVC,2011.0,9.35,6,2,0,0,,
13,150,14.4425220035318,PVC,2011.0,9.35,6,2,0,0,,
13,150,97.0241396421332,PVC,2011.0,9.35,6,2,0,0,,
13,150,189.599428139584,PVC,2011.0,9.35,0,2,0,0,,
18,200,1.7876090879623,PVC,2006.0,9.35,0,1,0,0,,
18,200,10.5022927391586,PVC,2006.0,9.35,5,1,0,0,,
18,200,41.8159696053569,PVC,2006.0,9.35,5,1,0,0,,
13,150,61.0799752748356,PVC,2011.0,9.35,5,2,0,0,,
13,150,14.3126634027986,PVC,2011.0,9.35,5,2,0,0,,
13,300,0.571358425663957,PVC,2011.0,9.35,7,1,0,0,,
13,300,98.7357696184665,PVC,2011.0,9.35,6,1,0,0,,
13,300,100.315872508686,PVC,2011.0,9.35,6,1,0,0,,
13,300,119.910660099566,PVC,2011.0,9.35,7,1,0,0,,
13,300,99.971320391593,PVC,2011.0,9.35,0,1,0,0,,
13,300,97.1670216150162,PVC,2011.0,9.35,6,1,0,0,,
13,300,100.449382200669,PVC,2011.0,9.35,0,1,0,0,,
13,300,101.907118381745,PVC,2011.0,9.35,7,1,0,0,,
13,300,100.907340701509,PVC,2011.0,9.35,7,1,0,0,,
13,300,34.0532477992246,PVC,2011.0,9.35,6,1,0,0,,
13,300,102.50055723984,PVC,2011.0,9.35,6,1,0,0,,
13,300,98.3651524945422,PVC,2011.0,9.35,7,1,0,0,,
54,600,287.204019822962,CPP,1970.0,9.15,7,1,0,0,,
54,600,20.9482018261018,CPP,1970.0,9.15,0,1,2,1,-80.4740942095003,43.4340195657681
54,600,282.450616087575,CPP,1970.0,9.15,7,1,0,0,,
54,600,96.8655734786769,CPP,1970.0,9.15,6,1,0,0,,
16,150,7.5114185322626,PVC,2008.0,9.35,0,1,2,1,-80.485507488938,43.4429546263989
16,150,313.943042101674,PVC,2008.0,6.95,6,1,2,1,-80.485507488938,43.4429546263989
23,150,1.21929474778451,PVC,2001.0,9.35,6,1,2,1,-80.485507488938,43.4429546263989
20,450,231.867052066737,PVC,2004.0,9.35,0,12,0,0,,
12,200,4.89847172972939,PVC,2012.0,9.35,0,2,0,0,,
12,200,210.713708322928,PVC,2012.0,9.35,0,2,0,0,,
12,200,98.3022725523501,PVC,2012.0,9.35,6,2,0,0,,
12,200,97.0362975363269,PVC,2012.0,9.35,0,2,0,0,,
12,200,100.914820101565,PVC,2012.0,9.35,0,2,0,0,,
12,200,68.921974143121,PVC,2012.0,9.35,0,2,0,0,,
12,200,7.72740713879264,PVC,2012.0,9.35,0,2,0,0,,
12,200,33.120309022766,PVC,2012.0,9.35,0,2,0,0,,
9,150,13.1738294640169,PVC,2015.0,9.35,6,1,0,0,,
9,150,177.18704788217,PVC,2015.0,9.35,5,1,0,0,,
9,150,133.475774636887,PVC,2015.0,9.35,0,1,0,0,,
11,300,11.9950932246337,PVC,2013.0,9.35,5,3,0,0,,
11,300,13.9353915950053,PVC,2013.0,9.35,5,3,0,0,,
11,300,53.8146560621458,PVC,2013.0,9.35,5,3,0,0,,
11,150,5.97220683289311,PVC,2013.0,9.35,6,3,0,0,,
11,150,47.8253649117097,PVC,2013.0,9.35,6,3,0,0,,
11,150,46.779336418325,PVC,2013.0,9.35,5,3,0,0,,
11,150,6.03180288343621,PVC,2013.0,9.35,5,3,0,0,,
11,150,93.4786037697117,PVC,2013.0,9.35,6,3,0,0,,
49,300,0.736591067870302,DI,1975.0,8.5,0,5,0,0,,
59,450,204.731918889276,DI,1965.0,8.5,8,1,0,0,,
63,200,53.6244575596543,CI,1961.0,7.75,5,1,1,1,-80.4539448519232,43.4191187324237
63,200,1.55477152637377,CI,1961.0,7.75,0,1,1,1,-80.4539448519232,43.4191187324237
63,200,24.7316966811251,CI,1961.0,3.95,7,1,1,1,-80.4539448519232,43.4191187324237
13,150,1.01187296629185,PVC,2011.0,9.35,5,1,0,0,,
13,150,92.3024193208744,PVC,2011.0,9.35,5,1,0,0,,
13,150,13.4209949234959,PVC,2011.0,9.35,5,1,0,0,,
10,300,325.936256899484,PVC,2014.0,9.35,4,2,0,0,,
10,300,7.36353447367578,PVC,2014.0,9.35,5,1,0,0,,
52,150,7.24470151126367,CI,1972.0,7.85,6,1,6,1,-80.5287396573566,43.4464107332934
52,150,132.814830932234,CI,1972.0,7.85,6,1,6,1,-80.5287396573566,43.4464107332934
52,150,7.19422398657878,CI,1972.0,7.85,6,1,6,1,-80.5287396573566,43.4464107332934
52,150,247.601705031203,CI,1972.0,4.65,6,1,6,1,-80.5287396573566,43.4464107332934
17,200,6.96047562768012,PVC,2007.0,9.35,6,0,0,0,,
17,200,95.8909165044198,PVC,2007.0,9.35,0,0,0,0,,
17,200,87.7225612085355,PVC,2007.0,9.35,6,0,0,0,,
14,300,79.1335758875997,PVC,2010.0,9.35,6,2,0,0,,
14,300,151.818793777141,PVC,2010.0,9.35,6,2,0,0,,
16,150,1.05111188831555,PVC,2008.0,9.35,6,1,0,0,,
16,150,113.695499490135,PVC,2008.0,9.35,6,1,0,0,,
16,150,132.695629279925,PVC,2008.0,6.15,6,1,0,0,,
14,200,13.0270860395952,PVC,2010.0,9.35,0,2,0,0,,
14,200,71.9117802928877,PVC,2010.0,9.35,6,2,0,0,,
14,200,6.17025353582565,PVC,2010.0,9.35,6,2,0,0,,
14,200,174.887822239876,PVC,2010.0,9.35,6,2,0,0,,
14,200,91.2300881406215,PVC,2010.0,9.35,0,2,0,0,,
14,200,17.7176111890578,PVC,2010.0,9.35,6,2,0,0,,
13,150,11.8927478219548,PVC,2011.0,9.35,6,1,0,0,,
13,150,10.5058302941903,PVC,2011.0,9.35,6,1,0,0,,
22,200,18.0692313951982,PVC,2002.0,9.35,5,1,0,0,,
22,200,19.3064306383987,PVC,2002.0,9.35,5,1,0,0,,
22,200,10.4207057025074,PVC,2002.0,9.35,5,1,0,0,,
18,200,71.5799078421563,PVC,2006.0,9.35,5,1,0,0,,
18,200,13.7005481018203,PVC,2006.0,9.35,0,1,0,0,,
39,150,15.3221751619119,DI,1985.0,9.1,0,1,0,0,,
39,150,69.2759798846444,DI,1985.0,9.1,6,1,0,0,,
39,150,6.69021047810066,DI,1985.0,9.1,6,1,0,0,,
21,300,57.1443002624198,PVC,2003.0,9.35,7,1,0,0,,
21,300,26.9832625682014,PVC,2003.0,9.35,0,1,0,0,,
14,200,5.08109056108415,PVC,2010.0,9.35,0,2,0,0,,
14,200,33.4470562951586,PVC,2010.0,9.35,5,2,0,0,,
16,300,94.0746506201776,PVC,2008.0,9.35,7,1,0,0,,
16,300,96.1070167898487,PVC,2008.0,9.35,6,1,0,0,,
16,300,93.6445813811074,PVC,2008.0,9.35,6,1,0,0,,
16,300,101.988371035723,PVC,2008.0,9.35,7,1,0,0,,
16,300,92.5058842683256,PVC,2008.0,9.35,7,1,0,0,,
16,300,3.77087587204504,PVC,2008.0,9.35,7,1,0,0,,
15,450,12.0289028991766,PVC,2009.0,9.35,0,0,1,1,-80.5306258691107,43.4073064722364
15,450,3.18266177516166,PVC,2009.0,9.35,7,0,1,1,-80.5306258691107,43.4073064722364
15,450,4.22745191992829,PVC,2009.0,9.35,0,0,1,1,-80.5306258691107,43.4073064722364
19,300,8.06284107991106,PVC,2005.0,9.35,7,3,0,0,,
19,300,36.015037220653,PVC,2005.0,9.35,0,3,0,0,,
19,300,39.3762808695169,PVC,2005.0,9.35,7,3,0,0,,
75,150,167.254249095618,CI,1949.0,6.95,6,1,6,1,-80.5051309339115,43.4357238146617
75,150,66.0475974189111,CI,1949.0,7.75,6,1,6,1,-80.5051309339115,43.4357238146617
75,150,198.209241028494,CI,1949.0,4.95,6,1,6,1,-80.5051309339115,43.4357238146617
18,150,14.742037754758,PVC,2006.0,9.35,0,1,0,0,,
18,150,115.425220427203,PVC,2006.0,9.35,5,1,0,0,,
18,150,2.35628049953694,PVC,2006.0,9.35,5,1,0,0,,
62,150,7.75255579207465,CI,1962.0,3.93,5,1,4,1,-80.4617537616621,43.4481672962605
62,150,191.362453783446,CI,1962.0,4.6,5,1,4,1,-80.4617537616621,43.4481672962605
67,200,0.93517519142452,CI,1957.0,7.75,7,1,0,0,,
67,200,1.09479717317576,CI,1957.0,7.75,0,1,6,1,-80.5051970951575,43.4285243812285
67,200,246.8397345741,CI,1957.0,4.55,7,1,6,1,-80.5051970951575,43.4285243812285
67,200,21.7267886317744,CI,1957.0,3.95,7,1,2,1,-80.5069317172263,43.4282909915833
62,150,7.51020277271959,CI,1962.0,7.85,5,1,2,1,-80.4619874637808,43.44840769867
62,150,86.8540345204861,CI,1962.0,7.85,5,1,0,0,,
19,200,57.5416058703613,PVC,2005.0,9.35,6,1,0,0,,
19,200,157.882728354826,PVC,2005.0,9.35,6,1,0,0,,
19,200,12.4591163318867,PVC,2005.0,9.35,7,1,0,0,,
19,150,11.1733098396371,PVC,2005.0,9.35,6,1,0,0,,
19,150,122.026832929188,PVC,2005.0,9.35,0,1,0,0,,
19,150,126.011077823869,PVC,2005.0,9.35,6,1,0,0,,
19,150,45.1108090383351,PVC,2005.0,9.35,6,1,0,0,,
39,300,18.7000040237233,DI,1985.0,9.1,0,1,0,0,,
39,300,179.727087012146,DI,1985.0,9.1,7,1,0,0,,
19,150,15.755711449791,PVC,2005.0,9.35,5,1,0,0,,
19,150,59.2289989284858,PVC,2005.0,9.35,5,1,0,0,,
19,200,52.7356936522013,PVC,2005.0,9.35,6,1,0,0,,
19,200,12.7015931756947,PVC,2005.0,9.35,6,1,0,0,,
63,150,158.631427841534,CI,1961.0,6.55,0,1,8,1,-80.4305036658332,43.4294472834986
63,150,187.37332946499,CI,1961.0,4.15,6,1,8,1,-80.4305036658332,43.4294472834986
63,150,2.08413755539737,CI,1961.0,7.75,6,1,1,1,-80.4328218263638,43.4299361741499
13,200,141.762528955184,PVC,2011.0,9.35,5,1,0,0,,
13,200,26.4798481572736,PVC,2011.0,9.35,0,1,0,0,,
13,200,39.0410060271682,PVC,2011.0,9.35,0,1,0,0,,
13,300,15.9169394510753,PVC,2011.0,9.35,7,1,0,0,,
13,300,141.522342655407,PVC,2011.0,9.35,7,1,0,0,,
13,300,120.199967526425,PVC,2011.0,9.35,7,1,0,0,,
13,300,1.83674805276814,PVC,2011.0,9.35,6,1,0,0,,
13,150,2.06414142897858,PVC,2011.0,9.35,8,1,0,0,,
13,150,124.111857700123,PVC,2011.0,9.35,8,1,0,0,,
13,150,9.14325960567258,PVC,2011.0,9.35,7,1,0,0,,
12,300,16.6819285005225,PVC,2012.0,9.35,8,1,0,0,,
12,300,67.1604402830435,PVC,2012.0,9.35,8,1,0,0,,
11,450,180.240046924684,PVC,2013.0,9.35,7,2,0,0,,
11,450,225.954364485818,PVC,2013.0,9.35,7,2,0,0,,
11,450,65.3271239811624,PVC,2013.0,9.35,7,2,0,0,,
11,450,79.2489685405642,PVC,2013.0,9.35,7,2,0,0,,
12,150,8.36461751908447,PVC,2012.0,9.35,0,1,0,0,,
12,150,87.2274135010741,PVC,2012.0,9.35,6,1,0,0,,
11,200,13.3992204186764,PVC,2013.0,9.35,5,1,0,0,,
11,200,43.4297964549855,PVC,2013.0,9.35,5,1,0,0,,
11,200,97.0359525870816,PVC,2013.0,9.35,5,1,0,0,,
12,300,6.33015718080507,PVC,2012.0,9.35,7,1,0,0,,
12,300,53.3229483057994,PVC,2012.0,9.35,7,1,0,0,,
12,300,63.7737468373998,PVC,2012.0,9.35,7,1,0,0,,
12,300,17.8034341235758,PVC,2012.0,9.35,7,1,0,0,,
12,300,32.9976321487038,PVC,2012.0,9.35,7,1,0,0,,
12,300,0.934683796135697,PVC,2012.0,9.35,7,1,0,0,,
12,300,2.36153959311119,PVC,2012.0,9.35,7,1,0,0,,
11,150,91.1925448555944,PVC,2013.0,9.35,5,3,0,0,,
11,150,18.8142543305293,PVC,2013.0,9.35,5,3,0,0,,
11,150,80.7181567176796,PVC,2013.0,9.35,5,3,0,0,,
11,150,45.1236188711239,PVC,2013.0,9.35,6,3,0,0,,
11,150,45.7384772668544,PVC,2013.0,9.35,6,3,0,0,,
11,150,42.6913496253096,PVC,2013.0,9.35,6,3,0,0,,
11,150,70.3830718365767,PVC,2013.0,9.35,6,3,0,0,,
11,150,6.9999629438774,PVC,2013.0,9.35,5,3,0,0,,
11,150,120.679044225564,PVC,2013.0,9.35,5,3,0,0,,
11,150,79.2688339464829,PVC,2013.0,9.35,5,3,0,0,,
11,150,8.39184151904383,PVC,2013.0,9.35,5,3,0,0,,
11,150,12.0013764138019,PVC,2013.0,9.35,5,3,0,0,,
11,150,109.907457838828,PVC,2013.0,9.35,5,3,0,0,,
11,150,118.216020678112,PVC,2013.0,9.35,5,3,0,0,,
11,150,77.1559024835823,PVC,2013.0,9.35,5,3,0,0,,
11,150,152.473703914791,PVC,2013.0,9.35,5,3,0,0,,
11,150,4.52059551847217,PVC,2013.0,9.35,5,3,0,0,,
11,300,6.97738200223463,PVC,2013.0,9.35,5,3,0,0,,
11,300,11.9999703611277,PVC,2013.0,9.35,5,3,0,0,,
11,300,128.024958782296,PVC,2013.0,9.35,6,3,0,0,,
11,150,60.0622547704228,PVC,2013.0,9.35,5,3,0,0,,
11,150,7.69218356749236,PVC,2013.0,9.35,0,3,0,0,,
19,200,12.7492872589602,PVC,2005.0,9.35,6,1,0,0,,
19,200,10.5698574941621,PVC,2005.0,9.35,6,1,0,0,,
19,200,62.560379231779,PVC,2005.0,9.35,6,1,0,0,,
11,200,12.1412475845068,PVC,2013.0,9.35,6,2,0,0,,
11,200,65.6036782968576,PVC,2013.0,9.35,6,2,0,0,,
11,200,6.25899993319121,PVC,2013.0,9.35,6,2,0,0,,
87,450,106.746784665221,CI,1937.0,7.75,0,1,0,0,,
87,450,259.33069098651,CI,1937.0,4.1,7,1,6,1,-80.4843808353865,43.4702545692515
87,450,1.33358162801691,CI,1937.0,7.75,0,1,0,0,,
64,450,7.2655469204725,CI,1960.0,7.75,0,1,0,0,,
64,450,119.123114690218,CI,1960.0,7.75,8,1,0,0,,
64,450,0.749452774174338,CI,1960.0,7.75,0,1,0,0,,
11,450,55.9185774186403,PVC,2013.0,9.35,7,2,0,0,,
11,450,446.095611516701,PVC,2013.0,9.35,7,2,0,0,,
11,450,6.15098764233052,PVC,2013.0,9.35,0,2,0,0,,
19,200,10.5188162991145,PVC,2005.0,9.35,6,0,0,0,,
19,200,121.372408595735,PVC,2005.0,9.35,6,0,0,0,,
19,200,119.398553350989,PVC,2005.0,9.35,6,0,0,0,,
19,200,3.78226952114089,PVC,2005.0,9.35,0,0,0,0,,
19,200,174.848436987035,PVC,2005.0,9.35,6,0,0,0,,
19,200,208.912934721957,PVC,2005.0,9.35,6,0,0,0,,
13,300,45.6886436720383,PVC,2011.0,9.35,6,2,0,0,,
13,300,4.95149205374934,PVC,2011.0,9.35,0,2,0,0,,
17,300,65.5628742993037,PVC,2007.0,9.35,0,1,0,0,,
18,300,94.1564210083629,PVC,2006.0,9.35,6,1,0,0,,
9,150,7.99398513813363,PVC,2015.0,9.35,0,4,0,0,,
9,150,90.0111526441943,PVC,2015.0,9.35,0,4,0,0,,
9,200,56.1301012814663,PVC,2015.0,9.35,0,4,0,0,,
9,200,7.46325745575665,PVC,2015.0,9.35,0,4,0,0,,
9,200,18.642690882999,PVC,2015.0,9.35,0,4,0,0,,
9,200,33.1652142299925,PVC,2015.0,9.35,0,4,0,0,,
9,200,31.7436672764457,PVC,2015.0,9.35,0,4,0,0,,
9,200,11.9023970431535,PVC,2015.0,9.35,0,4,0,0,,
9,200,44.9700736383655,PVC,2015.0,9.35,0,4,0,0,,
9,200,15.2135287283768,PVC,2015.0,9.35,0,4,0,0,,
9,200,84.4453527269985,PVC,2015.0,9.35,0,4,0,0,,
9,150,45.7913994427212,PVC,2015.0,9.35,0,4,0,0,,
9,150,14.3592364692251,PVC,2015.0,9.35,0,4,0,0,,
9,150,20.5250269087042,PVC,2015.0,9.35,0,4,0,0,,
9,150,1.23898023413451,PVC,2015.0,9.35,0,4,0,0,,
9,150,0.555365752920451,PVC,2015.0,9.35,0,4,0,0,,
9,200,2.70839140642842,PVC,2015.0,9.35,0,4,0,0,,
9,150,49.7768869000925,PVC,2015.0,9.35,0,4,0,0,,
9,150,2.8771240086684,PVC,2015.0,9.35,0,4,0,0,,
9,150,0.467571811917954,PVC,2015.0,9.35,0,4,0,0,,
9,150,1.92147941133276,PVC,2015.0,9.35,0,4,0,0,,
9,150,10.8601668471937,PVC,2015.0,9.35,0,4,0,0,,
9,150,69.0555772580229,PVC,2015.0,9.35,0,4,0,0,,
9,150,4.99894775089622,PVC,2015.0,9.35,0,4,0,0,,
9,150,1.20429249009294,PVC,2015.0,9.35,0,4,0,0,,
9,300,73.4832665704347,PVC,2015.0,9.35,0,1,0,0,,
34,300,48.0714391229456,DI,1990.0,9.1,0,1,1,1,-80.4968054769311,43.4557482065692
22,150,10.142743255551,PVC,2002.0,9.35,0,1,0,0,,
20,150,4.68028822187611,PVC,2004.0,9.35,6,1,0,0,,
48,300,2.4503721881187,DI,1976.0,8.5,7,1,1,1,-80.4826823665788,43.4585675608453
18,300,27.9133263448042,PVC,2006.0,9.35,0,1,0,0,,
16,150,11.783664710765,PVC,2008.0,9.35,0,1,0,0,,
27,150,1.89921173134982,PVC,1997.0,9.35,0,1,0,0,,
18,300,19.5681227397906,PVC,2006.0,9.35,0,1,0,0,,
13,300,138.172724531401,PVC,2011.0,9.35,0,1,0,0,,
13,300,23.8689343222598,PVC,2011.0,9.35,0,1,0,0,,
13,300,5.13606038806117,PVC,2011.0,9.35,0,1,0,0,,
13,300,38.2641714753894,PVC,2011.0,9.35,7,1,0,0,,
13,300,8.5331640772294,PVC,2011.0,9.35,0,1,0,0,,
13,150,88.1354022636769,PVC,2011.0,9.35,7,1,0,0,,
13,150,22.1327724650575,PVC,2011.0,9.35,0,1,0,0,,
13,300,1.20892070826097,PVC,2011.0,9.35,0,1,0,0,,
18,300,1.76031910729479,PVC,2006.0,9.35,0,1,0,0,,
9,50,11.6898275113321,PVC,2015.0,9.35,0,1,0,0,,
9,50,6.65747812446311,PVC,2015.0,9.35,0,1,0,0,,
9,50,79.8059482084401,PVC,2015.0,9.35,0,1,0,0,,
8,200,0.919282262823236,PVC,2016.0,9.85,0,0,0,0,,
8,150,3.09987975683587,PVC,2016.0,9.85,0,1,10,1,-80.5137390014518,43.425566880222
9,200,190.620083240592,PVC,2015.0,9.35,0,2,0,0,,
9,150,6.08423984531414,PVC,2015.0,9.35,0,2,0,0,,
9,150,1.50234065803148,PVC,2015.0,9.35,0,2,0,0,,
9,150,7.34598943675396,PVC,2015.0,9.35,0,2,0,0,,
10,200,25.1624859993852,PVC,2014.0,9.35,0,2,0,0,,
9,200,8.225027737982,PVC,2015.0,9.35,0,2,0,0,,
10,200,201.521701791168,PVC,2014.0,9.35,0,2,0,0,,
10,450,223.808711280878,PVC,2014.0,9.35,0,2,0,0,,
10,150,10.6053335552355,PVC,2014.0,9.35,0,2,0,0,,
10,150,140.763852438732,PVC,2014.0,9.35,0,2,0,0,,
10,150,138.795450637189,PVC,2014.0,9.35,0,2,0,0,,
10,200,78.4160791335242,PVC,2014.0,9.35,0,2,0,0,,
9,200,146.294269657533,PVC,2015.0,9.35,0,2,0,0,,
9,150,1.5024817635113,PVC,2015.0,9.35,0,2,0,0,,
9,150,4.50000418885917,PVC,2015.0,9.35,0,2,0,0,,
9,150,93.4232845838695,PVC,2015.0,9.35,0,2,0,0,,
9,150,5.97495723507228,PVC,2015.0,9.35,0,2,0,0,,
9,150,22.6333297790455,PVC,2015.0,9.35,0,2,0,0,,
9,150,100.50856275686,PVC,2015.0,9.35,0,2,0,0,,
9,150,89.379696269546,PVC,2015.0,9.35,0,2,0,0,,
9,150,135.388136963247,PVC,2015.0,9.35,0,2,0,0,,
9,150,7.06780408262776,PVC,2015.0,9.35,0,2,0,0,,
9,150,87.6389086126961,PVC,2015.0,9.35,0,2,0,0,,
9,150,119.23981516151,PVC,2015.0,9.35,0,2,0,0,,
9,150,8.40526721062523,PVC,2015.0,9.35,0,2,0,0,,
9,150,79.0079445821574,PVC,2015.0,9.35,0,2,0,0,,
10,450,269.395524178651,PVC,2014.0,9.35,0,2,0,0,,
34,900,814.786643554188,CPP,1990.0,9.35,0,1,0,0,,
2,600,173.811366330291,PVC,2022.0,8.5,0,3,0,0,,
9,300,171.612202887798,PVC,2015.0,9.35,0,3,0,0,,
9,300,5.0172544490727,PVC,2015.0,9.35,0,3,0,0,,
9,300,101.944601465253,PVC,2015.0,9.35,0,3,0,0,,
9,150,173.434933367657,PVC,2015.0,9.35,0,3,0,0,,
9,300,118.319680753799,PVC,2015.0,9.35,0,3,0,0,,
9,200,127.951522109293,PVC,2015.0,9.35,0,3,0,0,,
9,150,174.023273179805,PVC,2015.0,9.35,0,3,0,0,,
9,150,71.5210759264211,PVC,2015.0,9.35,0,3,0,0,,
9,150,73.5979648828183,PVC,2015.0,9.35,0,3,0,0,,
9,200,68.759381130349,PVC,2015.0,9.35,0,3,0,0,,
9,200,117.687765701636,PVC,2015.0,9.35,0,3,0,0,,
9,200,52.2652625482823,PVC,2015.0,9.35,0,3,0,0,,
9,300,180.756067921579,PVC,2015.0,9.35,0,3,0,0,,
9,150,6.14918799311611,PVC,2015.0,9.35,0,3,0,0,,
9,150,12.1551184163006,PVC,2015.0,9.35,0,3,0,0,,
9,150,7.21811237355995,PVC,2015.0,9.35,0,3,0,0,,
9,150,12.2264390942229,PVC,2015.0,9.35,0,3,0,0,,
9,150,6.74718587299995,PVC,2015.0,9.35,0,3,0,0,,
9,300,69.6695270353159,PVC,2015.0,9.35,0,3,0,0,,
9,300,72.8632622837597,PVC,2015.0,9.35,0,3,0,0,,
9,200,163.378791470803,PVC,2015.0,9.35,0,3,0,0,,
9,200,88.3969659007856,PVC,2015.0,9.35,0,3,0,0,,
9,300,121.718698825121,PVC,2015.0,9.35,0,3,0,0,,
9,300,13.3459056362807,PVC,2015.0,9.35,0,3,0,0,,
9,300,60.5767794728552,PVC,2015.0,9.35,0,3,0,0,,
9,300,6.63131581613489,PVC,2015.0,9.35,0,3,0,0,,
9,200,13.10012484651,PVC,2015.0,9.35,0,3,0,0,,
9,200,52.5800096076949,PVC,2015.0,9.35,0,3,0,0,,
9,200,11.8880055080709,PVC,2015.0,9.35,0,3,0,0,,
9,200,105.624869567493,PVC,2015.0,9.35,0,3,0,0,,
9,200,42.6488739175933,PVC,2015.0,9.35,0,3,0,0,,
9,200,11.3290884471926,PVC,2015.0,9.35,0,3,0,0,,
9,200,6.23254947620678,PVC,2015.0,9.35,0,3,0,0,,
9,200,41.4171437860341,PVC,2015.0,9.35,0,3,0,0,,
9,200,5.93802425756608,PVC,2015.0,9.35,0,3,0,0,,
9,300,18.0000643803242,PVC,2015.0,9.35,0,3,0,0,,
9,300,53.047880917188,PVC,2015.0,9.35,0,3,0,0,,
9,300,12.5132999750558,PVC,2015.0,9.35,0,3,0,0,,
9,300,87.646889510148,PVC,2015.0,9.35,0,3,0,0,,
9,300,86.3321957617334,PVC,2015.0,9.35,0,3,0,0,,
9,300,45.9472771495359,PVC,2015.0,9.35,0,3,0,0,,
9,150,6.82689668042068,PVC,2015.0,9.35,0,3,0,0,,
9,200,5.0786352561697,PVC,2015.0,9.35,0,3,0,0,,
9,300,208.483145651729,PVC,2015.0,9.35,0,3,0,0,,
9,300,14.9256892164166,PVC,2015.0,9.35,0,3,0,0,,
9,200,6.23257024308624,PVC,2015.0,9.35,0,3,0,0,,
9,200,4.28379196693773,PVC,2015.0,9.35,0,3,0,0,,
9,300,6.85441383443572,PVC,2015.0,9.35,0,3,0,0,,
9,150,4.67998835963872,PVC,2015.0,9.35,0,3,0,0,,
9,150,5.98906593863733,PVC,2015.0,9.35,0,3,0,0,,
9,300,81.3815181614588,PVC,2015.0,9.35,0,3,0,0,,
9,300,67.5317756148471,PVC,2015.0,9.35,0,3,0,0,,
9,300,6.00000808779803,PVC,2015.0,9.35,0,3,0,0,,
9,150,7.00013394370601,PVC,2015.0,9.35,0,3,0,0,,
9,150,78.1500152580098,PVC,2015.0,9.35,0,3,0,0,,
9,150,37.8089946499258,PVC,2015.0,9.35,0,3,0,0,,
9,150,12.985365619028,PVC,2015.0,9.35,0,3,0,0,,
9,150,159.130453954821,PVC,2015.0,9.35,0,3,0,0,,
9,150,12.0001596740507,PVC,2015.0,9.35,0,3,0,0,,
9,150,26.9999349393921,PVC,2015.0,9.35,0,3,0,0,,
9,150,59.7866368461354,PVC,2015.0,9.35,0,3,0,0,,
9,150,12.3719791911592,PVC,2015.0,9.35,0,3,0,0,,
9,150,5.99988569967893,PVC,2015.0,9.35,0,3,0,0,,
27,150,2.98388034122396,PVC,1997.0,9.35,6,1,0,0,,
9,150,148.118341113604,PVC,2015.0,8.15,0,1,0,0,,
9,150,154.510131048123,PVC,2015.0,9.35,0,1,0,0,,
9,150,70.3428493984724,PVC,2015.0,9.35,0,1,0,0,,
9,150,9.21246963263382,PVC,2015.0,9.35,0,1,0,0,,
9,150,138.474534130313,PVC,2015.0,9.35,0,1,15,1,-80.4686011801479,43.4425782837985
9,300,76.3272324092628,PVC,2015.0,9.35,0,1,0,0,,
9,150,58.3278460349948,PVC,2015.0,9.35,0,1,15,1,-80.4686011801479,43.4425782837985
8,150,12.106444421015,PVC,2016.0,9.35,0,1,15,1,-80.4686011801479,43.4425782837985
9,150,15.5360396101023,PVC,2015.0,9.35,0,1,15,1,-80.4686011801479,43.4425782837985
9,300,1.65997003427597,PVC,2015.0,9.35,0,1,0,0,,
9,300,12.2404417741097,PVC,2015.0,9.35,0,1,0,0,,
9,300,5.38276015630358,PVC,2015.0,9.35,0,1,0,0,,
103,100,2.79867998353668,CI,1921.0,7.75,5,1,0,0,,
10,150,9.06373191713712,PVC,2014.0,9.35,0,1,0,0,,
10,200,2.28355114034258,PVC,2014.0,9.35,0,1,1,1,-80.5321959757642,43.4453952266062
10,450,318.271728598491,PVC,2014.0,8.95,0,1,1,1,-80.530433028013,43.4471389997848
10,200,1.47876668329608,PVC,2014.0,9.35,0,1,0,0,,
10,300,24.1726318540703,PVC,2014.0,9.35,0,1,0,0,,
10,300,15.5863595542156,PVC,2014.0,9.35,0,1,0,0,,
10,300,10.6716117360633,PVC,2014.0,9.35,0,1,0,0,,
10,200,8.73818877317754,PVC,2014.0,9.35,0,1,0,0,,
10,150,9.06820724237106,PVC,2014.0,9.35,0,1,1,1,-80.5257797920461,43.4490384604653
10,200,7.7247592662173,PVC,2014.0,9.35,0,1,0,0,,
10,150,13.7859520612188,PVC,2014.0,9.35,0,1,1,1,-80.5257797920461,43.4490384604653
10,200,150.257088835873,PVC,2014.0,9.35,0,1,0,0,,
10,300,1.75534903908982,PVC,2014.0,9.35,0,1,0,0,,
10,200,86.2230319839056,PVC,2014.0,9.35,0,1,0,0,,
10,200,120.352199280823,PVC,2014.0,9.35,0,1,0,0,,
10,150,8.56974484266036,PVC,2014.0,9.35,0,1,4,1,-80.5276205751707,43.4495983522932
10,200,11.3152383070404,PVC,2014.0,9.35,0,1,1,1,-80.5321959757642,43.4453952266062
10,200,204.102730501909,PVC,2014.0,8.95,0,1,1,1,-80.530433028013,43.4471389997848
10,200,128.772794452796,PVC,2014.0,9.35,0,1,1,1,-80.530433028013,43.4471389997848
10,200,70.7815764012657,PVC,2014.0,9.35,0,1,1,1,-80.530433028013,43.4471389997848
10,150,17.4420087810454,PVC,2014.0,9.35,0,1,2,1,-80.5278684772415,43.4469304133345
10,200,43.8830051214259,PVC,2014.0,9.35,0,1,0,0,,
10,200,7.93914215771353,PVC,2014.0,9.35,0,1,0,0,,
10,200,11.3590953736003,PVC,2014.0,9.35,0,1,1,1,-80.530433028013,43.4471389997848
10,450,509.170890669988,PVC,2014.0,8.95,0,1,0,0,,
29,300,13.9929057480257,PVC,1995.0,9.35,0,0,0,0,,
11,150,191.74656982047,PVC,2013.0,8.55,0,1,0,0,,
11,150,4.80787230408776,PVC,2013.0,9.35,0,1,0,0,,
11,300,36.8200146252083,PVC,2013.0,9.35,0,1,2,1,-80.4688989145601,43.446852806817
11,150,9.41080598440536,PVC,2013.0,9.35,0,1,0,0,,
11,150,119.442712709874,PVC,2013.0,7.75,0,1,0,0,,
11,150,7.9551637846399,PVC,2013.0,9.35,0,1,0,0,,
11,300,12.1356598998295,PVC,2013.0,9.35,0,1,0,0,,
11,150,91.1448065714112,PVC,2013.0,6.15,0,1,0,0,,
11,150,11.3056099927542,PVC,2013.0,9.35,0,1,0,0,,
11,150,53.5710489061255,PVC,2013.0,9.35,0,1,0,0,,
11,150,9.06235134622152,PVC,2013.0,9.35,0,1,0,0,,
11,150,10.4385233384021,PVC,2013.0,9.35,0,1,0,0,,
9,300,30.6277336272539,PVC,2015.0,9.35,0,1,0,0,,
9,300,114.35415179871,PVC,2015.0,6.15,0,1,1,1,-80.5047476397961,43.4406885332929
9,300,13.1060132893665,PVC,2015.0,9.35,0,1,0,0,,
9,300,42.7655112477965,PVC,2015.0,9.35,0,1,0,0,,
9,300,29.9351465831472,PVC,2015.0,9.35,0,1,0,0,,
9,450,41.5640345412361,PVC,2015.0,9.35,0,1,0,0,,
9,300,33.6972938159476,PVC,2015.0,5.75,0,1,0,0,,
9,300,164.562239819832,PVC,2015.0,6.95,0,1,0,0,,
9,300,9.40600631828344,PVC,2015.0,9.35,0,1,1,1,-80.5117572611759,43.4396854835542
9,300,7.19410429868143,PVC,2015.0,9.35,0,1,0,0,,
9,300,66.914180802884,PVC,2015.0,6.95,0,1,1,1,-80.5047476397961,43.4406885332929
9,300,89.5315779345608,PVC,2015.0,9.35,0,1,0,0,,
9,300,8.75368309602095,PVC,2015.0,9.35,0,1,0,0,,
9,300,5.91008249754824,PVC,2015.0,9.35,0,1,0,0,,
9,300,108.415578058327,PVC,2015.0,9.35,0,1,0,0,,
9,300,13.5604970120176,PVC,2015.0,9.35,0,1,0,0,,
9,300,46.2374066399478,PVC,2015.0,9.35,0,1,0,0,,
9,300,82.6086568250623,PVC,2015.0,9.35,0,1,0,0,,
9,300,10.8966671439277,PVC,2015.0,9.35,0,1,0,0,,
9,300,5.19133091736298,PVC,2015.0,9.35,0,1,1,1,-80.5117572611759,43.4396854835542
76,150,7.76029131283369,CI,1948.0,3.83,6,1,0,0,,
9,300,324.867801524949,PVC,2015.0,8.95,0,1,1,1,-80.4772154792928,43.4704893907417
9,300,2.70398584451502,PVC,2015.0,9.35,0,1,0,0,,
9,300,99.657694091384,PVC,2015.0,9.35,0,1,0,0,,
8,300,15.7946668015475,PVC,2016.0,9.85,0,1,0,0,,
9,300,5.66317042834381,PVC,2015.0,9.35,0,1,0,0,,
9,150,13.5019781942409,PVC,2015.0,5.43,0,1,0,0,,
9,300,5.9849044939428,PVC,2015.0,9.35,0,1,0,0,,
9,300,2.93720586921107,PVC,2015.0,9.35,0,1,0,0,,
9,300,298.375980647105,PVC,2015.0,8.95,0,1,0,0,,
9,300,172.25344609293,PVC,2015.0,7.35,0,1,1,1,-80.4811277139651,43.4722314750014
8,150,1.93460625347625,PVC,2016.0,9.85,0,1,1,1,-80.4826067000131,43.4722680485337
8,300,3.89736727111852,PVC,2016.0,9.85,0,1,0,0,,
9,300,54.3597340294121,PVC,2015.0,5.75,0,1,0,0,,
8,300,7.09289736552464,PVC,2016.0,9.85,0,1,1,1,-80.4772154792928,43.4704893907417
9,300,3.65151782307777,PVC,2015.0,9.35,0,1,0,0,,
9,300,6.6429219269639,PVC,2015.0,9.35,0,1,0,0,,
9,300,13.7309976750983,PVC,2015.0,9.35,0,1,1,1,-80.4811277139651,43.4722314750014
15,150,5.31988837436531,PVC,2009.0,5.43,7,7,1,1,-80.4785313541062,43.4806419517673
9,150,19.1984140726929,PVC,2015.0,9.35,-1,7,0,0,,
9,150,78.1215388957371,PVC,2015.0,6.15,-1,7,0,0,,
10,150,137.114753442962,PVC,2014.0,6.95,-1,7,0,0,,
9,150,1.80358267000256,PVC,2015.0,9.35,-1,7,0,0,,
9,200,13.6377911237092,PVC,2015.0,9.35,-1,7,0,0,,
9,150,36.9415964685724,PVC,2015.0,9.35,-1,7,0,0,,
9,150,66.5191045322529,PVC,2015.0,9.35,-1,7,0,0,,
9,150,9.1949945001928,PVC,2015.0,9.35,-1,7,0,0,,
9,150,12.2630942510503,PVC,2015.0,9.35,-1,7,0,0,,
9,150,114.632036148816,PVC,2015.0,9.35,-1,7,0,0,,
9,150,120.325264364004,PVC,2015.0,7.75,-1,7,0,0,,
9,150,10.2790684834923,PVC,2015.0,9.35,-1,7,0,0,,
9,150,12.4492273308769,PVC,2015.0,9.35,-1,7,0,0,,
9,150,2.60587578053126,PVC,2015.0,9.35,-1,7,0,0,,
9,150,81.8165818370117,PVC,2015.0,9.35,-1,7,0,0,,
9,150,88.2853479367248,PVC,2015.0,9.35,-1,7,0,0,,
47,600,62.5188454748943,DI,1977.0,8.5,8,1,0,0,,
47,600,14.5237113280672,DI,1977.0,8.5,8,1,0,0,,
47,600,3.9240275546561,DI,1977.0,8.5,8,1,0,0,,
11,600,13.9746772506124,DI,2013.0,9.1,-1,1,0,0,,
11,600,11.5618887801231,DI,2013.0,9.1,-1,1,0,0,,
9,150,93.5480981662115,PVC,2015.0,9.35,-1,7,0,0,,
9,150,79.5440758409493,PVC,2015.0,9.35,-1,7,0,0,,
9,150,4.90173011901,PVC,2015.0,9.35,-1,7,0,0,,
9,150,56.663289325737,PVC,2015.0,6.55,-1,7,0,0,,
9,150,11.9482277900864,PVC,2015.0,9.35,-1,7,0,0,,
61,150,31.7643058163596,CI,1963.0,7.85,6,1,4,1,-80.4906316876566,43.4318729251734
8,150,2.48784451968952,PVC,2016.0,9.85,5,1,1,1,-80.4519469931101,43.4431481260308
16,300,5.5763137030309,PVC,2008.0,9.35,7,1,0,0,,
10,300,1.85978532333072,PVC,2014.0,9.35,-1,1,0,0,,
10,300,10.590417965418,PVC,2014.0,9.35,-1,1,2,1,-80.5004061635791,43.4627065384383
10,300,20.5571030461091,PVC,2014.0,9.35,-1,1,0,0,,
10,300,19.3917703394784,PVC,2014.0,9.35,-1,1,0,0,,
10,300,2.12692383733144,PVC,2014.0,9.35,-1,1,0,0,,
10,300,0.678224749384762,PVC,2014.0,9.35,-1,1,0,0,,
10,300,3.43867201410645,PVC,2014.0,9.35,-1,1,0,0,,
10,300,7.56031307136119,PVC,2014.0,9.35,-1,1,0,0,,
10,300,11.1392933347763,PVC,2014.0,9.35,-1,1,0,0,,
10,300,0.399939621061376,PVC,2014.0,9.35,-1,1,0,0,,
10,300,3.23114887366873,PVC,2014.0,9.35,-1,1,0,0,,
10,300,11.3111923060315,PVC,2014.0,9.35,-1,1,0,0,,
10,300,3.8653517855731,PVC,2014.0,9.35,-1,1,1,1,-80.4996991352909,43.4602633204099
10,300,0.333253656545635,PVC,2014.0,9.35,-1,1,1,1,-80.4996991352909,43.4602633204099
10,300,0.646001115122451,PVC,2014.0,9.35,-1,1,1,1,-80.4996991352909,43.4602633204099
10,300,12.4169365074123,PVC,2014.0,9.35,-1,1,0,0,,
10,300,0.818159154006925,PVC,2014.0,9.35,-1,1,0,0,,
10,300,12.2400681342342,PVC,2014.0,9.35,-1,1,0,0,,
10,150,0.833205868796855,PVC,2014.0,9.35,-1,1,0,0,,
10,150,0.789960030832626,PVC,2014.0,9.35,-1,13,0,0,,
10,300,95.3905480406902,PVC,2014.0,9.35,-1,1,0,0,,
10,300,11.8240307532656,PVC,2014.0,9.35,-1,1,0,0,,
10,300,7.09268766124783,PVC,2014.0,9.35,-1,1,0,0,,
10,600,1.25114017223681,PVC,2014.0,9.35,-1,1,0,0,,
10,300,10.1904736658626,PVC,2014.0,9.35,-1,1,0,0,,
10,100,3.69716591543012,PVC,2014.0,9.35,-1,1,1,1,-80.4996991352909,43.4602633204099
10,300,29.2443687136287,PVC,2014.0,9.35,-1,1,0,0,,
10,300,36.4930385872551,PVC,2014.0,9.35,-1,1,0,0,,
10,300,3.33878120607153,PVC,2014.0,9.35,-1,1,2,1,-80.5004061635791,43.4627065384383
10,300,5.13653280383741,PVC,2014.0,9.35,-1,1,0,0,,
10,300,27.6276610827617,PVC,2014.0,9.35,-1,1,0,0,,
10,300,7.50100996634972,PVC,2014.0,9.35,-1,1,0,0,,
10,300,0.859493320557855,PVC,2014.0,9.35,-1,1,0,0,,
10,300,76.1681088648417,PVC,2014.0,9.35,-1,1,0,0,,
10,300,10.0992939718409,PVC,2014.0,9.35,-1,1,0,0,,
10,300,10.8965161500005,PVC,2014.0,9.35,-1,1,0,0,,
10,300,85.7992749460472,PVC,2014.0,7.35,-1,1,0,0,,
10,300,0.826779202755171,PVC,2014.0,9.35,-1,1,1,1,-80.4996991352909,43.4602633204099
10,300,7.65121326324703,PVC,2014.0,9.35,-1,1,0,0,,
10,300,3.20518102609679,PVC,2014.0,9.35,-1,1,0,0,,
10,300,9.41693473343685,PVC,2014.0,9.35,-1,1,0,0,,
10,300,39.3695085655146,PVC,2014.0,9.35,-1,1,0,0,,
10,300,28.388024029839,PVC,2014.0,9.35,-1,1,0,0,,
10,300,9.70789599095075,PVC,2014.0,9.35,-1,1,0,0,,
10,300,26.9040795027801,PVC,2014.0,9.35,-1,1,0,0,,
10,300,27.9987495006721,PVC,2014.0,9.35,-1,1,0,0,,
10,300,14.0012568303127,PVC,2014.0,9.35,-1,1,0,0,,
10,300,64.350765809725,PVC,2014.0,9.35,-1,1,0,0,,
10,300,3.99699685907514,PVC,2014.0,9.35,-1,1,0,0,,
10,300,16.6190513013501,PVC,2014.0,9.35,-1,1,0,0,,
10,300,14.1251699806149,PVC,2014.0,9.35,-1,1,0,0,,
10,300,54.4750799283895,PVC,2014.0,9.35,-1,1,0,0,,
10,300,0.966431502197485,PVC,2014.0,9.35,-1,1,0,0,,
10,300,94.3152714571556,PVC,2014.0,9.35,-1,1,0,0,,
10,300,7.89424237154737,PVC,2014.0,9.35,-1,1,0,0,,
10,300,4.05397060351664,PVC,2014.0,9.35,-1,1,0,0,,
10,300,7.13787429423906,PVC,2014.0,9.35,-1,1,0,0,,
10,300,12.8060994157512,PVC,2014.0,9.35,-1,1,0,0,,
10,300,3.16843873606166,PVC,2014.0,9.35,-1,1,0,0,,
10,300,16.2094725659027,PVC,2014.0,9.35,-1,1,0,0,,
10,300,14.0521015492689,PVC,2014.0,9.35,-1,1,0,0,,
10,300,3.09486762620198,PVC,2014.0,9.35,-1,1,0,0,,
10,300,108.476076829253,PVC,2014.0,9.35,-1,1,0,0,,
10,300,3.93208905101788,PVC,2014.0,9.35,-1,1,0,0,,
10,300,14.9352778322357,PVC,2014.0,9.35,-1,1,0,0,,
10,300,6.36228195346754,PVC,2014.0,9.35,-1,1,0,0,,
10,300,16.6915188518297,PVC,2014.0,9.35,-1,1,0,0,,
10,300,0.708347069533621,PVC,2014.0,9.35,-1,1,0,0,,
10,300,0.895833131180977,PVC,2014.0,9.35,-1,1,1,1,-80.4996991352909,43.4602633204099
10,600,358.753301094032,PVC,2014.0,9.35,-1,13,0,0,,
10,400,0.600022083294601,PVC,2014.0,9.35,-1,1,0,0,,
10,600,75.6430926890757,PVC,2014.0,9.35,-1,13,0,0,,
10,600,108.026914656477,PVC,2014.0,9.35,-1,13,0,0,,
10,600,112.054403070583,PVC,2014.0,9.35,-1,13,0,0,,
10,300,10.0009418481806,PVC,2014.0,9.35,-1,13,0,0,,
8,400,3.62666130279392,PVC,2016.0,9.85,-1,13,0,0,,
8,400,1.40383959927974,PVC,2016.0,9.85,-1,13,0,0,,
10,300,42.0406991857273,PVC,2014.0,9.35,-1,1,0,0,,
10,600,391.10156015414,PVC,2014.0,9.35,-1,1,0,0,,
10,300,85.806426650234,PVC,2014.0,9.35,-1,1,0,0,,
10,300,0.811153037280358,PVC,2014.0,9.35,-1,1,0,0,,
10,300,11.6963843958314,PVC,2014.0,9.35,-1,1,0,0,,
10,300,1.79164128517878,PVC,2014.0,9.35,-1,1,0,0,,
10,300,0.56080257705032,PVC,2014.0,9.35,-1,1,0,0,,
10,150,0.552220870552876,PVC,2014.0,9.35,-1,1,0,0,,
10,150,5.18872076791938,PVC,2014.0,9.35,-1,1,0,0,,
10,300,3.6496169672377,PVC,2014.0,9.35,-1,13,0,0,,
10,150,0.491618887182118,PVC,2014.0,9.35,-1,13,0,0,,
10,300,0.801894319816978,PVC,2014.0,9.35,-1,1,0,0,,
21,150,125.058821155166,PVC,2003.0,9.35,6,1,0,0,,
28,300,22.4300169441051,PVC,1996.0,9.35,6,1,1,1,-80.4341307373088,43.4653419047366
20,450,195.083627088267,PVC,2004.0,9.35,7,3,0,0,,
8,200,1.44099197077114,PVC,2016.0,9.85,-1,3,0,0,,
8,200,41.4928684986348,PVC,2016.0,9.85,-1,3,0,0,,
8,200,3.74261466956398,PVC,2016.0,9.85,-1,3,0,0,,
8,200,1.8998571786129,PVC,2016.0,9.85,-1,3,0,0,,
8,200,3.96719888212834,PVC,2016.0,9.85,-1,3,0,0,,
8,200,19.5101981902516,PVC,2016.0,9.85,-1,3,0,0,,
8,200,60.5864533778289,PVC,2016.0,9.85,-1,3,0,0,,
8,200,13.5785327351024,PVC,2016.0,9.85,-1,3,0,0,,
8,200,30.3272851468224,PVC,2016.0,9.85,-1,3,0,0,,
8,200,3.9785993339199,PVC,2016.0,9.85,-1,3,0,0,,
8,200,6.34828953633389,PVC,2016.0,9.85,-1,3,0,0,,
14,200,2.17922552534723,PVC,2010.0,9.35,-1,1,0,0,,
14,200,47.244312992627,PVC,2010.0,9.35,-1,1,0,0,,
14,200,3.91780099744262,PVC,2010.0,9.35,-1,1,0,0,,
33,300,3.21378062318032,DI,1991.0,9.1,6,1,0,0,,
54,600,8.17222441416356,CPP,1970.0,9.15,7,1,0,0,,
18,250,0.435338868298432,PVC,2006.0,9.35,8,1,0,0,,
10,200,63.5696064424927,PVC,2014.0,9.35,-1,1,0,0,,
10,200,5.14303385598992,PVC,2014.0,9.35,-1,1,0,0,,
9,300,0.982002673134215,PVC,2015.0,9.35,-1,1,0,0,,
9,300,11.7857625028532,PVC,2015.0,9.35,-1,1,0,0,,
9,300,101.252664981446,PVC,2015.0,9.35,-1,1,0,0,,
10,300,17.4400172769852,PVC,2014.0,9.35,-1,1,0,0,,
10,300,111.345313125423,PVC,2014.0,9.35,-1,1,0,0,,
10,300,4.44628321322178,PVC,2014.0,9.35,-1,1,0,0,,
9,300,128.450577339876,PVC,2015.0,9.35,-1,1,0,0,,
9,300,0.716549970395867,PVC,2015.0,9.35,-1,1,0,0,,
10,150,7.79367208155843,PVC,2014.0,9.35,-1,1,0,0,,
10,200,317.24133796403,PVC,2014.0,8.95,-1,1,0,0,,
9,200,7.38654544745625,PVC,2015.0,9.35,-1,1,0,0,,
10,300,140.606917897606,PVC,2014.0,9.35,-1,1,0,0,,
10,150,336.669079972218,PVC,2014.0,9.35,-1,1,0,0,,
10,150,8.8407272459184,PVC,2014.0,9.35,-1,1,0,0,,
9,300,161.344396759245,PVC,2015.0,9.35,-1,1,0,0,,
10,200,1.00001497997772,PVC,2014.0,9.35,-1,1,0,0,,
10,150,20.0208941622549,PVC,2014.0,9.35,-1,1,0,0,,
10,150,11.5821790076487,PVC,2014.0,9.35,-1,1,0,0,,
9,200,7.41341514946775,PVC,2015.0,9.35,-1,1,0,0,,
10,200,11.6909675714759,PVC,2014.0,9.35,-1,1,0,0,,
10,200,6.30558043654283,PVC,2014.0,9.35,-1,1,0,0,,
10,200,3.39035193611594,PVC,2014.0,9.35,-1,1,0,0,,
10,200,0.924005541251948,PVC,2014.0,9.35,-1,1,0,0,,
10,200,11.6980882039547,PVC,2014.0,9.35,-1,1,0,0,,
10,200,33.5806410137107,PVC,2014.0,9.35,-1,1,0,0,,
10,200,3.00006397598108,PVC,2014.0,9.35,-1,1,0,0,,
10,150,11.6945452528779,PVC,2014.0,9.35,-1,1,0,0,,
10,200,20.0182137799329,PVC,2014.0,9.35,-1,1,0,0,,
10,150,10.2780017917566,PVC,2014.0,9.35,-1,1,0,0,,
10,150,96.21727261305,PVC,2014.0,9.35,-1,1,0,0,,
10,150,15.3514939721855,PVC,2014.0,9.35,-1,1,0,0,,
10,150,13.76065104393,PVC,2014.0,9.35,-1,1,0,0,,
10,200,7.28118430034937,PVC,2014.0,9.35,-1,1,0,0,,
10,150,20.221988691127,PVC,2014.0,9.35,-1,1,0,0,,
10,200,7.37363654773371,PVC,2014.0,9.35,-1,1,0,0,,
10,150,45.5359902705814,PVC,2014.0,9.35,-1,1,0,0,,
10,150,1.07379786377657,PVC,2014.0,9.35,-1,1,0,0,,
10,200,125.590628938087,PVC,2014.0,9.35,-1,1,0,0,,
9,200,3.84511148309469,PVC,2015.0,9.35,-1,1,0,0,,
10,150,12.5073784226829,PVC,2014.0,9.35,-1,1,0,0,,
10,150,4.49998661465355,PVC,2014.0,9.35,-1,1,0,0,,
10,150,90.5051337689954,PVC,2014.0,9.35,-1,1,0,0,,
10,150,65.5095670557714,PVC,2014.0,9.35,-1,1,0,0,,
10,200,76.324762088235,PVC,2014.0,9.35,-1,1,0,0,,
10,150,4.50007623054221,PVC,2014.0,9.35,-1,1,0,0,,
10,150,15.7706148704546,PVC,2014.0,9.35,-1,1,0,0,,
10,200,71.6944717652668,PVC,2014.0,9.35,-1,1,0,0,,
9,200,7.19280582931622,PVC,2015.0,9.35,-1,1,0,0,,
10,200,40.3524388898554,PVC,2014.0,9.35,-1,1,0,0,,
10,150,54.8820324580107,PVC,2014.0,9.35,-1,1,0,0,,
10,200,17.1511817970425,PVC,2014.0,9.35,-1,1,0,0,,
10,200,6.30838511242495,PVC,2014.0,9.35,-1,1,0,0,,
10,200,30.3391004855035,PVC,2014.0,9.35,-1,1,0,0,,
10,200,2.50005648841373,PVC,2014.0,9.35,-1,1,0,0,,
10,200,6.50566907345951,PVC,2014.0,9.35,-1,1,0,0,,
10,200,54.574850217095,PVC,2014.0,9.35,-1,1,0,0,,
10,200,53.4764363741875,PVC,2014.0,9.35,-1,1,0,0,,
10,200,0.501598455026015,PVC,2014.0,9.35,-1,1,0,0,,
10,200,1.93269287840403,PVC,2014.0,9.35,-1,1,0,0,,
10,150,18.8875549833362,PVC,2014.0,9.35,-1,1,0,0,,
10,150,14.9401554290983,PVC,2014.0,9.35,-1,1,0,0,,
10,200,3.95677863061291,PVC,2014.0,9.35,-1,1,0,0,,
10,200,41.4650971420581,PVC,2014.0,9.35,-1,1,0,0,,
10,200,6.29628149708465,PVC,2014.0,9.35,-1,1,0,0,,
10,200,29.6589788505824,PVC,2014.0,9.35,-1,1,0,0,,
10,200,2.17721203547694,PVC,2014.0,9.35,-1,1,0,0,,
10,200,5.63374576014824,PVC,2014.0,9.35,-1,1,0,0,,
10,200,5.63741446109062,PVC,2014.0,9.35,-1,1,0,0,,
10,150,15.7220163859126,PVC,2014.0,9.35,-1,1,0,0,,
10,200,6.0090238191477,PVC,2014.0,9.35,-1,1,0,0,,
10,150,12.6709539217783,PVC,2014.0,9.35,-1,1,0,0,,
10,150,4.21227905196437,PVC,2014.0,9.35,-1,1,0,0,,
10,200,72.3025976053622,PVC,2014.0,9.35,-1,1,0,0,,
8,150,92.4226576164199,PVC,2016.0,9.85,-1,1,0,0,,
8,150,32.4076408562896,PVC,2016.0,9.85,-1,1,0,0,,
8,150,74.5675496667804,PVC,2016.0,9.85,-1,1,0,0,,
8,150,73.6430901542217,PVC,2016.0,9.85,-1,1,0,0,,
8,150,33.6150911139402,PVC,2016.0,9.85,-1,1,0,0,,
8,150,152.410875678392,PVC,2016.0,9.85,-1,1,0,0,,
8,150,38.4461258040485,PVC,2016.0,9.85,-1,1,0,0,,
8,150,101.408487702798,PVC,2016.0,9.85,-1,1,0,0,,
8,150,62.3235556581589,PVC,2016.0,9.85,-1,1,0,0,,
8,150,62.4320638758073,PVC,2016.0,9.85,-1,1,0,0,,
8,200,223.775451494696,PVC,2016.0,9.85,-1,1,0,0,,
8,150,5.57058033752018,PVC,2016.0,9.85,-1,1,0,0,,
8,150,68.0980094889172,PVC,2016.0,9.85,-1,1,0,0,,
8,150,151.564852910188,PVC,2016.0,9.85,-1,1,0,0,,
8,150,118.502947055999,PVC,2016.0,9.85,-1,1,0,0,,
8,150,3.30547386198913,PVC,2016.0,9.85,-1,1,0,0,,
8,150,55.4224605593135,PVC,2016.0,9.85,-1,1,0,0,,
8,150,15.409785973704,PVC,2016.0,9.85,-1,1,0,0,,
8,150,11.8295741836127,PVC,2016.0,9.85,-1,1,0,0,,
8,150,85.1938448486435,PVC,2016.0,9.85,-1,1,0,0,,
8,150,5.70122541552723,PVC,2016.0,9.85,-1,1,0,0,,
8,150,5.82852573521647,PVC,2016.0,9.85,-1,1,0,0,,
8,150,11.8001309027079,PVC,2016.0,9.85,-1,1,0,0,,
8,150,11.7807777690655,PVC,2016.0,9.85,-1,1,0,0,,
8,150,4.66521073771512,PVC,2016.0,9.85,-1,1,0,0,,
8,150,99.9605473109433,PVC,2016.0,9.85,-1,1,0,0,,
8,150,17.1678483820304,PVC,2016.0,9.85,-1,1,0,0,,
8,150,7.77373421010025,PVC,2016.0,9.85,-1,1,0,0,,
8,150,9.5567112529687,PVC,2016.0,9.85,-1,1,0,0,,
8,150,10.2495345190613,PVC,2016.0,9.85,-1,1,0,0,,
8,150,4.39995235049063,PVC,2016.0,9.85,-1,1,0,0,,
8,150,15.7339940071837,PVC,2016.0,9.85,-1,1,0,0,,
8,150,12.0297789364517,PVC,2016.0,9.85,-1,1,0,0,,
8,150,11.844703252767,PVC,2016.0,9.85,-1,1,0,0,,
12,300,16.0060674298085,PVC,2012.0,9.35,-1,1,0,0,,
12,300,16.1495071819475,PVC,2012.0,9.35,-1,1,0,0,,
12,300,27.8887607947299,PVC,2012.0,5.75,-1,1,0,0,,
12,300,17.6410983430494,PVC,2012.0,9.35,-1,1,0,0,,
12,300,6.45313675435387,PVC,2012.0,9.35,-1,1,0,0,,
12,300,38.5942720114858,PVC,2012.0,6.15,-1,1,0,0,,
12,300,66.5613159929782,PVC,2012.0,9.35,-1,1,0,0,,
12,300,8.8126424164631,PVC,2012.0,9.35,-1,1,0,0,,
12,150,8.93404099694972,PVC,2012.0,9.35,-1,1,0,0,,
12,300,55.9446062588146,PVC,2012.0,9.35,-1,1,0,0,,
12,300,17.8653630678904,PVC,2012.0,9.35,-1,1,0,0,,
12,200,7.44873828765028,PVC,2012.0,9.35,-1,1,0,0,,
12,300,42.0638863989032,PVC,2012.0,9.35,-1,1,0,0,,
12,150,14.3528108044971,PVC,2012.0,9.35,-1,1,0,0,,
12,300,1.80138885263271,PVC,2012.0,9.35,-1,1,0,0,,
12,300,13.4941965322523,PVC,2012.0,9.35,-1,1,0,0,,
12,300,108.948488005973,PVC,2012.0,7.75,-1,1,0,0,,
12,150,5.99626097506418,PVC,2012.0,9.35,-1,1,0,0,,
8,150,22.5813173703455,PVC,2016.0,6.05,-1,1,0,0,,
12,300,5.12547421844416,PVC,2012.0,9.35,-1,1,0,0,,
12,300,52.9311892546968,PVC,2012.0,9.35,-1,1,0,0,,
12,300,121.325024556039,PVC,2012.0,9.35,-1,1,0,0,,
12,300,27.5143164971172,PVC,2012.0,9.35,-1,1,0,0,,
12,300,1.49010808007104,PVC,2012.0,9.35,-1,1,0,0,,
12,300,1.18205594164829,PVC,2012.0,9.35,-1,1,0,0,,
12,300,5.0906057446143,PVC,2012.0,9.35,-1,1,0,0,,
12,300,110.340064638937,PVC,2012.0,9.35,-1,1,0,0,,
12,300,136.065596741417,PVC,2012.0,8.15,-1,1,0,0,,
12,300,12.6929645109539,PVC,2012.0,9.35,-1,1,0,0,,
12,300,88.24414989337,PVC,2012.0,9.35,-1,1,0,0,,
8,300,30.5173501349488,PVC,2016.0,9.85,-1,1,0,0,,
8,300,0.681905345164294,PVC,2016.0,9.85,-1,1,0,0,,
8,300,97.8166493975909,PVC,2016.0,9.85,-1,1,0,0,,
8,150,12.9106961261037,PVC,2016.0,9.85,-1,1,0,0,,
8,150,12.4141947015374,PVC,2016.0,9.85,-1,1,0,0,,
8,150,12.8529345390169,PVC,2016.0,9.85,-1,1,0,0,,
8,150,14.3169842107915,PVC,2016.0,9.85,-1,1,0,0,,
8,300,21.6627905595406,PVC,2016.0,9.85,-1,1,0,0,,
8,300,18.95341694666,PVC,2016.0,9.85,-1,1,0,0,,
8,300,74.6749434805492,PVC,2016.0,9.85,-1,1,0,0,,
8,300,0.956765577714362,PVC,2016.0,9.85,-1,1,0,0,,
8,300,7.6302160179967,PVC,2016.0,9.85,-1,1,0,0,,
8,150,10.2194176451278,PVC,2016.0,9.85,-1,1,0,0,,
8,150,9.1997675047712,PVC,2016.0,9.85,-1,1,0,0,,
8,300,55.4535393791083,PVC,2016.0,9.85,-1,1,0,0,,
8,300,10.4560586278312,PVC,2016.0,9.85,-1,1,0,0,,
8,300,11.2995651775446,PVC,2016.0,9.85,-1,1,0,0,,
8,300,5.40664448710203,PVC,2016.0,9.85,-1,1,0,0,,
7,25,4.72126348883583,PVC,2017.0,9.85,-1,1,3,1,-80.4840046087279,43.4629392047685
7,25,1.39999303230565,PVC,2017.0,9.85,-1,1,3,1,-80.4840046087279,43.4629392047685
7,450,1.57926782786407,PVC,2017.0,5.93,-1,1,3,1,-80.4840046087279,43.4629392047685
68,150,13.2709882274778,CI,1956.0,7.75,5,1,0,0,,
33,200,8.46624983918585,DI,1991.0,9.1,6,0,0,0,,
59,150,91.9376657003465,CI,1965.0,7.85,6,1,2,1,-80.5127665617753,43.4479295368103
8,250,14.4372255304109,PVC,2016.0,9.85,-1,1,1,1,-80.530433028013,43.4471389997848
8,250,0.897473549440306,PVC,2016.0,9.85,-1,1,1,1,-80.530433028013,43.4471389997848
10,150,217.019082590269,PVC,2014.0,9.35,-1,1,0,0,,
16,450,135.24023465442,PVC,2008.0,9.35,-1,3,0,0,,
10,150,59.1514545022464,PVC,2014.0,9.35,5,1,0,0,,
19,200,18.2207259078774,PVC,2005.0,9.35,6,1,0,0,,
18,150,4.99081819086269,PVC,2006.0,9.35,6,1,0,0,,
8,150,64.4573649566558,HDPE,2016.0,10.0,-1,1,0,0,,
8,150,29.4145014079271,HDPE,2016.0,10.0,-1,1,0,0,,
8,150,64.4573649566558,HDPE,2016.0,10.0,-1,1,0,0,,
8,150,52.4307533820855,HDPE,2016.0,7.2,-1,1,0,0,,
29,200,5.12375770270641,DI,1995.0,9.1,6,1,0,0,,
10,600,60.0761703461564,PVC,2014.0,9.35,-1,1,0,0,,
16,600,177.5309313527,PVC,2008.0,8.55,-1,1,0,0,,
8,150,208.561755814166,PVC,2016.0,9.45,-1,1,0,0,,
8,150,5.16981843595739,PVC,2016.0,9.85,-1,1,0,0,,
8,150,10.2968906407896,PVC,2016.0,5.93,-1,1,0,0,,
8,150,3.12530003891327,PVC,2016.0,9.85,-1,1,0,0,,
72,150,8.30618995832978,CI,1952.0,7.75,7,1,0,0,,
19,150,0.540696152682174,PVC,2005.0,9.35,8,1,0,0,,
12,150,2.13182395541413,PVC,2012.0,9.35,-1,1,0,0,,
8,150,1.69999742738953,PVC,2016.0,9.85,-1,1,0,0,,
8,150,3.98129574906863,PVC,2016.0,9.85,-1,1,0,0,,
8,150,174.083529777139,PVC,2016.0,9.85,-1,1,0,0,,
8,150,111.591069630313,PVC,2016.0,9.85,-1,1,0,0,,
8,150,0.977788345804217,PVC,2016.0,9.85,-1,1,0,0,,
8,150,146.359027976905,PVC,2016.0,8.65,-1,1,0,0,,
8,150,18.2149825036005,PVC,2016.0,9.85,-1,1,0,0,,
8,150,2.79990279297592,PVC,2016.0,9.85,-1,1,0,0,,
8,150,1.15007890557431,PVC,2016.0,9.85,-1,1,0,0,,
8,150,0.999931617309538,PVC,2016.0,9.85,-1,1,0,0,,
13,200,2.57988650370131,PVC,2011.0,9.35,-1,1,0,0,,
13,200,111.860719380349,PVC,2011.0,6.55,-1,1,0,0,,
13,200,30.5300812202804,PVC,2011.0,5.75,-1,1,0,0,,
13,200,6.05013309986656,PVC,2011.0,9.35,-1,1,0,0,,
13,150,9.32122837625385,PVC,2011.0,9.35,-1,1,0,0,,
13,200,91.2810173655764,PVC,2011.0,7.35,-1,1,0,0,,
13,200,23.6216785766171,PVC,2011.0,9.35,-1,1,0,0,,
10,300,205.53147315627,PVC,2014.0,9.35,-1,1,0,0,,
10,300,109.343762843528,PVC,2014.0,9.35,-1,1,0,0,,
10,300,55.0714851252456,PVC,2014.0,9.35,-1,1,0,0,,
10,150,103.796945591807,PVC,2014.0,5.55,-1,1,0,0,,
10,150,128.079373208668,PVC,2014.0,7.75,-1,1,0,0,,
10,150,11.3987033287668,PVC,2014.0,9.35,-1,1,0,0,,
10,150,3.39573818308267,PVC,2014.0,9.35,-1,1,0,0,,
10,150,7.60250948093866,PVC,2014.0,9.35,-1,1,0,0,,
10,150,4.59831541414621,PVC,2014.0,9.35,-1,1,0,0,,
10,150,5.00075705121886,PVC,2014.0,9.35,-1,1,2,1,-80.4728796605949,43.4502386593684
10,150,10.0131225516992,PVC,2014.0,9.35,-1,1,0,0,,
10,150,76.7302556961756,PVC,2014.0,9.35,-1,1,0,0,,
10,150,2.89243037577488,PVC,2014.0,9.35,-1,1,0,0,,
10,150,12.6040930896416,PVC,2014.0,9.35,-1,1,0,0,,
10,150,2.50425749602042,PVC,2014.0,9.35,-1,1,0,0,,
10,150,9.28542531098395,PVC,2014.0,9.35,-1,1,0,0,,
10,150,99.096645409145,PVC,2014.0,6.55,-1,1,2,1,-80.4731781490394,43.4513247323825
10,150,2.20472791351134,PVC,2014.0,9.35,-1,1,0,0,,
10,150,1.49999947311505,PVC,2014.0,9.35,-1,1,2,1,-80.4731781490394,43.4513247323825
7,150,1.29968565442641,PVC,2017.0,9.85,-1,1,0,0,,
8,200,5.99843061053415,PVC,2016.0,9.85,-1,1,1,1,-80.4943037716937,43.4222486285004
8,200,209.599083025915,PVC,2016.0,9.85,-1,1,0,0,,
8,200,64.1142778399471,PVC,2016.0,9.85,-1,1,0,0,,
8,200,2.83439854038128,PVC,2016.0,9.85,-1,1,1,1,-80.4943037716937,43.4222486285004
8,300,2.22409051920652,PVC,2016.0,9.85,-1,0,0,0,,
8,300,1.59563069722892,PVC,2016.0,9.85,-1,0,0,0,,
8,300,66.0398097553039,PVC,2016.0,9.85,-1,0,0,0,,
47,300,140.138140779946,DI,1977.0,8.5,8,1,0,0,,
56,200,11.3942660733975,DI,1968.0,8.5,7,1,0,0,,
12,150,0.0280617168976909,PVC,2012.0,9.35,8,1,0,0,,
8,300,133.193339135443,PVC,2016.0,9.85,-1,1,9,1,-80.4661591423416,43.4657182018731
8,300,262.225104107617,PVC,2016.0,9.85,-1,1,1,1,-80.4586564231125,43.4691982123326
7,300,7.65701837423931,PVC,2017.0,9.85,-1,1,1,1,-80.4586564231125,43.4691982123326
8,300,96.550636866063,PVC,2016.0,9.85,-1,3,0,0,,
8,300,17.4999807709026,PVC,2016.0,9.85,-1,3,0,0,,
8,300,129.9771862114,PVC,2016.0,9.85,-1,3,0,0,,
8,300,3.92931423204064,PVC,2016.0,9.85,-1,3,0,0,,
8,300,28.9899999401548,PVC,2016.0,9.85,-1,3,0,0,,
8,300,2.83903672827671,PVC,2016.0,9.85,-1,3,0,0,,
8,300,5.41125036976337,PVC,2016.0,9.85,-1,3,0,0,,
8,300,6.50437705620597,PVC,2016.0,9.85,-1,3,0,0,,
8,300,6.50435288781282,PVC,2016.0,9.85,-1,3,0,0,,
8,300,3.17670461016273,PVC,2016.0,9.85,-1,3,0,0,,
8,200,11.1406883869075,PVC,2016.0,9.85,-1,3,0,0,,
8,150,9.53321295869141,PVC,2016.0,9.85,-1,1,1,1,-80.4721012836884,43.4516647059213
8,150,8.78202512508324,PVC,2016.0,9.85,-1,1,0,0,,
8,150,11.4217177449295,PVC,2016.0,9.85,-1,1,0,0,,
8,150,213.850457287374,PVC,2016.0,6.25,-1,1,1,1,-80.4721012836884,43.4516647059213
8,150,115.067107633786,PVC,2016.0,8.25,-1,1,0,0,,
8,150,139.872675237415,PVC,2016.0,6.05,-1,1,1,1,-80.4684539970792,43.4509655795558
8,150,14.3254106192342,PVC,2016.0,9.85,-1,1,7,1,-80.5046762422765,43.4322921577173
8,150,89.1298391706296,PVC,2016.0,7.85,-1,1,0,0,,
8,150,86.7320522675089,PVC,2016.0,6.65,-1,1,0,0,,
8,150,175.792350720668,PVC,2016.0,6.25,-1,1,0,0,,
8,150,85.3585439995075,PVC,2016.0,7.85,-1,1,0,0,,
8,150,20.627291697485,PVC,2016.0,9.85,-1,1,7,1,-80.5046762422765,43.4322921577173
8,150,111.613589371471,PVC,2016.0,9.85,-1,1,0,0,,
8,150,12.7919718672765,PVC,2016.0,5.93,-1,1,0,0,,
8,150,3.51082591435028,PVC,2016.0,9.85,-1,1,0,0,,
8,150,11.2972432692986,PVC,2016.0,9.85,-1,1,1,1,-80.5020054919381,43.4321736581163
8,150,11.8244320629067,PVC,2016.0,9.85,-1,1,0,0,,
8,150,14.4870458241278,PVC,2016.0,9.85,-1,1,0,0,,
8,150,15.6488168971932,PVC,2016.0,9.85,-1,1,0,0,,
9,200,2.32024628037514,PVC,2015.0,9.35,0,3,0,0,,
9,200,5.999982768078,PVC,2015.0,9.35,0,3,0,0,,
9,300,6.22825251941032,PVC,2015.0,9.35,0,3,0,0,,
9,300,6.17513676108789,PVC,2015.0,9.35,0,3,0,0,,
10,300,0.40000121301209,PVC,2014.0,9.35,-1,1,0,0,,
71,200,21.0185985621959,CI,1953.0,7.75,6,1,6,1,-80.4722224444702,43.4618208394298
7,450,19.7329815565641,PVC,2017.0,8.5,-1,1,1,1,-80.4536842508755,43.4191901335025
7,450,81.2009081000558,PVC,2017.0,8.5,-1,1,0,0,,
7,450,133.925809224607,PVC,2017.0,8.5,-1,1,0,0,,
7,150,41.8961713176074,PVC,2017.0,8.5,-1,1,0,0,,
7,150,1.58351266580658,PVC,2017.0,8.5,-1,1,0,0,,
7,450,30.9244813868564,PVC,2017.0,4.9,-1,1,0,0,,
7,450,2.55306298008158,PVC,2017.0,4.58,-1,1,0,0,,
7,450,9.25434583633495,PVC,2017.0,8.5,-1,1,0,0,,
7,450,91.1276777222538,PVC,2017.0,9.85,-1,1,0,0,,
7,450,1.12257444210345,PVC,2017.0,9.85,-1,1,0,0,,
7,450,114.339921978482,PVC,2017.0,8.5,-1,1,0,0,,
7,450,54.5609811227739,PVC,2017.0,8.5,-1,1,0,0,,
7,450,42.9796557462838,PVC,2017.0,8.5,-1,1,0,0,,
61,150,7.89253965337182,CI,1963.0,7.85,7,1,0,0,,
7,150,20.4300000143264,PVC,2017.0,8.5,-1,1,0,0,,
7,150,2.03266877009063,PVC,2017.0,8.5,-1,1,0,0,,
7,300,1.13702517585304,PVC,2017.0,8.5,-1,1,0,0,,
7,450,35.4847556244072,PVC,2017.0,8.5,-1,1,0,0,,
52,300,1.09583241900366,DI,1972.0,8.5,6,1,0,0,,
7,300,0.940655707501014,PVC,2017.0,9.85,-1,2,0,0,,
7,300,4.41740171049201,PVC,2017.0,9.85,-1,2,0,0,,
55,450,17.3739553542092,DI,1969.0,8.5,7,2,0,0,,
55,450,7.52123513993373,DI,1969.0,8.5,7,2,0,0,,
7,450,0.770624085849511,DI,2017.0,9.1,7,2,0,0,,
7,300,1.71275294543476,PVC,2017.0,9.85,-1,2,0,0,,
7,300,6.11011909396786,PVC,2017.0,9.85,-1,2,0,0,,
60,300,12.4268181028578,CI,1964.0,3.93,7,1,1,1,-80.4509056181677,43.448514180655
7,200,23.0089809312165,PVC,2017.0,9.85,-1,1,0,0,,
7,200,0.159813798023759,PVC,2017.0,9.85,-1,1,0,0,,
15,450,71.8219600648849,PVC,2009.0,9.35,7,0,1,1,-80.5306258691107,43.4073064722364
15,600,50.4911296021292,PVC,2009.0,9.35,0,8,1,1,-80.5306258691107,43.4073064722364
8,200,48.9177882082572,PVC,2016.0,9.85,-1,6,0,0,,
8,150,115.43915609228,PVC,2016.0,9.85,-1,6,0,0,,
8,200,73.3422629745064,PVC,2016.0,9.85,-1,6,0,0,,
8,150,7.42679271896094,PVC,2016.0,9.85,-1,6,0,0,,
8,200,5.33569238821481,PVC,2016.0,9.85,-1,6,0,0,,
8,150,78.1224921553723,PVC,2016.0,9.85,-1,6,0,0,,
7,150,4.10019408594102,PVC,2017.0,9.85,-1,6,0,0,,
8,150,72.4365646214376,PVC,2016.0,9.85,-1,6,0,0,,
10,150,88.7907440683928,PVC,2014.0,9.35,-1,1,0,0,,
9,150,10.1689490485202,PVC,2015.0,9.35,-1,1,0,0,,
10,150,11.8284531581281,PVC,2014.0,9.35,-1,1,0,0,,
10,150,5.1500034971148,PVC,2014.0,9.35,-1,1,0,0,,
10,150,168.312796847847,PVC,2014.0,7.35,-1,1,0,0,,
10,150,97.0814419521575,PVC,2014.0,9.35,-1,1,0,0,,
10,150,92.2010759060979,PVC,2014.0,9.35,-1,1,0,0,,
10,150,7.50313225341763,PVC,2014.0,9.35,-1,1,0,0,,
10,150,3.41423670161257,PVC,2014.0,9.35,-1,1,0,0,,
10,150,7.50727393269485,PVC,2014.0,9.35,-1,1,0,0,,
10,150,3.04012838039657,PVC,2014.0,9.35,-1,1,0,0,,
10,150,3.03112594877466,PVC,2014.0,9.35,-1,1,0,0,,
50,150,24.2625759910376,AC,1974.0,8.7,5,1,0,0,,
68,150,4.64879538386739,CI,1956.0,7.75,5,1,1,1,-80.455566985255,43.4463240348548
27,600,17.2256986924806,CPP,1997.0,9.35,7,3,0,0,,
13,300,6.21308800779102,PVC,2011.0,9.35,5,1,0,0,,
9,300,6.44146493006163,PVC,2015.0,9.35,-1,1,0,0,,
9,300,125.829863356805,PVC,2015.0,9.35,-1,1,0,0,,
15,450,302.326188074915,PVC,2009.0,9.35,7,0,0,0,,
9,150,4.87779626011339,PVC,2015.0,9.35,-1,1,0,0,,
9,150,127.584492360938,PVC,2015.0,6.95,-1,1,0,0,,
9,150,16.2144498059775,PVC,2015.0,9.35,-1,1,0,0,,
9,150,7.25863466668045,PVC,2015.0,9.35,-1,1,3,1,-80.4555057399752,43.4239826016716
9,200,21.1297505836538,PVC,2015.0,9.35,-1,1,0,0,,
9,200,8.13575205214125,PVC,2015.0,9.35,-1,1,2,1,-80.4561816013782,43.4250383697794
9,200,264.300626818833,PVC,2015.0,9.35,-1,1,0,0,,
9,200,11.8991072743761,PVC,2015.0,9.35,-1,1,2,1,-80.4559810949638,43.4209847883231
9,200,131.22517051134,PVC,2015.0,7.75,-1,1,0,0,,
9,150,11.3426507092804,PVC,2015.0,9.35,-1,1,0,0,,
9,200,5.6325937933743,PVC,2015.0,9.35,-1,1,2,1,-80.4561816013782,43.4250383697794
9,150,4.83808239437068,PVC,2015.0,9.35,-1,1,0,0,,
9,150,4.61524844407264,PVC,2015.0,9.35,-1,1,0,0,,
9,150,164.81679761309,PVC,2015.0,8.15,-1,1,0,0,,
9,150,160.196614033905,PVC,2015.0,9.35,-1,1,0,0,,
9,150,66.3555788685324,PVC,2015.0,9.35,-1,1,0,0,,
9,150,5.31349277880153,PVC,2015.0,9.35,-1,1,0,0,,
12,150,1.97401735099691,PVC,2012.0,9.35,6,1,0,0,,
22,300,2.535519121943,PVC,2002.0,9.35,6,1,0,0,,
8,600,169.552463462495,CPP,2016.0,9.55,-1,1,0,0,,
8,150,28.5530382782762,PVC,2016.0,9.85,-1,1,6,1,-80.4722224444702,43.4618208394298
74,200,1.58013414894607,CI,1950.0,7.75,7,1,6,1,-80.4722224444702,43.4618208394298
8,600,120.894905402077,CPP,2016.0,9.55,-1,1,0,0,,
8,600,3.09485830516198,CPP,2016.0,9.55,-1,1,6,1,-80.4722224444702,43.4618208394298
8,200,1.33595094552028,PVC,2016.0,9.85,-1,1,6,1,-80.4722224444702,43.4618208394298
6,300,3.79998861120676,PVC,2018.0,9.85,-1,1,1,1,-80.4522628727796,43.4062894158972
59,300,14.5774359765979,CI,1965.0,7.4,7,1,1,1,-80.4522628727796,43.4062894158972
9,150,5.00880080290778,PVC,2015.0,9.35,5,1,0,0,,
17,300,0.0347332704135913,PVC,2007.0,9.35,7,1,0,0,,
26,200,1.79968984311684,PVC,1998.0,9.35,6,4,0,0,,
26,200,1.79187968589659,PVC,1998.0,9.35,0,4,0,0,,
24,200,3.69729516721794,PVC,2000.0,9.35,-1,5,0,0,,
26,200,0.609073263156816,PVC,1998.0,9.35,6,4,0,0,,
26,200,0.599566910157348,PVC,1998.0,9.35,0,5,0,0,,
24,200,3.66891706799239,PVC,2000.0,9.35,-1,4,0,0,,
7,150,102.256117282337,HDPE,2017.0,10.0,-1,1,0,0,,
45,150,34.0867492426926,DI,1979.0,4.7,5,1,3,1,-80.48108286215,43.4846601142594
10,200,2.73493539491777,PVC,2014.0,9.35,-1,1,0,0,,
9,150,1.58319297666565,PVC,2015.0,9.35,-1,1,0,0,,
9,150,55.1766018313197,PVC,2015.0,9.35,-1,1,0,0,,
9,150,84.91195980522,PVC,2015.0,9.35,-1,1,0,0,,
9,150,9.76674155603033,PVC,2015.0,9.35,-1,1,0,0,,
9,150,10.1945532278806,PVC,2015.0,9.35,-1,1,0,0,,
9,150,64.9210626866669,PVC,2015.0,9.35,-1,1,0,0,,
12,150,5.27406971827569,PVC,2012.0,9.35,-1,1,0,0,,
9,150,0.841778165919445,PVC,2015.0,9.35,-1,1,0,0,,
9,150,103.858524618624,PVC,2015.0,9.35,-1,1,0,0,,
9,150,93.2822884595584,PVC,2015.0,9.35,-1,1,0,0,,
9,300,7.20610337352123,PVC,2015.0,5.43,-1,1,0,0,,
9,150,9.96121810482162,PVC,2015.0,9.35,-1,1,0,0,,
9,150,5.25901468339459,PVC,2015.0,9.35,-1,1,0,0,,
9,150,129.892566828725,PVC,2015.0,9.35,-1,1,0,0,,
9,150,0.959036525460631,PVC,2015.0,9.35,-1,1,0,0,,
9,300,5.38175045434118,PVC,2015.0,9.35,-1,1,0,0,,
9,300,0.908352570651689,PVC,2015.0,9.35,-1,1,0,0,,
11,150,5.73891658270891,PVC,2013.0,9.35,-1,1,0,0,,
8,150,248.092566938818,PVC,2016.0,9.85,-1,1,0,0,,
8,150,2.19991078207646,PVC,2016.0,9.85,-1,1,0,0,,
8,150,215.286795953569,PVC,2016.0,8.25,-1,1,0,0,,
7,200,20.4438616696032,PVC,2017.0,9.85,-1,1,1,1,-80.4545704326437,43.4311651497214
7,200,86.2804063152346,PVC,2017.0,9.85,-1,1,0,0,,
7,150,1.9386045747414,PVC,2017.0,9.85,-1,1,1,1,-80.4545704326437,43.4311651497214
7,200,2.61795547154646,PVC,2017.0,9.85,-1,1,1,1,-80.4558460608887,43.4315728838344
7,150,6.32338570882189,PVC,2017.0,9.85,-1,1,5,1,-80.4551491163474,43.4326480296682
7,150,181.837094096952,PVC,2017.0,6.05,-1,1,0,0,,
7,150,10.9478990077926,PVC,2017.0,9.85,-1,1,9,1,-80.4555394644935,43.4296683766189
7,150,111.691010354175,PVC,2017.0,7.05,-1,1,0,0,,
7,150,5.31835412957388,PVC,2017.0,9.85,-1,1,0,0,,
7,150,43.5263560247205,PVC,2017.0,6.65,-1,1,0,0,,
7,150,49.9021882300136,PVC,2017.0,7.05,-1,1,0,0,,
7,200,1.56783277812809,PVC,2017.0,9.85,-1,1,9,1,-80.4555394644935,43.4296683766189
7,200,7.17689440973757,PVC,2017.0,9.85,-1,1,0,0,,
7,150,11.0809282611887,PVC,2017.0,9.85,-1,1,0,0,,
7,200,6.76120055783596,PVC,2017.0,9.85,-1,1,5,1,-80.4551491163474,43.4326480296682
7,150,92.721662847418,PVC,2017.0,9.85,-1,1,0,0,,
7,150,76.2624445021515,PVC,2017.0,9.85,-1,1,0,0,,
6,150,90.7825807099862,PVC,2018.0,9.85,-1,1,0,0,,
8,300,140.261358156837,PVC,2016.0,9.85,-1,2,0,0,,
59,450,153.415159496377,DI,1965.0,8.5,7,1,0,0,,
59,450,256.976333578487,DI,1965.0,8.5,7,1,0,0,,
18,300,20.0330726534532,PVC,2006.0,9.35,7,1,0,0,,
51,150,0.82305929668959,PVC,1973.0,9.35,6,1,0,0,,
56,300,2.59588743165215,DI,1968.0,8.5,7,1,0,0,,
60,300,11.935973971018,CI,1964.0,3.93,7,1,0,0,,
42,200,102.422672131848,DI,1982.0,9.1,7,1,0,0,,
7,200,53.7368827198824,PVC,2017.0,9.85,-1,1,0,0,,
7,200,81.2307506769814,PVC,2017.0,9.85,-1,1,0,0,,
31,300,4.74738270925809,DI,1993.0,9.1,7,1,1,1,-80.4911694366688,43.4493597627124
10,150,219.684713202922,PVC,2014.0,9.35,-1,1,0,0,,
10,300,92.5280058897656,PVC,2014.0,7.35,7,1,1,1,-80.4911694366688,43.4493597627124
10,150,7.00624615018742,PVC,2014.0,9.35,-1,1,0,0,,
17,150,1.38577795061228,PVC,2007.0,9.35,6,1,0,0,,
9,150,88.246833997079,PVC,2015.0,9.35,-1,1,0,0,,
9,150,125.403266180103,PVC,2015.0,9.35,-1,1,0,0,,
9,150,110.051094157229,PVC,2015.0,9.35,-1,2,0,0,,
9,150,98.5867667297873,PVC,2015.0,9.35,-1,2,0,0,,
9,150,0.879822254337996,PVC,2015.0,9.35,-1,2,0,0,,
9,150,1.09726999424177,PVC,2015.0,9.35,-1,2,0,0,,
23,150,20.385136323214,PVC,2001.0,9.35,7,1,0,0,,
13,150,31.529416789194,PVC,2011.0,9.35,7,1,0,0,,
13,150,5.77672894060866,PVC,2011.0,9.35,6,1,0,0,,
13,150,1.20270632317234,PVC,2011.0,9.35,6,1,0,0,,
77,150,4.22352216237327,CI,1947.0,7.75,6,1,0,0,,
22,300,1.71873529468541,PVC,2002.0,9.35,6,1,1,1,-80.4190782570756,43.4140025428439
87,450,103.09996973905,CI,1937.0,6.15,7,1,0,0,,
87,450,243.697362071302,CI,1937.0,6.85,7,1,0,0,,
95,450,14.7423687421884,CI,1929.0,7.75,7,1,0,0,,
11,300,17.0303993666638,PVC,2013.0,9.35,-1,1,0,0,,
11,300,0.414384387023897,PVC,2013.0,9.35,-1,1,0,0,,
11,300,1.21417460376101,PVC,2013.0,9.35,-1,1,0,0,,
36,300,28.6880942132074,DI,1988.0,9.1,8,1,0,0,,
6,300,26.7587022199614,PVC,2018.0,9.85,-1,3,0,0,,
8,300,1.06728347242961,PVC,2016.0,9.85,-1,3,0,0,,
8,300,10.535700198595,PVC,2016.0,9.85,-1,1,0,0,,
8,150,100.69299953416,PVC,2016.0,9.85,-1,1,0,0,,
8,200,8.83995121407207,PVC,2016.0,9.85,-1,1,0,0,,
8,150,5.27689087048862,PVC,2016.0,9.85,-1,1,0,0,,
8,300,200.122744691586,PVC,2016.0,9.45,-1,1,0,0,,
8,200,2.23891011996964,PVC,2016.0,9.85,-1,1,0,0,,
8,300,80.261671368996,PVC,2016.0,9.85,-1,1,0,0,,
8,300,3.50611326796477,PVC,2016.0,9.85,-1,1,0,0,,
8,150,8.32545359853832,PVC,2016.0,9.85,-1,1,0,0,,
34,450,3.26642507419703,DI,1990.0,9.1,7,3,0,0,,
45,450,79.6735668388121,DI,1979.0,8.5,7,3,0,0,,
8,400,1.43790262867879,PVC,2016.0,9.85,-1,1,0,0,,
7,150,25.2340911404256,PVC,2017.0,9.85,-1,1,0,0,,
7,150,4.64951268641786,PVC,2017.0,9.85,-1,1,0,0,,
7,150,23.0969459279102,PVC,2017.0,9.85,-1,1,0,0,,
7,150,0.80237394008546,PVC,2017.0,9.85,-1,1,0,0,,
7,150,10.2719584475182,PVC,2017.0,9.85,-1,1,0,0,,
7,150,5.9164119642065,PVC,2017.0,9.85,-1,1,0,0,,
7,150,8.9472419257552,PVC,2017.0,9.85,-1,1,0,0,,
7,150,6.37699469249963,PVC,2017.0,9.85,-1,1,0,0,,
7,150,10.8219175820895,PVC,2017.0,9.85,-1,1,3,1,-80.470700337852,43.4536000011307
7,150,4.56060420955627,PVC,2017.0,9.85,-1,1,3,1,-80.470700337852,43.4536000011307
7,150,20.5166845593751,PVC,2017.0,9.85,-1,1,0,0,,
7,150,17.6092659775908,PVC,2017.0,9.85,-1,1,0,0,,
7,300,124.588669507421,PVC,2017.0,8.25,-1,1,1,1,-80.4703939249025,43.4533207890684
7,300,8.1151853533665,PVC,2017.0,9.85,-1,1,1,1,-80.4703939249025,43.4533207890684
7,300,13.8300715921663,PVC,2017.0,5.93,-1,1,3,1,-80.470700337852,43.4536000011307
7,300,84.4125600823701,PVC,2017.0,7.85,-1,1,0,0,,
7,300,4.79864641084302,PVC,2017.0,9.85,-1,1,0,0,,
7,300,14.18622344337,PVC,2017.0,9.85,-1,1,0,0,,
7,300,41.2442883869244,PVC,2017.0,9.85,-1,1,0,0,,
7,300,89.6073030982542,PVC,2017.0,9.85,-1,1,0,0,,
7,300,2.90916766020375,PVC,2017.0,9.85,-1,1,0,0,,
7,300,51.3244578256299,PVC,2017.0,9.85,-1,1,0,0,,
7,300,5.87419744482841,PVC,2017.0,9.85,-1,1,0,0,,
7,300,3.84027618307876,PVC,2017.0,9.85,-1,1,0,0,,
7,300,22.3544173244464,PVC,2017.0,9.85,-1,1,0,0,,
7,300,1.18811085792847,PVC,2017.0,9.85,-1,1,0,0,,
7,300,2.41656811159628,PVC,2017.0,9.85,-1,1,0,0,,
8,400,1.39618584747483,PVC,2016.0,9.85,-1,13,0,0,,
8,400,1.36203533755704,PVC,2016.0,9.85,-1,1,0,0,,
7,150,8.41980731578131,PVC,2017.0,9.85,-1,1,1,1,-80.4939567347753,43.4640945578068
7,150,5.04148565451635,PVC,2017.0,9.85,-1,1,1,1,-80.4939567347753,43.4640945578068
7,150,10.7777843320113,PVC,2017.0,9.85,-1,1,0,0,,
7,150,16.8766930956875,PVC,2017.0,9.85,-1,1,0,0,,
7,150,68.4156860819992,PVC,2017.0,9.85,-1,1,0,0,,
7,150,11.4128152045563,PVC,2017.0,9.85,-1,1,1,1,-80.4939567347753,43.4640945578068
7,150,68.7355559430273,PVC,2017.0,9.85,-1,1,0,0,,
7,150,10.0464967222584,PVC,2017.0,9.85,-1,1,0,0,,
7,150,86.8588176738923,PVC,2017.0,9.85,-1,1,0,0,,
7,150,2.78465763909875,PVC,2017.0,9.85,-1,1,0,0,,
7,150,118.608215726144,PVC,2017.0,9.85,-1,1,0,0,,
7,150,11.3268011815647,PVC,2017.0,9.85,-1,1,0,0,,
7,150,7.41318367832655,PVC,2017.0,9.85,-1,1,0,0,,
7,150,94.302471772256,PVC,2017.0,9.85,-1,1,0,0,,
7,150,16.9383046616116,PVC,2017.0,9.85,-1,1,0,0,,
7,150,14.3699966281064,PVC,2017.0,9.85,-1,1,0,0,,
7,150,115.926733229962,PVC,2017.0,8.25,-1,1,0,0,,
7,150,3.98315121093125,PVC,2017.0,9.85,-1,1,0,0,,
7,150,13.1899995774285,PVC,2017.0,9.85,-1,1,0,0,,
7,150,13.7573483887147,PVC,2017.0,9.85,-1,1,0,0,,
6,150,7.09817184061578,PVC,2018.0,9.85,-1,1,0,0,,
7,150,6.77496597990484,PVC,2017.0,9.85,-1,1,0,0,,
7,150,8.31400764224893,PVC,2017.0,9.85,-1,1,0,0,,
7,150,13.8383822255982,PVC,2017.0,9.85,-1,1,0,0,,
7,150,4.91353707339184,PVC,2017.0,9.85,-1,1,0,0,,
6,150,4.84806582359448,PVC,2018.0,9.85,-1,1,0,0,,
7,150,7.90481002927671,PVC,2017.0,9.85,-1,1,0,0,,
7,150,4.11675326521767,PVC,2017.0,9.85,-1,1,0,0,,
7,150,5.14494880705531,PVC,2017.0,9.85,-1,1,0,0,,
7,150,7.89830158524734,PVC,2017.0,9.85,-1,1,0,0,,
7,150,0.890591376810242,PVC,2017.0,9.85,-1,1,0,0,,
7,150,23.4309815930102,PVC,2017.0,9.85,-1,1,0,0,,
29,450,4.99459793063176,PVC,1995.0,9.35,7,1,0,0,,
11,200,2.70269801084135,PVC,2013.0,9.35,5,2,0,0,,
5,200,2.81406530756165,PVC,2019.0,9.85,5,2,0,0,,
7,150,130.512921949676,PVC,2017.0,6.25,-1,1,0,0,,
7,150,114.896951939866,PVC,2017.0,9.85,-1,1,0,0,,
7,150,124.816082873825,PVC,2017.0,9.85,-1,1,0,0,,
7,150,101.432785499544,PVC,2017.0,8.25,-1,1,0,0,,
7,150,14.1645965583761,PVC,2017.0,9.85,-1,1,2,1,-80.5159857146913,43.4442348726347
6,150,0.798488297813375,PVC,2018.0,9.85,-1,1,0,0,,
7,150,134.308916032622,PVC,2017.0,8.65,-1,1,0,0,,
7,150,127.77933591669,PVC,2017.0,8.25,-1,1,0,0,,
7,150,10.8892153488634,PVC,2017.0,9.85,-1,1,0,0,,
7,150,6.53749361483853,PVC,2017.0,9.85,-1,1,0,0,,
7,150,2.09147004933985,PVC,2017.0,9.85,-1,1,1,1,-80.5190256862205,43.4427020410278
7,150,8.11709121811587,PVC,2017.0,9.85,-1,1,1,1,-80.5190256862205,43.4427020410278
7,150,6.34498803081922,PVC,2017.0,9.85,-1,1,0,0,,
7,150,1.59995897755047,PVC,2017.0,9.85,-1,1,0,0,,
7,150,8.01640264846888,PVC,2017.0,9.85,-1,1,0,0,,
7,150,9.72712648609932,PVC,2017.0,9.85,-1,1,2,1,-80.5159857146913,43.4442348726347
7,150,16.1599730524734,PVC,2017.0,9.85,-1,1,0,0,,
7,150,7.35536261939838,PVC,2017.0,9.85,-1,1,0,0,,
7,150,12.1591837344579,PVC,2017.0,9.85,-1,1,0,0,,
7,150,6.4956930016391,PVC,2017.0,9.85,-1,1,1,1,-80.5190256862205,43.4427020410278
7,150,1.29312367549041,PVC,2017.0,9.85,-1,1,0,0,,
8,150,6.06911315003627,PVC,2016.0,9.85,-1,1,0,0,,
8,150,8.79150793936343,PVC,2016.0,9.85,-1,1,0,0,,
8,150,0.600448340467292,PVC,2016.0,9.85,-1,1,0,0,,
8,100,2.11537458828371,PVC,2016.0,9.85,-1,1,0,0,,
8,150,8.25543697295926,PVC,2016.0,9.85,-1,1,0,0,,
8,150,54.8194169826791,PVC,2016.0,9.85,-1,1,0,0,,
8,150,178.852718841944,PVC,2016.0,7.05,-1,1,0,0,,
8,150,13.18781756153,PVC,2016.0,9.85,-1,1,0,0,,
8,150,7.25621399711242,PVC,2016.0,9.85,-1,1,0,0,,
8,150,93.7368459057589,PVC,2016.0,6.05,-1,1,0,0,,
8,150,5.23471822917394,PVC,2016.0,9.85,-1,1,0,0,,
8,150,211.269941770721,PVC,2016.0,6.65,-1,1,0,0,,
8,150,19.4072361271445,PVC,2016.0,9.85,-1,1,0,0,,
8,150,3.6337290289083,PVC,2016.0,9.85,-1,1,0,0,,
8,150,1.99994021205316,PVC,2016.0,9.85,-1,1,0,0,,
7,300,12.8301248554268,PVC,2017.0,9.85,-1,1,0,0,,
7,300,8.18832420132254,PVC,2017.0,9.85,-1,1,0,0,,
7,200,6.35428186561104,PVC,2017.0,9.85,-1,1,0,0,,
7,150,6.67082913349002,PVC,2017.0,9.85,-1,1,0,0,,
7,300,4.01354313564498,PVC,2017.0,9.85,-1,1,3,1,-80.4856309480961,43.4310110680719
7,300,18.3999987350377,PVC,2017.0,9.85,-1,1,1,1,-80.4841607065714,43.4315859669645
7,300,4.90686963890972,PVC,2017.0,9.85,-1,1,0,0,,
7,300,71.3404782193195,PVC,2017.0,9.85,-1,1,0,0,,
7,150,3.67500051538147,PVC,2017.0,9.85,-1,1,3,1,-80.4856309480961,43.4310110680719
7,150,5.72898207912589,PVC,2017.0,9.85,-1,1,1,1,-80.4841607065714,43.4315859669645
7,200,2.73032766404798,PVC,2017.0,9.85,-1,1,0,0,,
7,150,0.777258135770307,PVC,2017.0,9.85,-1,1,0,0,,
7,200,11.2903956161579,PVC,2017.0,9.85,-1,1,0,0,,
7,200,0.559124359226686,PVC,2017.0,9.85,-1,1,0,0,,
7,200,54.4404219039016,HDPE,2017.0,10.0,-1,1,0,0,,
7,200,59.9277477538389,PVC,2017.0,7.05,-1,1,0,0,,
7,150,90.1695222726474,PVC,2017.0,9.85,-1,1,0,0,,
7,150,160.307316787089,PVC,2017.0,9.85,-1,1,0,0,,
7,150,2.10104651295687,PVC,2017.0,9.85,-1,1,0,0,,
7,300,7.99994041592641,PVC,2017.0,9.85,-1,1,3,1,-80.4856309480961,43.4310110680719
7,300,84.2008129793698,PVC,2017.0,9.85,-1,1,0,0,,
7,300,108.894757906987,PVC,2017.0,9.85,-1,1,0,0,,
7,300,128.684811659657,PVC,2017.0,6.25,-1,1,0,0,,
7,300,62.6241895682242,PVC,2017.0,9.85,-1,1,0,0,,
13,150,5.92607956978739,PVC,2011.0,9.35,6,1,0,0,,
8,150,1.65444200952334,PVC,2016.0,9.85,-1,1,0,0,,
8,150,8.93450677287669,PVC,2016.0,9.85,-1,1,0,0,,
8,150,8.86465471621029,PVC,2016.0,9.85,-1,1,0,0,,
8,150,152.060527546391,PVC,2016.0,9.85,-1,1,0,0,,
8,150,78.1748859966165,PVC,2016.0,9.85,-1,1,0,0,,
8,150,64.7724001578961,PVC,2016.0,9.85,-1,1,0,0,,
8,150,0.293486761699982,PVC,2016.0,9.85,-1,1,0,0,,
6,150,85.2613678781406,PVC,2018.0,9.85,-1,1,0,0,,
8,150,1.18199940794635,PVC,2016.0,9.85,-1,1,0,0,,
8,150,1.17687488252285,PVC,2016.0,9.85,-1,1,0,0,,
8,150,3.27493286270934,PVC,2016.0,9.85,-1,1,0,0,,
8,150,4.98492708653731,PVC,2016.0,9.85,-1,1,1,1,-80.4983299378164,43.4647172030327
8,150,7.28839152323945,PVC,2016.0,9.85,-1,1,0,0,,
6,150,65.7648313870137,PVC,2018.0,6.25,-1,1,0,0,,
6,150,3.00793033933001,PVC,2018.0,9.85,-1,1,0,0,,
6,150,19.3442388239419,PVC,2018.0,9.85,-1,1,1,1,-80.455566985255,43.4463240348548
6,150,68.1602763823456,PVC,2018.0,9.85,-1,1,1,1,-80.455566985255,43.4463240348548
6,150,0.945163901859864,PVC,2018.0,9.85,-1,1,1,1,-80.455566985255,43.4463240348548
6,200,125.451374688356,PVC,2018.0,9.85,-1,7,0,0,,
6,200,136.657592441693,PVC,2018.0,9.85,-1,7,0,0,,
6,200,150.634066110081,PVC,2018.0,9.85,-1,7,0,0,,
6,200,57.622944798744,PVC,2018.0,9.85,-1,7,0,0,,
6,200,8.35749290866694,PVC,2018.0,9.85,-1,7,0,0,,
6,300,13.7629547650886,PVC,2018.0,9.85,-1,7,1,1,-80.4693647658431,43.4812341859548
6,300,3.97298378304573,PVC,2018.0,9.85,-1,7,1,1,-80.4693647658431,43.4812341859548
6,300,5.98558729800131,PVC,2018.0,9.85,-1,7,1,1,-80.4690712329311,43.4809335092858
6,300,8.98087789406219,PVC,2018.0,9.85,-1,7,1,1,-80.4690712329311,43.4809335092858
6,200,178.127726987221,PVC,2018.0,9.85,-1,7,4,1,-80.4678508688803,43.4813618963168
6,150,12.3657555880884,PVC,2018.0,9.85,-1,7,1,1,-80.4675479669321,43.4821900901985
6,150,10.5232730753052,PVC,2018.0,9.85,-1,7,1,1,-80.4675479669321,43.4821900901985
6,150,7.20400938913343,PVC,2018.0,9.85,-1,7,4,1,-80.4663254290817,43.4803249205826
6,150,5.39462279933865,PVC,2018.0,9.85,-1,7,4,1,-80.4663254290817,43.4803249205826
6,200,15.5864993807926,PVC,2018.0,9.85,-1,7,0,0,,
6,200,112.742262154317,PVC,2018.0,9.85,-1,7,0,0,,
6,150,6.01689843349771,PVC,2018.0,9.85,-1,7,0,0,,
6,150,2.15556394455016,PVC,2018.0,9.85,-1,7,0,0,,
6,200,16.5760655330897,PVC,2018.0,9.85,-1,7,0,0,,
6,200,140.94301820505,PVC,2018.0,9.85,-1,7,0,0,,
6,200,4.28495593927052,PVC,2018.0,9.85,-1,7,0,0,,
6,150,4.59860658532598,PVC,2018.0,9.85,-1,7,0,0,,
6,200,1.25144279046881,PVC,2018.0,9.85,-1,7,0,0,,
6,150,229.060041605232,PVC,2018.0,6.65,-1,1,0,0,,
6,150,5.0600565040917,PVC,2018.0,9.85,-1,1,0,0,,
6,150,3.68843319947932,PVC,2018.0,9.85,-1,1,0,0,,
6,150,2.20017884948834,PVC,2018.0,9.85,-1,1,0,0,,
8,150,124.000666214045,PVC,2016.0,9.85,-1,1,0,0,,
8,150,12.382518304294,PVC,2016.0,9.85,-1,1,0,0,,
8,150,86.4817428065834,PVC,2016.0,7.85,-1,1,0,0,,
7,150,73.0059669018958,PVC,2017.0,9.85,-1,1,0,0,,
7,150,4.8371820070444,PVC,2017.0,9.85,-1,1,0,0,,
8,150,133.325460786507,PVC,2016.0,9.85,-1,1,0,0,,
8,150,28.073319123282,PVC,2016.0,9.85,-1,1,0,0,,
6,150,102.012491511551,PVC,2018.0,9.85,-1,1,0,0,,
6,150,10.0891587050501,PVC,2018.0,9.85,-1,1,0,0,,
6,150,7.01286895957421,PVC,2018.0,9.85,-1,1,0,0,,
6,150,3.1187479863554,PVC,2018.0,9.85,-1,1,0,0,,
95,150,1.00922747939941,CI,1929.0,7.75,7,1,0,0,,
6,150,212.485633562373,PVC,2018.0,9.45,-1,1,0,0,,
6,150,199.090053304503,PVC,2018.0,7.85,-1,1,0,0,,
6,150,6.66708023116162,PVC,2018.0,9.85,-1,1,0,0,,
6,150,2.67409156545014,PVC,2018.0,9.85,-1,1,0,0,,
6,150,5.88657409451324,PVC,2018.0,9.85,-1,1,0,0,,
69,150,1.24891574179924,CI,1955.0,7.75,5,1,1,1,-80.4842078283784,43.464063979358
75,150,2.1915109673877,CI,1949.0,3.83,5,1,1,1,-80.4849617434165,43.4625128638186
6,150,84.9999929709845,PVC,2018.0,7.85,-1,1,0,0,,
6,150,7.49505041456387,PVC,2018.0,9.85,-1,1,0,0,,
6,150,5.72189073615449,PVC,2018.0,9.85,-1,1,0,0,,
6,150,9.6636673361481,PVC,2018.0,9.85,-1,1,0,0,,
6,150,115.785158944915,PVC,2018.0,9.85,-1,1,0,0,,
6,150,11.0917096640926,PVC,2018.0,9.85,-1,1,0,0,,
6,150,5.98125763466792,PVC,2018.0,9.85,-1,1,0,0,,
6,150,41.3060183950989,PVC,2018.0,9.85,-1,1,0,0,,
6,150,7.49644086930048,PVC,2018.0,9.85,-1,1,0,0,,
6,150,9.4090016702625,PVC,2018.0,9.85,-1,1,0,0,,
6,150,54.3649261131035,PVC,2018.0,9.85,-1,1,1,1,-80.4842078283784,43.464063979358
6,150,68.4676074420444,PVC,2018.0,9.85,-1,1,1,1,-80.4842078283784,43.464063979358
6,150,2.70451792222284,PVC,2018.0,9.85,-1,1,1,1,-80.4842078283784,43.464063979358
6,150,9.20526541742727,PVC,2018.0,9.85,-1,1,0,0,,
6,150,7.48006609113389,PVC,2018.0,9.85,-1,1,0,0,,
6,150,117.670185171354,PVC,2018.0,9.85,-1,1,0,0,,
6,150,8.0000430424168,PVC,2018.0,9.85,-1,1,0,0,,
6,150,78.8120859187369,PVC,2018.0,9.85,-1,1,1,1,-80.4849617434165,43.4625128638186
6,150,4.09587548686678,PVC,2018.0,9.85,-1,1,1,1,-80.4849617434165,43.4625128638186
6,150,78.8302406529423,PVC,2018.0,9.85,-1,1,0,0,,
6,150,10.4177069580433,PVC,2018.0,9.85,-1,1,0,0,,
6,150,130.30766449849,PVC,2018.0,9.85,-1,1,0,0,,
6,150,7.6829299046176,PVC,2018.0,9.85,-1,1,0,0,,
7,150,76.4245309615604,PVC,2017.0,9.85,-1,1,0,0,,
7,150,77.8957335225715,PVC,2017.0,9.85,-1,1,0,0,,
7,150,11.2989087058674,PVC,2017.0,9.85,-1,1,0,0,,
7,150,7.07149635755419,PVC,2017.0,9.85,-1,1,0,0,,
7,150,6.21084562426359,PVC,2017.0,9.85,-1,1,0,0,,
7,150,1.02586318697945,PVC,2017.0,9.85,-1,1,0,0,,
7,150,8.32270062201869,PVC,2017.0,9.85,-1,1,0,0,,
7,150,115.623141923529,PVC,2017.0,9.85,-1,1,0,0,,
7,150,6.29602195855161,PVC,2017.0,9.85,-1,1,0,0,,
7,150,6.16244897521771,PVC,2017.0,9.85,-1,1,0,0,,
7,150,93.6283680972119,PVC,2017.0,9.85,-1,1,0,0,,
7,150,122.428041101754,PVC,2017.0,9.85,-1,1,0,0,,
7,200,49.0600059809486,PVC,2017.0,9.85,-1,1,0,0,,
7,150,58.7065695132837,PVC,2017.0,9.85,-1,1,0,0,,
7,150,11.9667526971853,PVC,2017.0,9.85,-1,1,0,0,,
7,150,15.7083933214947,PVC,2017.0,9.85,-1,1,0,0,,
7,150,26.3616911735997,PVC,2017.0,9.85,-1,1,0,0,,
7,150,118.102425262832,PVC,2017.0,9.85,-1,1,0,0,,
7,200,10.796521438143,PVC,2017.0,9.85,-1,1,0,0,,
7,200,11.6764182565787,PVC,2017.0,9.85,-1,1,0,0,,
7,200,9.62260888379348,PVC,2017.0,9.85,-1,1,0,0,,
7,150,107.417653887883,PVC,2017.0,9.85,-1,1,0,0,,
7,150,16.0071224339335,PVC,2017.0,9.85,-1,1,0,0,,
7,150,6.39354781796512,PVC,2017.0,9.85,-1,1,0,0,,
7,150,70.6442132952851,PVC,2017.0,9.85,-1,1,0,0,,
7,150,5.94692863065275,PVC,2017.0,9.85,-1,1,0,0,,
7,200,24.5526728821533,PVC,2017.0,9.85,-1,1,0,0,,
7,150,6.59151353722285,PVC,2017.0,9.85,-1,1,0,0,,
7,200,66.9488026618404,PVC,2017.0,9.85,-1,1,0,0,,
7,150,6.08092704114849,PVC,2017.0,9.85,-1,1,0,0,,
7,150,1.48702639264478,PVC,2017.0,9.85,-1,6,0,0,,
7,150,70.8099126092801,PVC,2017.0,9.85,-1,6,0,0,,
7,150,71.5996233349064,PVC,2017.0,9.85,-1,6,0,0,,
7,150,1.60212677651068,PVC,2017.0,9.85,-1,6,0,0,,
7,150,1.39984150870722,PVC,2017.0,9.85,-1,6,0,0,,
10,150,53.2970293033115,PVC,2014.0,9.35,-1,1,0,0,,
7,300,6.78553986464287,PVC,2017.0,9.85,-1,1,0,0,,
5,200,6.02095716075854,PVC,2019.0,9.85,-1,1,0,0,,
7,300,59.8815576013516,PVC,2017.0,9.85,-1,1,0,0,,
7,300,36.0853470043138,PVC,2017.0,9.85,-1,1,0,0,,
7,300,16.3063261549619,PVC,2017.0,9.85,-1,1,0,0,,
7,300,29.4187484391532,PVC,2017.0,9.85,-1,1,0,0,,
7,200,40.7267743593887,PVC,2017.0,9.85,-1,1,0,0,,
7,300,79.8343335073167,PVC,2017.0,9.85,-1,1,0,0,,
7,300,12.0383596354685,PVC,2017.0,9.85,-1,1,0,0,,
7,300,13.6822179802303,PVC,2017.0,9.85,-1,1,0,0,,
88,150,5.22415134858708,CI,1936.0,7.75,7,1,0,0,,
88,150,2.55304533687999,CI,1936.0,7.75,6,1,0,0,,
8,150,6.33048003338373,PVC,2016.0,9.85,-1,3,0,0,,
8,300,3.0248459684278,PVC,2016.0,9.85,-1,3,0,0,,
8,300,7.5145780739198,PVC,2016.0,9.85,-1,3,0,0,,
8,150,4.81678862451193,PVC,2016.0,9.85,-1,3,0,0,,
8,300,19.2482361119968,PVC,2016.0,9.85,-1,3,0,0,,
8,150,43.9628914815359,PVC,2016.0,9.85,-1,3,0,0,,
8,150,87.1339129632275,PVC,2016.0,9.85,-1,3,0,0,,
8,150,70.1957370670763,PVC,2016.0,9.85,-1,3,0,0,,
8,150,138.437246680084,PVC,2016.0,9.85,-1,3,0,0,,
8,150,166.627211967177,PVC,2016.0,9.85,-1,3,0,0,,
6,300,37.0258293559391,PVC,2018.0,9.85,-1,1,0,0,,
6,200,13.7000147825681,PVC,2018.0,9.85,-1,1,0,0,,
5,200,32.6891400804968,PVC,2019.0,9.85,-1,1,0,0,,
6,200,52.9464892883738,PVC,2018.0,9.85,-1,1,0,0,,
6,200,68.5026972992005,PVC,2018.0,9.85,-1,1,0,0,,
6,300,140.067276834515,PVC,2018.0,9.85,-1,1,0,0,,
6,300,98.0978696369819,PVC,2018.0,9.85,-1,1,0,0,,
6,300,25.9371415020004,PVC,2018.0,9.85,-1,1,0,0,,
6,300,3.76202001135996,PVC,2018.0,9.85,-1,1,0,0,,
67,300,1.2211550327003,CI,1957.0,7.75,7,1,1,1,-80.5130217558478,43.4450578890457
6,150,2.97055347907201,PVC,2018.0,9.85,-1,1,1,1,-80.4551502886221,43.438688504413
6,150,9.84359321847489,PVC,2018.0,9.85,-1,1,1,1,-80.4551502886221,43.438688504413
6,150,12.6586913656355,PVC,2018.0,9.85,-1,1,0,0,,
6,150,122.483714496586,PVC,2018.0,6.65,-1,1,0,0,,
6,150,227.050614878981,PVC,2018.0,6.65,-1,1,0,0,,
6,150,2.92282050793541,PVC,2018.0,9.85,-1,1,0,0,,
6,150,17.5373978250813,PVC,2018.0,9.85,-1,1,0,0,,
6,150,7.21211260679588,PVC,2018.0,9.85,-1,1,0,0,,
6,150,165.713456449387,PVC,2018.0,9.85,-1,1,0,0,,
6,150,12.9297793768973,PVC,2018.0,9.85,-1,1,0,0,,
6,150,6.97659556193163,PVC,2018.0,9.85,-1,1,0,0,,
6,150,50.9609454670647,PVC,2018.0,9.85,-1,1,0,0,,
6,150,5.92415288439775,PVC,2018.0,9.85,-1,1,0,0,,
6,150,81.4647164575711,PVC,2018.0,9.85,-1,1,0,0,,
6,150,10.025188480023,PVC,2018.0,9.85,-1,1,0,0,,
6,150,74.7923781503563,PVC,2018.0,9.85,-1,1,0,0,,
6,150,72.1951875424546,PVC,2018.0,7.45,-1,1,0,0,,
6,150,68.8944639907279,PVC,2018.0,9.85,-1,1,0,0,,
6,150,5.9338650896784,PVC,2018.0,9.85,-1,1,0,0,,
6,150,15.4917545956047,PVC,2018.0,9.85,-1,1,0,0,,
6,150,64.8120918330735,PVC,2018.0,7.45,-1,1,0,0,,
6,150,212.862728901608,PVC,2018.0,9.85,-1,1,0,0,,
6,150,186.08906160695,PVC,2018.0,9.85,-1,1,0,0,,
6,150,7.04056029944481,PVC,2018.0,5.93,-1,1,0,0,,
6,150,2.97647135253694,PVC,2018.0,9.85,-1,1,0,0,,
7,200,23.804754711108,PVC,2017.0,9.85,-1,2,0,0,,
7,200,85.0001417721735,PVC,2017.0,9.85,-1,2,0,0,,
7,200,15.5259888624275,PVC,2017.0,9.85,-1,2,0,0,,
7,200,8.57404301427594,PVC,2017.0,9.85,-1,2,0,0,,
7,200,190.242965441081,PVC,2017.0,9.85,-1,2,0,0,,
7,150,13.2771154368643,PVC,2017.0,9.85,-1,2,0,0,,
7,150,126.841922719469,PVC,2017.0,9.85,-1,2,0,0,,
7,150,63.7968256141173,PVC,2017.0,9.85,-1,2,0,0,,
7,150,105.255285908232,PVC,2017.0,9.85,-1,2,0,0,,
7,150,140.788294878944,PVC,2017.0,9.85,-1,2,0,0,,
7,450,186.794831484841,PVC,2017.0,9.85,-1,2,0,0,,
7,450,8.57395166875635,PVC,2017.0,9.85,-1,2,0,0,,
7,450,240.109514908384,PVC,2017.0,9.85,-1,2,0,0,,
7,450,10.4228193814855,PVC,2017.0,9.85,-1,2,0,0,,
7,450,33.1276639734256,PVC,2017.0,9.85,-1,2,0,0,,
7,150,1.45895544264633,PVC,2017.0,9.85,-1,2,0,0,,
7,150,11.9999927173441,PVC,2017.0,9.85,-1,2,0,0,,
7,200,1.50001206541908,PVC,2017.0,9.85,-1,2,0,0,,
7,200,1.50001206712053,PVC,2017.0,9.85,-1,2,0,0,,
7,200,4.86500908140697,PVC,2017.0,9.85,-1,2,0,0,,
7,300,42.4887332657604,PVC,2017.0,9.85,-1,2,0,0,,
7,300,17.3041600009734,PVC,2017.0,9.85,-1,2,0,0,,
7,450,32.1641702717296,PVC,2017.0,9.85,-1,2,0,0,,
7,200,60.5446063490989,PVC,2017.0,9.85,-1,2,0,0,,
7,300,121.269547837636,PVC,2017.0,9.85,-1,2,0,0,,
7,300,12.3115229734953,PVC,2017.0,9.85,-1,2,0,0,,
7,200,128.858388087558,PVC,2017.0,9.85,-1,2,0,0,,
9,300,30.9989579436952,PVC,2015.0,9.35,-1,3,0,0,,
9,150,22.9784223746177,PVC,2015.0,9.35,-1,3,0,0,,
9,300,57.3116599833646,PVC,2015.0,9.35,-1,3,0,0,,
9,300,7.46966950555837,PVC,2015.0,9.35,-1,3,0,0,,
9,300,3.73072356157073,PVC,2015.0,9.35,-1,3,0,0,,
9,150,11.0659722495073,PVC,2015.0,9.35,-1,3,0,0,,
9,150,6.80096325732584,PVC,2015.0,9.35,-1,3,0,0,,
9,300,10.590571147806,PVC,2015.0,9.35,-1,3,0,0,,
9,300,38.3548105347526,PVC,2015.0,9.35,-1,3,0,0,,
9,300,34.3701162615291,PVC,2015.0,9.35,-1,3,0,0,,
9,300,19.1333283824818,PVC,2015.0,9.35,-1,3,0,0,,
9,300,12.0080714340654,PVC,2015.0,9.35,-1,3,0,0,,
9,150,7.75904076781917,PVC,2015.0,9.35,-1,3,0,0,,
9,300,63.1656699447197,PVC,2015.0,9.35,-1,3,0,0,,
9,150,6.24952537083733,PVC,2015.0,9.35,-1,3,0,0,,
9,300,76.9617895643562,PVC,2015.0,9.35,-1,3,0,0,,
9,300,54.9950187434426,PVC,2015.0,9.35,-1,3,0,0,,
9,150,178.865040743519,PVC,2015.0,9.35,-1,3,0,0,,
9,300,128.304301741012,PVC,2015.0,9.35,-1,3,0,0,,
9,150,60.0101029590481,PVC,2015.0,9.35,-1,3,0,0,,
9,150,12.2387870693997,PVC,2015.0,9.35,-1,3,0,0,,
9,150,108.586984505431,PVC,2015.0,9.35,-1,3,0,0,,
67,300,60.0493991836781,CI,1957.0,7.75,0,1,2,1,-80.511163515614,43.4425815755989
7,300,11.3584410846373,PVC,2017.0,9.85,-1,1,2,1,-80.511163515614,43.4425815755989
7,200,9.41633516262898,PVC,2017.0,5.93,-1,1,2,1,-80.511163515614,43.4425815755989
7,300,7.38630294845908,PVC,2017.0,9.85,-1,1,0,0,,
7,150,17.0488417571744,PVC,2017.0,9.85,-1,1,4,1,-80.5083630401032,43.4424859209317
7,300,85.7930181239118,PVC,2017.0,9.85,-1,1,0,0,,
7,300,8.87113313255232,PVC,2017.0,9.85,-1,1,0,0,,
7,150,16.4372966666782,PVC,2017.0,9.85,-1,1,0,0,,
7,300,1.90186202013326,PVC,2017.0,9.85,-1,1,0,0,,
7,300,32.8068267884956,PVC,2017.0,9.85,-1,1,0,0,,
7,300,41.6479719919449,PVC,2017.0,6.65,-1,1,0,0,,
7,300,6.06544073459238,PVC,2017.0,9.85,-1,1,2,1,-80.5082739977252,43.4405245182506
7,150,11.0127303975948,PVC,2017.0,9.85,-1,1,2,1,-80.5082739977252,43.4405245182506
7,150,8.91214545300702,PVC,2017.0,9.85,-1,1,0,0,,
7,150,12.3139155427394,PVC,2017.0,9.85,-1,1,0,0,,
7,150,22.8896649943535,PVC,2017.0,9.85,-1,1,1,1,-80.5085746893401,43.4433488031775
7,100,1.19996581700498,PVC,2017.0,9.85,-1,1,2,1,-80.5082739977252,43.4405245182506
7,300,18.9483470689776,PVC,2017.0,9.85,-1,1,0,0,,
7,150,16.2977775720569,PVC,2017.0,9.85,-1,1,0,0,,
7,150,9.39053856836528,PVC,2017.0,9.85,-1,1,0,0,,
7,150,9.74014694361243,PVC,2017.0,9.85,-1,1,0,0,,
7,150,12.5401048057194,PVC,2017.0,5.93,-1,1,2,1,-80.5082739977252,43.4405245182506
7,300,63.5223002813737,PVC,2017.0,9.85,-1,1,0,0,,
7,300,60.1179392307416,PVC,2017.0,9.85,-1,1,0,0,,
7,300,15.9402910420886,PVC,2017.0,9.85,-1,1,0,0,,
7,300,12.7116995117694,PVC,2017.0,9.85,-1,1,0,0,,
7,300,29.2955982589293,PVC,2017.0,9.85,-1,1,2,1,-80.511163515614,43.4425815755989
7,300,1.44996265452831,PVC,2017.0,9.85,-1,1,2,1,-80.511163515614,43.4425815755989
7,300,0.850045705280025,PVC,2017.0,9.85,-1,1,2,1,-80.511163515614,43.4425815755989
7,150,60.8796797387891,PVC,2017.0,9.85,-1,1,0,0,,
7,150,12.2825843461902,PVC,2017.0,5.93,-1,1,0,0,,
7,150,85.1329753398816,PVC,2017.0,9.85,-1,1,0,0,,
7,150,3.49997417783774,PVC,2017.0,9.85,-1,1,1,1,-80.5111803638369,43.4414332268786
7,150,3.37103719517739,PVC,2017.0,9.85,-1,1,0,0,,
7,300,4.80730590849059,PVC,2017.0,9.85,-1,1,0,0,,
7,300,3.25962786489494,PVC,2017.0,9.85,-1,1,0,0,,
34,300,2.96775484224604,DI,1990.0,9.1,7,3,0,0,,
5,200,2.29582966461648,PVC,2019.0,8.5,-1,1,0,0,,
7,300,114.705437625434,PVC,2017.0,9.85,-1,1,0,0,,
7,300,9.31615703837322,PVC,2017.0,9.85,-1,1,1,1,-80.4522628727796,43.4062894158972
7,300,1.02069441530159,PVC,2017.0,9.85,-1,1,0,0,,
7,300,60.9211129125262,PVC,2017.0,9.85,-1,1,0,0,,
7,300,210.845701618118,PVC,2017.0,9.85,-1,1,0,0,,
7,300,83.2026366498006,PVC,2017.0,9.85,-1,1,0,0,,
7,300,9.41695144948948,PVC,2017.0,9.85,-1,1,0,0,,
7,300,218.724414375264,PVC,2017.0,9.85,-1,1,0,0,,
6,300,40.0786066327292,PVC,2018.0,9.85,-1,1,0,0,,
7,300,2.27060011769413,PVC,2017.0,9.85,-1,1,0,0,,
59,450,5.05965819888448,DI,1965.0,8.5,8,1,0,0,,
7,300,94.1580900591476,PVC,2017.0,9.85,-1,1,0,0,,
7,300,64.9586133136233,PVC,2017.0,9.85,-1,1,0,0,,
7,300,3.98462498043616,PVC,2017.0,9.85,-1,1,0,0,,
7,300,12.1213026000663,PVC,2017.0,9.85,-1,1,0,0,,
7,300,11.9589486493102,PVC,2017.0,9.85,-1,1,0,0,,
7,300,168.99059321841,PVC,2017.0,9.85,-1,1,0,0,,
7,300,7.95822307554106,PVC,2017.0,9.85,-1,1,0,0,,
7,300,2.27420566459456,PVC,2017.0,9.85,-1,1,0,0,,
6,300,4.50073271448832,PVC,2018.0,9.85,-1,1,0,0,,
68,150,1.51751426344765,CI,1956.0,7.75,6,1,0,0,,
67,300,4.65061914722422,CI,1957.0,7.75,7,1,1,1,-80.4951496223241,43.4260612837674
7,150,31.4645356682676,HDPE,2017.0,6.2,-1,1,7,1,-80.4718048430121,43.4689796415678
7,150,123.520296459585,HDPE,2017.0,10.0,-1,1,7,1,-80.4718048430121,43.4689796415678
7,150,44.4790115283076,HDPE,2017.0,10.0,-1,1,7,1,-80.4718048430121,43.4689796415678
7,150,22.1351033089261,PVC,2017.0,9.85,-1,1,0,0,,
7,150,41.2311625822384,PVC,2017.0,9.85,-1,1,0,0,,
7,150,13.4632253721706,PVC,2017.0,9.85,-1,1,0,0,,
7,150,45.0991543584042,PVC,2017.0,9.85,-1,1,0,0,,
7,150,126.23256116835,PVC,2017.0,8.25,-1,1,0,0,,
7,150,5.98639245088637,PVC,2017.0,9.85,-1,1,0,0,,
7,150,11.8651148807158,PVC,2017.0,9.85,-1,1,0,0,,
7,150,10.8479035518198,PVC,2017.0,9.85,-1,1,0,0,,
7,150,7.46236801295914,PVC,2017.0,9.85,-1,1,0,0,,
7,150,4.62221509694446,PVC,2017.0,9.85,-1,1,0,0,,
7,150,16.3731409035093,PVC,2017.0,9.85,-1,1,0,0,,
7,150,2.54729291979376,PVC,2017.0,9.85,-1,1,0,0,,
7,150,139.294406386041,PVC,2017.0,9.85,-1,1,0,0,,
7,150,80.623705562284,PVC,2017.0,6.05,-1,1,0,0,,
7,150,183.756114887166,PVC,2017.0,6.25,-1,1,0,0,,
7,150,8.88515453067992,PVC,2017.0,9.85,-1,1,0,0,,
7,150,77.2482233328874,PVC,2017.0,6.65,-1,1,0,0,,
7,150,62.9493797204525,PVC,2017.0,9.85,-1,1,0,0,,
7,150,13.8316581814322,PVC,2017.0,5.93,-1,1,0,0,,
7,150,4.5793631761633,PVC,2017.0,9.85,-1,1,0,0,,
7,150,3.66006823089338,PVC,2017.0,9.85,-1,1,0,0,,
7,150,1.00502562171014,PVC,2017.0,9.85,-1,1,0,0,,
7,150,120.750254252653,PVC,2017.0,9.85,-1,1,0,0,,
7,150,11.5157102086807,PVC,2017.0,9.85,-1,1,0,0,,
7,150,10.382057217232,PVC,2017.0,9.85,-1,1,0,0,,
7,150,74.861570007011,PVC,2017.0,9.85,-1,1,0,0,,
59,300,26.6531125305126,CI,1965.0,7.85,7,1,1,1,-80.4522628727796,43.4062894158972
5,300,77.772296604937,PVC,2019.0,9.85,-1,1,0,0,,
37,600,16.6205581655432,CPP,1987.0,9.35,9,5,0,0,,
26,300,13.9685997899394,PVC,1998.0,9.35,7,3,0,0,,
12,200,47.3155011403369,PVC,2012.0,9.35,-1,6,0,0,,
5,200,14.7336186865991,PVC,2019.0,9.85,-1,2,0,0,,
5,300,0.890112229360227,PVC,2019.0,9.85,-1,1,0,0,,
5,200,0.695552563467487,PVC,2019.0,9.85,-1,2,0,0,,
18,150,15.2530418791313,PVC,2006.0,9.35,-1,0,0,0,,
5,300,1.87552209742076,PVC,2019.0,9.85,-1,2,0,0,,
5,300,1.24995024656569,PVC,2019.0,9.85,-1,1,0,0,,
24,300,1.71885341136814,PVC,2000.0,9.35,7,1,0,0,,
2,150,1.82699977282984,PVC,2022.0,8.9,6,1,4,1,-80.4454659052892,43.4347281661005
5,50,2.91352656673485,PVC,2019.0,9.85,-1,0,2,1,-80.5395612739008,43.4185843386513
5,25,4.51817053771292,PVC,2019.0,9.85,-1,0,0,0,,
5,25,2.66446762068313,PVC,2019.0,9.85,-1,0,0,0,,
6,200,151.413006348353,PVC,2018.0,9.85,-1,6,0,0,,
6,200,128.050771616515,PVC,2018.0,9.85,-1,6,0,0,,
6,200,13.7562363638591,PVC,2018.0,9.85,-1,6,0,0,,
6,200,143.973793743741,PVC,2018.0,9.85,-1,1,1,1,-80.4679476137899,43.4411400757017
7,200,1.66280813571604,PVC,2017.0,9.85,-1,1,1,1,-80.4679476137899,43.4411400757017
6,200,12.362292662108,PVC,2018.0,9.85,-1,1,1,1,-80.4679476137899,43.4411400757017
6,200,63.9830754444937,PVC,2018.0,9.85,-1,1,0,0,,
7,200,12.8414272305442,PVC,2017.0,9.85,-1,1,0,0,,
7,200,15.4732143462342,PVC,2017.0,9.85,-1,1,3,1,-80.4661018745695,43.4420174708815
7,200,51.2137107441774,PVC,2017.0,9.85,-1,1,3,1,-80.4661018745695,43.4420174708815
6,200,16.7549055166015,PVC,2018.0,9.85,-1,1,3,1,-80.4661018745695,43.4420174708815
6,200,85.7530638692114,PVC,2018.0,9.85,-1,1,0,0,,
7,200,12.9828395553345,PVC,2017.0,9.85,-1,1,0,0,,
7,200,7.02153200832141,PVC,2017.0,9.85,-1,1,2,1,-80.4640521831132,43.4428746038396
7,200,50.302416665119,PVC,2017.0,9.85,-1,1,2,1,-80.4640521831132,43.4428746038396
7,200,7.86793183310808,PVC,2017.0,9.85,-1,1,2,1,-80.4640521831132,43.4428746038396
7,200,5.63622139589698,PVC,2017.0,9.85,-1,1,2,1,-80.4640521831132,43.4428746038396
7,200,116.316901415779,PVC,2017.0,9.85,-1,1,6,1,-80.4625768377058,43.4435276206849
7,200,49.8466604428979,PVC,2017.0,9.85,-1,1,6,1,-80.4625768377058,43.4435276206849
7,200,16.0703692119848,PVC,2017.0,9.85,-1,1,6,1,-80.4625768377058,43.4435276206849
7,200,78.8853595935329,PVC,2017.0,9.85,-1,1,2,1,-80.4604051620641,43.4440014758104
7,200,9.82379383201394,PVC,2017.0,9.85,-1,1,2,1,-80.4604051620641,43.4440014758104
7,200,128.266833037964,PVC,2017.0,9.85,-1,1,2,1,-80.4604051620641,43.4440014758104
7,200,12.4313634028188,PVC,2017.0,9.85,-1,1,2,1,-80.4604051620641,43.4440014758104
7,200,1.80332284412496,PVC,2017.0,9.85,-1,1,2,1,-80.4604051620641,43.4440014758104
7,200,14.9085088986918,PVC,2017.0,9.85,-1,1,2,1,-80.4604051620641,43.4440014758104
6,150,8.20863803874639,PVC,2018.0,9.85,-1,1,0,0,,
7,150,14.8892259594155,PVC,2017.0,9.85,-1,1,1,1,-80.4653793603429,43.4412276173476
6,300,6.89965952330571,PVC,2018.0,9.85,-1,1,0,0,,
6,300,3.46039058182187,PVC,2018.0,9.85,-1,1,0,0,,
6,300,12.4154021245564,PVC,2018.0,9.85,-1,1,2,1,-80.4649740546177,43.4420534513683
6,300,1.56843485414179,PVC,2018.0,9.85,-1,1,2,1,-80.4649740546177,43.4420534513683
6,300,3.33538568324086,PVC,2018.0,9.85,-1,1,2,1,-80.4649740546177,43.4420534513683
7,150,9.94983053395868,PVC,2017.0,9.85,-1,1,0,0,,
7,150,6.72590883113101,PVC,2017.0,9.85,-1,1,6,1,-80.4625768377058,43.4435276206849
7,150,21.7428841212927,PVC,2017.0,9.85,-1,1,1,1,-80.4615312104041,43.4439139469534
7,150,2.25925436003091,PVC,2017.0,9.85,-1,1,2,1,-80.4604051620641,43.4440014758104
7,150,3.94387027252566,PVC,2017.0,9.85,-1,1,2,1,-80.4604051620641,43.4440014758104
7,150,0.945165773132479,PVC,2017.0,9.85,-1,1,2,1,-80.4604051620641,43.4440014758104
7,150,23.2095348271237,PVC,2017.0,9.85,-1,1,2,1,-80.4604051620641,43.4440014758104
7,150,1.12762381277098,PVC,2017.0,9.85,-1,1,2,1,-80.4604051620641,43.4440014758104
5,300,51.3233577057764,PVC,2019.0,9.85,-1,1,5,1,-80.4617396003169,43.4381029600039
5,300,99.1917359042645,PVC,2019.0,9.85,-1,1,5,1,-80.4617396003169,43.4381029600039
5,300,80.7246711652667,PVC,2019.0,9.85,-1,1,5,1,-80.4617396003169,43.4381029600039
5,300,18.5831923775635,PVC,2019.0,9.85,-1,1,5,1,-80.4617396003169,43.4381029600039
5,300,63.580322996881,PVC,2019.0,9.85,-1,1,5,1,-80.4617396003169,43.4381029600039
5,300,35.3778317117348,PVC,2019.0,9.85,-1,1,5,1,-80.4617396003169,43.4381029600039
5,300,101.21754952889,PVC,2019.0,9.85,-1,1,1,1,-80.4638240025685,43.43886264226
5,300,19.5205052553625,PVC,2019.0,9.85,-1,1,5,1,-80.4617396003169,43.4381029600039
5,300,0.943666563197936,PVC,2019.0,9.85,-1,1,5,1,-80.4617396003169,43.4381029600039
5,300,1.6107746460705,PVC,2019.0,9.85,-1,1,5,1,-80.4617396003169,43.4381029600039
5,300,69.6497858708233,PVC,2019.0,9.85,-1,1,1,1,-80.4638240025685,43.43886264226
5,300,7.27440258003434,PVC,2019.0,9.85,-1,1,1,1,-80.4638240025685,43.43886264226
5,300,1.15454699728428,PVC,2019.0,9.85,-1,1,1,1,-80.4679476137899,43.4411400757017
6,300,5.80926073534744,PVC,2018.0,9.85,-1,1,1,1,-80.4685771047071,43.4406919665478
5,300,19.8085116403901,PVC,2019.0,9.85,-1,1,1,1,-80.4685771047071,43.4406919665478
6,300,9.12585181009109,PVC,2018.0,9.85,-1,1,1,1,-80.4679476137899,43.4411400757017
5,300,5.59953882552587,PVC,2019.0,9.85,6,1,1,1,-80.4694553215603,43.4412595210635
6,300,8.26082597874643,PVC,2018.0,9.85,7,1,1,1,-80.4694553215603,43.4412595210635
6,300,3.52330431867357,PVC,2018.0,9.85,-1,1,0,0,,
5,300,4.53380366263124,PVC,2019.0,9.85,7,1,0,0,,
6,300,18.3553977658239,PVC,2018.0,9.85,-1,1,0,0,,
5,300,7.01616630687908,PVC,2019.0,9.85,-1,1,0,0,,
6,300,12.5824453149752,PVC,2018.0,9.85,-1,1,0,0,,
6,300,10.9849216682872,PVC,2018.0,9.85,-1,1,0,0,,
6,300,6.22931156768631,PVC,2018.0,9.85,-1,1,1,1,-80.4702394414622,43.4413579372855
5,300,65.171929143343,PVC,2019.0,9.85,-1,1,1,1,-80.4702394414622,43.4413579372855
102,150,73.5044735137662,CI,1922.0,5.35,7,1,1,1,-80.4702394414622,43.4413579372855
6,300,13.3600445100549,PVC,2018.0,9.85,-1,1,1,1,-80.4702394414622,43.4413579372855
5,150,5.62869191350983,DI,2019.0,9.1,-1,3,0,0,,
5,450,10.4278728724482,PVC,2019.0,9.85,-1,3,0,0,,
5,0,26.4730311747372,PVC,2019.0,9.85,-1,3,0,0,,
5,450,6.33211477588626,PVC,2019.0,9.85,-1,3,0,0,,
5,450,137.196477360503,PVC,2019.0,9.85,-1,3,0,0,,
5,750,220.939881343765,CPP,2019.0,9.55,-1,3,0,0,,
5,750,171.684000642822,CPP,2019.0,9.55,-1,3,0,0,,
5,750,349.879793415631,CPP,2019.0,9.55,-1,3,0,0,,
5,750,566.796308471882,CPP,2019.0,9.55,-1,3,0,0,,
5,750,359.343113864207,CPP,2019.0,9.55,-1,3,0,0,,
5,300,1.84830570428807,DI,2019.0,9.1,-1,3,0,0,,
5,300,3.97686822258983,DI,2019.0,9.1,-1,3,0,0,,
5,300,3.90738089574958,DI,2019.0,9.1,-1,3,0,0,,
5,300,2.91278556227156,PVC,2019.0,9.85,-1,3,0,0,,
5,300,10.203596558156,PVC,2019.0,9.85,-1,3,0,0,,
5,600,4.04165910519209,CPP,2019.0,9.55,-1,3,0,0,,
5,150,3.83928176876797,DI,2019.0,9.1,-1,3,0,0,,
5,300,4.66751301333869,PVC,2019.0,9.85,-1,3,0,0,,
5,150,8.96495526333456,DI,2019.0,9.1,-1,3,0,0,,
6,300,105.474517998592,PVC,2018.0,9.85,-1,1,0,0,,
6,300,0.730142451590916,PVC,2018.0,9.85,-1,1,0,0,,
6,300,0.998840072334348,PVC,2018.0,9.85,-1,1,0,0,,
28,150,2.0361325883655,DI,1996.0,9.1,6,1,0,0,,
5,150,51.6765726419603,PVC,2019.0,9.85,-1,1,0,0,,
6,150,8.42409331794434,PVC,2018.0,9.85,-1,1,4,1,-80.5290564056373,43.4515586050424
6,150,93.6414367284686,PVC,2018.0,9.85,-1,1,4,1,-80.5290564056373,43.4515586050424
5,150,11.9804119306122,PVC,2019.0,9.85,-1,1,6,1,-80.5311855666512,43.4509565925793
6,150,6.81701410126952,PVC,2018.0,9.85,-1,1,2,1,-80.5283846515824,43.450519783755
6,150,7.78842302646362,PVC,2018.0,5.93,-1,1,2,1,-80.5283846515824,43.450519783755
6,150,11.3292350827682,PVC,2018.0,9.85,-1,1,7,1,-80.5283658132788,43.4508692500301
120,200,0.500013299679957,PVC,1904.0,9.05,-1,1,0,0,,
5,150,6.77600315534491,PVC,2019.0,9.85,-1,1,0,0,,
6,150,7.86798346872533,PVC,2018.0,9.85,-1,1,0,0,,
6,150,61.2285331813445,PVC,2018.0,9.85,-1,1,0,0,,
6,150,12.4613062724307,PVC,2018.0,9.85,-1,1,0,0,,
6,150,88.1067835750147,PVC,2018.0,9.85,-1,1,0,0,,
6,150,12.5999520335073,PVC,2018.0,9.85,-1,1,0,0,,
6,150,87.0288009685214,PVC,2018.0,9.85,-1,1,0,0,,
6,150,9.40077486472534,PVC,2018.0,9.85,-1,1,0,0,,
6,150,128.086748130432,PVC,2018.0,9.85,-1,1,0,0,,
6,150,114.502074319088,PVC,2018.0,9.85,-1,1,0,0,,
6,150,6.06146711442131,PVC,2018.0,9.85,-1,1,0,0,,
6,150,19.8997133691467,PVC,2018.0,9.85,-1,1,0,0,,
6,150,121.721707371258,PVC,2018.0,9.85,-1,1,2,1,-80.5108514647165,43.4444325316896
6,150,102.318117371296,PVC,2018.0,9.85,-1,1,2,1,-80.5108514647165,43.4444325316896
6,150,7.9110051033969,PVC,2018.0,9.85,-1,1,2,1,-80.5108514647165,43.4444325316896
6,150,0.745511938687807,PVC,2018.0,9.85,-1,1,0,0,,
6,150,6.6182849333564,PVC,2018.0,9.85,-1,1,0,0,,
6,150,13.5257927094124,PVC,2018.0,9.85,-1,1,0,0,,
6,300,2.99144487852654,PVC,2018.0,9.85,-1,1,0,0,,
6,300,7.24745233276322,PVC,2018.0,9.85,-1,1,0,0,,
6,150,16.7295168335994,PVC,2018.0,9.85,-1,1,0,0,,
27,150,5.56932253931192,DI,1997.0,9.1,6,0,0,0,,
8,300,4.83191930569213,PVC,2016.0,9.85,-1,1,0,0,,
29,450,56.2627191657358,PVC,1995.0,9.35,7,0,0,0,,
29,450,0.85149668836934,PVC,1995.0,9.35,7,0,0,0,,
7,150,12.8486630675079,PVC,2017.0,9.85,-1,1,4,1,-80.4906316876566,43.4318729251734
7,150,2.28046934182064,PVC,2017.0,9.85,-1,1,0,0,,
7,150,12.1591758361953,PVC,2017.0,9.85,-1,1,1,1,-80.4924800082948,43.4336129698505
7,150,5.60453173935554,PVC,2017.0,9.85,-1,1,1,1,-80.4932950275833,43.4348291309817
7,150,9.67112606108487,PVC,2017.0,9.85,-1,1,4,1,-80.4916539914871,43.4350659566065
7,150,21.0226134523392,PVC,2017.0,9.85,-1,1,0,0,,
7,150,13.010432821326,PVC,2017.0,9.85,-1,1,0,0,,
7,150,76.9919617192312,PVC,2017.0,9.85,-1,1,1,1,-80.4932950275833,43.4348291309817
7,150,69.8160617263176,PVC,2017.0,9.85,-1,1,4,1,-80.4906316876566,43.4318729251734
7,150,86.3940137310197,PVC,2017.0,9.85,-1,1,1,1,-80.4916889307398,43.4328895977238
7,150,184.008338552296,PVC,2017.0,9.85,-1,1,1,1,-80.4924800082948,43.4336129698505
7,150,13.3694185669175,PVC,2017.0,9.85,-1,1,1,1,-80.4924800082948,43.4336129698505
4,150,1.64505115352508,PVC,2020.0,9.85,-1,1,0,0,,
4,150,6.45182920998357,PVC,2020.0,9.85,-1,1,4,1,-80.4916539914871,43.4350659566065
4,150,5.81646356933612,PVC,2020.0,9.85,-1,1,0,0,,
4,150,3.301325324697,PVC,2020.0,9.85,-1,1,0,0,,
7,150,12.4150859405642,PVC,2017.0,9.85,-1,1,1,1,-80.4932950275833,43.4348291309817
7,150,11.4146330018359,PVC,2017.0,9.85,-1,1,1,1,-80.4916889307398,43.4328895977238
7,150,96.8309671468614,PVC,2017.0,9.85,-1,1,4,1,-80.4906316876566,43.4318729251734
7,150,7.2268849647909,PVC,2017.0,9.85,-1,1,1,1,-80.4916889307398,43.4328895977238
76,150,10.3993370330037,CI,1948.0,3.83,7,1,8,1,-80.48671013991,43.477636586035
10,150,14.0382152303105,PVC,2014.0,9.35,-1,1,0,0,,
10,150,0.340292241912842,PVC,2014.0,9.35,-1,1,8,1,-80.48671013991,43.477636586035
10,150,5.96245356619862,PVC,2014.0,9.35,-1,1,8,1,-80.48671013991,43.477636586035
10,150,1.23765272149636,PVC,2014.0,9.35,-1,1,8,1,-80.48671013991,43.477636586035
10,150,80.5698762592944,PVC,2014.0,9.35,-1,1,3,1,-80.492606969342,43.4772283210493
10,150,188.787905475153,PVC,2014.0,9.35,-1,1,3,1,-80.4908129581743,43.4749735954509
10,150,5.61000272880868,PVC,2014.0,9.35,-1,1,3,1,-80.4908129581743,43.4749735954509
10,150,17.5930338177239,PVC,2014.0,9.35,-1,1,5,1,-80.490886709758,43.4771555131142
10,150,185.495409477609,PVC,2014.0,9.35,-1,1,5,1,-80.490886709758,43.4771555131142
10,150,84.0968089367488,PVC,2014.0,9.35,-1,1,5,1,-80.490886709758,43.4771555131142
10,150,11.693388647328,PVC,2014.0,9.35,-1,1,5,1,-80.490886709758,43.4771555131142
10,150,62.462071439615,PVC,2014.0,9.35,-1,1,8,1,-80.48671013991,43.477636586035
10,150,1.12479943079906,PVC,2014.0,9.35,-1,1,8,1,-80.48671013991,43.477636586035
10,150,63.8518596223247,PVC,2014.0,9.35,-1,1,8,1,-80.48671013991,43.477636586035
10,150,191.611914251234,PVC,2014.0,9.35,-1,1,8,1,-80.48671013991,43.477636586035
5,300,1.06790135412113,PVC,2019.0,9.85,8,1,0,0,,
5,300,21.0922568263868,PVC,2019.0,9.85,7,1,0,0,,
5,300,9.02800798576551,PVC,2019.0,9.85,7,1,0,0,,
5,300,9.13245625944456,PVC,2019.0,9.85,7,1,0,0,,
5,300,21.9620650966111,PVC,2019.0,9.85,8,1,0,0,,
5,300,83.787947850729,PVC,2019.0,9.85,8,1,4,1,-80.5084701465376,43.4561093732593
5,300,87.5217207980975,PVC,2019.0,9.85,8,1,4,1,-80.5084701465376,43.4561093732593
5,300,76.271270490909,PVC,2019.0,9.85,8,1,4,1,-80.5084701465376,43.4561093732593
5,300,13.7927221756104,PVC,2019.0,9.85,8,1,0,0,,
5,300,53.5645139638472,PVC,2019.0,9.85,8,1,0,0,,
5,300,11.2691369245611,PVC,2019.0,9.85,8,1,0,0,,
5,300,53.1926957415752,PVC,2019.0,9.85,8,1,0,0,,
5,300,18.093043313021,PVC,2019.0,9.85,8,1,0,0,,
5,300,90.4939907441032,PVC,2019.0,9.85,8,1,0,0,,
5,300,6.93086453833471,PVC,2019.0,9.85,8,1,2,1,-80.5040380169878,43.4547182209316
5,300,87.7683686943975,PVC,2019.0,9.85,9,1,4,1,-80.5084701465376,43.4561093732593
5,300,0.743280795109789,PVC,2019.0,9.85,8,1,0,0,,
5,300,90.8478681226725,PVC,2019.0,9.85,8,1,1,1,-80.5011401405147,43.4537792581654
5,300,14.7115110877676,PVC,2019.0,9.85,8,1,0,0,,
5,300,0.992765355113158,PVC,2019.0,9.85,8,1,0,0,,
5,300,35.4637307730076,PVC,2019.0,9.85,8,1,0,0,,
5,300,5.78835286941799,PVC,2019.0,9.85,6,1,0,0,,
5,300,72.221170922637,PVC,2019.0,9.85,8,1,0,0,,
5,300,4.50078077044442,PVC,2019.0,9.85,8,1,0,0,,
5,300,18.6747730390884,PVC,2019.0,9.85,8,1,4,1,-80.5084701465376,43.4561093732593
5,300,75.0662497508831,PVC,2019.0,9.85,8,1,0,0,,
5,300,0.877516705560668,PVC,2019.0,9.85,8,1,0,0,,
5,300,13.5814338469008,PVC,2019.0,9.85,8,1,0,0,,
5,300,0.742619052674193,PVC,2019.0,9.85,-1,1,0,0,,
5,250,1.96325564069407,PVC,2019.0,9.85,-1,1,0,0,,
5,300,14.4827539647962,PVC,2019.0,9.85,8,1,0,0,,
5,300,1.46668910971195,PVC,2019.0,9.85,8,1,2,1,-80.5040380169878,43.4547182209316
5,300,14.478709517669,PVC,2019.0,9.85,8,1,2,1,-80.5040380169878,43.4547182209316
5,300,2.18827502939056,PVC,2019.0,9.85,8,1,0,0,,
6,300,4.93237184859381,PVC,2018.0,9.85,6,1,0,0,,
6,300,10.6925127072536,PVC,2018.0,9.85,6,1,0,0,,
5,300,8.01368361911444,PVC,2019.0,9.85,7,1,1,1,-80.5138584638292,43.4568092119606
5,300,0.799777431755274,PVC,2019.0,9.85,7,1,1,1,-80.5138584638292,43.4568092119606
5,300,2.23416602159692,PVC,2019.0,9.85,-1,1,1,1,-80.5138584638292,43.4568092119606
5,300,85.1769865645685,PVC,2019.0,9.85,8,1,0,0,,
5,300,67.5853385943497,PVC,2019.0,9.85,8,1,0,0,,
6,300,3.41010119475916,DI,2018.0,9.1,-1,1,2,1,-80.5011314776792,43.4534449678563
5,300,1.77431950317562,PVC,2019.0,9.85,-1,1,2,1,-80.5011314776792,43.4534449678563
5,300,31.823835284049,DI,2019.0,9.1,-1,1,1,1,-80.5011401405147,43.4537792581654
5,300,60.6751194720373,PVC,2019.0,9.85,8,1,2,1,-80.5011314776792,43.4534449678563
5,300,59.9859332270215,DI,2019.0,9.1,8,1,0,0,,
5,300,1.50740567211001,DI,2019.0,9.1,8,1,1,1,-80.5011401405147,43.4537792581654
5,300,32.5628821881817,PVC,2019.0,9.85,-1,1,0,0,,
5,300,2.60162830852934,PVC,2019.0,9.85,-1,1,0,0,,
5,300,25.7048112876223,PVC,2019.0,9.85,8,1,2,1,-80.5011314776792,43.4534449678563
5,300,54.2950670812431,DI,2019.0,9.1,8,1,2,1,-80.5011314776792,43.4534449678563
5,300,97.8310656163779,DI,2019.0,9.1,8,1,2,1,-80.5011314776792,43.4534449678563
5,300,26.811324258405,PVC,2019.0,9.85,8,1,2,1,-80.5011314776792,43.4534449678563
5,300,10.388274032363,PVC,2019.0,9.85,-1,1,0,0,,
9,300,91.978056913476,PVC,2015.0,9.35,6,1,0,0,,
70,150,0.505855562698619,CI,1954.0,7.75,5,1,0,0,,
5,150,225.33720763627,PVC,2019.0,9.85,-1,1,3,1,-80.497472566038,43.4626656541394
5,150,9.85116108870364,PVC,2019.0,9.85,-1,1,3,1,-80.497472566038,43.4626656541394
5,150,136.923970784625,PVC,2019.0,9.85,-1,1,3,1,-80.497472566038,43.4626656541394
58,150,82.8742324023942,CI,1966.0,4.25,6,1,4,1,-80.4535715041152,43.4440916819636
5,150,9.82161745166085,PVC,2019.0,9.85,-1,1,4,1,-80.4535715041152,43.4440916819636
5,150,79.2924693436778,PVC,2019.0,9.85,-1,1,4,1,-80.4535715041152,43.4440916819636
5,150,4.65552682271204,PVC,2019.0,9.85,-1,1,0,0,,
5,150,2.29349283426838,PVC,2019.0,9.85,-1,1,0,0,,
5,150,95.4528882714993,PVC,2019.0,9.85,-1,1,0,0,,
5,150,1.30003677671027,PVC,2019.0,9.85,-1,1,4,1,-80.4535715041152,43.4440916819636
5,150,4.81887985639383,PVC,2019.0,9.85,-1,1,0,0,,
5,150,54.7277145850943,PVC,2019.0,9.85,-1,1,4,1,-80.4535715041152,43.4440916819636
20,600,2.1571051276187,CPP,2004.0,9.55,0,1,0,0,,
84,150,92.7692953825259,CI,1940.0,2.3,8,1,2,1,-80.4772077995554,43.4441809249089
50,150,28.9496538122236,CI,1974.0,4.3,8,1,1,1,-80.4923163202927,43.4524466187083
61,600,92.3397650982294,CPP,1963.0,9.15,0,1,1,1,-80.4722872790069,43.4411899423904
12,300,51.1358256827324,HDPE,2012.0,7.2,7,1,8,1,-80.4696803766481,43.4252905168289
72,150,9.89743594611862,DI,1952.0,4.58,-1,1,13,1,-80.4702101918554,43.442720365882
55,450,43.0250106286257,DI,1969.0,8.5,8,1,0,0,,
55,450,13.7231150734271,DI,1969.0,8.5,8,1,0,0,,
5,300,9.48966792125654,PVC,2019.0,9.85,8,1,2,1,-80.5011314776792,43.4534449678563
5,300,0.949982953203968,PVC,2019.0,9.85,8,1,2,1,-80.5011314776792,43.4534449678563
5,300,4.82583493007015,PVC,2019.0,9.85,8,1,2,1,-80.5011314776792,43.4534449678563
5,300,24.8534755432187,PVC,2019.0,9.85,8,1,0,0,,
5,300,109.082339183786,PVC,2019.0,9.85,8,1,0,0,,
5,300,3.28045587287683,PVC,2019.0,9.85,7,1,0,0,,
5,150,14.315773632676,PVC,2019.0,9.85,8,1,0,0,,
5,150,0.804574384606535,PVC,2019.0,9.85,8,1,0,0,,
5,150,2.95741649359356,PVC,2019.0,9.85,8,1,2,1,-80.4941668502505,43.4525934119519
5,300,70.2189658700305,PVC,2019.0,9.85,7,1,0,0,,
5,300,6.51614599320305,PVC,2019.0,9.85,7,1,0,0,,
5,300,22.9965999110574,PVC,2019.0,9.85,7,1,0,0,,
5,300,2.9136385739914,PVC,2019.0,9.85,7,1,0,0,,
5,300,1.38419973287187,PVC,2019.0,9.85,8,1,1,1,-80.4923163202927,43.4524466187083
5,300,13.2279574732269,PVC,2019.0,9.85,8,1,0,0,,
4,300,7.49892745557769,PVC,2020.0,9.85,8,1,0,0,,
5,300,14.3778040570944,PVC,2019.0,9.85,8,1,1,1,-80.4923163202927,43.4524466187083
5,300,16.6190363870396,PVC,2019.0,9.85,8,1,1,1,-80.4935964655047,43.4526341857606
5,300,1.16258844020509,PVC,2019.0,9.85,8,1,1,1,-80.4923163202927,43.4524466187083
5,300,81.4216717013468,PVC,2019.0,9.85,8,1,1,1,-80.4923163202927,43.4524466187083
5,300,98.304448039851,PVC,2019.0,9.85,8,1,1,1,-80.4935964655047,43.4526341857606
5,300,2.40384407572511,PVC,2019.0,9.85,8,1,1,1,-80.4914894292715,43.4520753623503
5,300,3.39908125360869,PVC,2019.0,9.85,8,1,1,1,-80.4914894292715,43.4520753623503
5,150,4.5219033900446,PVC,2019.0,9.85,7,1,0,0,,
5,150,1.22954928760095,PVC,2019.0,9.85,8,1,4,1,-80.4905357922123,43.4517440081643
5,150,15.9264031419108,PVC,2019.0,9.85,8,1,0,0,,
5,300,15.3009558693869,PVC,2019.0,9.85,8,1,1,1,-80.4892112609768,43.4519330121608
5,300,0.899351321155895,PVC,2019.0,9.85,8,1,4,1,-80.4905357922123,43.4517440081643
5,150,6.66374246805468,PVC,2019.0,9.85,8,1,0,0,,
6,300,7.99787704209633,PVC,2018.0,9.85,7,1,0,0,,
6,300,0.98670474747823,PVC,2018.0,9.85,7,1,0,0,,
6,300,18.1283086716622,PVC,2018.0,9.85,8,1,0,0,,
5,300,14.2873353940978,PVC,2019.0,9.85,8,1,1,1,-80.4923163202927,43.4524466187083
5,300,2.50595152745317,PVC,2019.0,9.85,8,1,4,1,-80.4905357922123,43.4517440081643
5,300,2.9861554368307,PVC,2019.0,9.85,8,1,4,1,-80.4905357922123,43.4517440081643
5,300,150.785709749276,PVC,2019.0,9.85,8,1,4,1,-80.4905357922123,43.4517440081643
5,300,9.2334544810655,PVC,2019.0,9.85,8,1,4,1,-80.4905357922123,43.4517440081643
6,300,2.14952066295505,PVC,2018.0,9.85,7,1,0,0,,
6,300,4.56552837055416,PVC,2018.0,9.85,7,1,0,0,,
5,300,53.813106831846,PVC,2019.0,9.85,7,1,2,1,-80.4880143983183,43.4507268653523
5,300,1.36408219673689,PVC,2019.0,9.85,8,1,4,1,-80.4905357922123,43.4517440081643
5,300,54.5006441603178,PVC,2019.0,9.85,7,1,2,1,-80.4880143983183,43.4507268653523
5,300,12.3271953321361,PVC,2019.0,9.85,8,1,0,0,,
5,300,99.2586084667023,PVC,2019.0,9.85,8,1,0,0,,
5,300,10.0426168173027,PVC,2019.0,9.85,7,1,0,0,,
5,300,14.4792567129304,PVC,2019.0,9.85,7,1,0,0,,
5,300,1.06617156319199,PVC,2019.0,9.85,7,1,0,0,,
6,300,8.7039856108452,PVC,2018.0,9.85,8,1,0,0,,
5,300,12.339205622897,PVC,2019.0,9.85,7,1,2,1,-80.4880143983183,43.4507268653523
5,300,3.97512022001805,PVC,2019.0,9.85,8,1,0,0,,
5,150,9.37406327318417,PVC,2019.0,9.85,5,1,2,1,-80.4881495424015,43.4500063381358
5,300,59.9975141937549,PVC,2019.0,9.85,8,1,0,0,,
5,200,0.61903384370762,PVC,2019.0,9.85,8,1,0,0,,
5,200,6.59780839721949,PVC,2019.0,9.85,7,1,0,0,,
5,300,1.01212155944801,PVC,2019.0,9.85,8,1,0,0,,
5,300,21.0122318882557,PVC,2019.0,9.85,8,1,0,0,,
5,300,9.68666526725339,PVC,2019.0,9.85,8,1,0,0,,
5,300,19.6808424363416,PVC,2019.0,9.85,7,1,0,0,,
5,300,10.4060192052095,PVC,2019.0,9.85,8,1,0,0,,
5,300,52.4566702377549,PVC,2019.0,9.85,8,1,0,0,,
5,300,35.8037030897202,PVC,2019.0,9.85,8,1,0,0,,
5,300,53.0283206099793,PVC,2019.0,9.85,8,1,0,0,,
5,300,24.4200731364842,PVC,2019.0,9.85,8,1,1,1,-80.4864886392405,43.4508466287373
5,300,75.5175558941132,PVC,2019.0,9.85,8,1,0,0,,
6,300,92.3096368384158,DI,2018.0,9.1,8,1,0,0,,
5,300,1.04419433573233,PVC,2019.0,9.85,8,1,0,0,,
5,600,36.5168680541522,PVC,2019.0,9.85,8,1,0,0,,
5,600,78.9974358245725,PVC,2019.0,9.85,-1,1,0,0,,
5,600,14.7158083688115,DI,2019.0,9.1,8,1,0,0,,
5,300,5.25973266560359,PVC,2019.0,9.85,-1,1,0,0,,
5,300,3.49496106567985,DI,2019.0,9.1,8,1,0,0,,
5,300,5.59617378882267,DI,2019.0,9.1,8,1,0,0,,
5,300,0.64045087980222,PVC,2019.0,9.85,8,1,0,0,,
5,300,1.22330993630682,DI,2019.0,9.1,8,1,0,0,,
5,300,19.0473096894221,DI,2019.0,9.1,8,1,2,1,-80.4954012664397,43.4502453306233
5,450,1.45499322951055,DI,2019.0,9.1,8,1,0,0,,
5,450,2.4099328121924,DI,2019.0,9.1,8,1,0,0,,
5,450,3.0435811235673,DI,2019.0,9.1,8,1,0,0,,
5,300,1.85710943406977,DI,2019.0,9.1,8,1,0,0,,
5,300,5.10806415694574,DI,2019.0,9.1,-1,1,0,0,,
5,450,5.07376484515237,DI,2019.0,9.1,8,1,0,0,,
5,450,10.8834567766066,DI,2019.0,9.1,8,1,0,0,,
5,450,12.6123834777347,PVC,2019.0,9.85,8,1,0,0,,
5,300,25.1999640533552,DI,2019.0,9.1,8,1,0,0,,
5,300,1.47182988775359,PVC,2019.0,9.85,8,1,0,0,,
5,300,13.5760180591192,DI,2019.0,9.1,8,1,0,0,,
6,300,30.2313783696952,DI,2018.0,9.1,8,1,0,0,,
5,300,9.83528578639596,DI,2019.0,9.1,8,1,0,0,,
5,300,76.7077525752904,DI,2019.0,9.1,8,1,0,0,,
5,300,70.5396704146884,PVC,2019.0,9.85,8,1,0,0,,
5,300,6.28041532450764,DI,2019.0,9.1,8,1,0,0,,
5,600,1.02619750587809,PVC,2019.0,9.85,8,1,0,0,,
5,600,22.6465302090378,PVC,2019.0,9.85,8,1,0,0,,
6,600,3.78479059004697,PVC,2018.0,9.85,8,1,0,0,,
5,600,109.917959732567,DI,2019.0,9.1,8,1,0,0,,
6,600,24.8684132366585,DI,2018.0,9.1,8,1,0,0,,
5,300,22.4100576917432,DI,2019.0,9.1,8,1,0,0,,
5,600,69.5037799333452,DI,2019.0,9.1,8,1,0,0,,
5,600,95.2500603908483,DI,2019.0,9.1,8,1,0,0,,
5,600,12.7060201655768,DI,2019.0,9.1,8,1,0,0,,
5,300,15.3101165043286,DI,2019.0,9.1,8,1,0,0,,
5,300,16.5702162453118,DI,2019.0,9.1,8,1,0,0,,
5,300,140.493324924689,DI,2019.0,9.1,8,1,0,0,,
6,300,1.34953103313025,PVC,2018.0,9.85,8,1,0,0,,
5,300,25.8977301413309,PVC,2019.0,9.85,8,1,0,0,,
5,300,4.7638742481511,PVC,2019.0,9.85,8,1,1,1,-80.4911694366688,43.4493597627124
5,300,19.6582077828512,DI,2019.0,9.1,8,1,1,1,-80.4911694366688,43.4493597627124
5,300,8.56692093730049,DI,2019.0,9.1,8,1,0,0,,
5,300,3.98815424421893,PVC,2019.0,9.85,8,1,0,0,,
5,300,15.3387675201587,PVC,2019.0,9.85,8,1,0,0,,
5,300,4.67977237007198,DI,2019.0,9.1,8,1,1,1,-80.4884319990736,43.4484473973326
5,300,10.8646770445439,PVC,2019.0,9.85,8,1,1,1,-80.4897977986159,43.4490799814751
5,300,155.785475116218,DI,2019.0,9.1,8,1,0,0,,
5,300,9.66310356934129,DI,2019.0,9.1,8,1,0,0,,
5,300,17.5683922676451,DI,2019.0,9.1,8,1,0,0,,
5,300,84.6874833630313,DI,2019.0,9.1,8,1,0,0,,
5,600,445.28346228731,DI,2019.0,9.1,8,1,0,0,,
6,600,23.7888094595074,PVC,2018.0,9.85,8,1,0,0,,
5,600,259.967328246891,PVC,2019.0,9.85,8,1,0,0,,
5,300,12.7710840697445,DI,2019.0,9.1,8,1,0,0,,
5,300,115.6405839155,PVC,2019.0,9.85,8,1,1,1,-80.4884319990736,43.4484473973326
5,300,12.1943339274353,PVC,2019.0,9.85,8,1,0,0,,
5,300,11.2235742514496,PVC,2019.0,9.85,-1,1,0,0,,
5,300,1.97192702955008,DI,2019.0,9.1,8,1,0,0,,
5,300,2.04056188797905,DI,2019.0,9.1,8,1,0,0,,
5,300,24.8119959096043,PVC,2019.0,9.85,8,1,1,1,-80.4884319990736,43.4484473973326
5,600,1.92467943298505,DI,2019.0,9.1,-1,1,0,0,,
5,300,75.7878662516249,PVC,2019.0,9.85,8,1,0,0,,
5,300,15.44365058457,PVC,2019.0,9.85,-1,1,0,0,,
5,300,18.4183749977772,PVC,2019.0,9.85,8,1,0,0,,
5,300,0.445045479539038,PVC,2019.0,9.85,8,1,0,0,,
5,300,0.457746928566655,PVC,2019.0,9.85,8,1,0,0,,
5,300,1.18723430192297,PVC,2019.0,9.85,8,1,1,1,-80.4884319990736,43.4484473973326
5,300,9.61951459327144,PVC,2019.0,9.85,8,1,0,0,,
5,300,101.038887464059,PVC,2019.0,9.85,8,1,0,0,,
6,300,86.666234242973,PVC,2018.0,9.85,8,1,0,0,,
5,300,90.1498425184949,PVC,2019.0,9.85,8,1,0,0,,
6,150,4.35378442416768,PVC,2018.0,9.85,8,1,0,0,,
5,150,0.422367092661134,PVC,2019.0,9.85,7,1,1,1,-80.4818708526422,43.4454849431178
5,150,27.356522069424,PVC,2019.0,9.85,8,1,1,1,-80.4818708526422,43.4454849431178
5,300,5.77335691646279,PVC,2019.0,9.85,8,1,1,1,-80.4825746617397,43.4462093707329
5,600,224.612294645349,PVC,2019.0,9.85,8,1,1,1,-80.4804437796416,43.4447965303976
5,300,132.742309026254,PVC,2019.0,9.85,8,1,0,0,,
5,300,13.0795083315801,PVC,2019.0,9.85,8,1,1,1,-80.4825746617397,43.4462093707329
5,300,52.6800830767259,PVC,2019.0,9.85,8,1,0,0,,
5,300,5.49278727208593,PVC,2019.0,9.85,7,1,1,1,-80.4818708526422,43.4454849431178
5,300,22.2637623147948,PVC,2019.0,9.85,7,1,1,1,-80.4804437796416,43.4447965303976
5,300,108.877796463058,PVC,2019.0,9.85,8,1,0,0,,
5,600,3.90274687520117,PVC,2019.0,9.85,8,1,0,0,,
5,300,155.257638209061,PVC,2019.0,9.85,7,1,1,1,-80.4804437796416,43.4447965303976
5,300,35.1526745201783,PVC,2019.0,9.85,7,1,1,1,-80.4818708526422,43.4454849431178
5,300,9.80477510834625,PVC,2019.0,9.85,-1,1,1,1,-80.4818708526422,43.4454849431178
5,300,1.67328900372428,PVC,2019.0,9.85,7,1,1,1,-80.4818708526422,43.4454849431178
5,600,321.276969180575,PVC,2019.0,9.85,8,1,0,0,,
5,300,8.20106321206699,PVC,2019.0,9.85,7,1,0,0,,
5,300,2.24553219182512,PVC,2019.0,9.85,8,1,1,1,-80.4744955824631,43.4421228332765
5,300,2.01094773704711,PVC,2019.0,9.85,8,1,1,1,-80.4744955824631,43.4421228332765
5,150,6.92836610530549,PVC,2019.0,9.85,8,1,2,1,-80.4789354452969,43.4412556181755
5,150,0.870962916664692,PVC,2019.0,9.85,8,1,2,1,-80.4789354452969,43.4412556181755
5,300,17.7851741117273,PVC,2019.0,9.85,8,1,2,1,-80.4789354452969,43.4412556181755
5,300,62.4288786555472,PVC,2019.0,9.85,8,1,1,1,-80.4744955824631,43.4421228332765
5,600,119.042174610627,PVC,2019.0,9.85,8,1,1,1,-80.4744955824631,43.4421228332765
5,300,6.7977789356468,PVC,2019.0,9.85,8,1,2,1,-80.4789354452969,43.4412556181755
5,300,172.655433894819,PVC,2019.0,9.85,8,1,1,1,-80.4744955824631,43.4421228332765
5,300,21.5576293687919,PVC,2019.0,9.85,8,1,4,1,-80.4741232551701,43.4424583236709
5,300,1.5879104023877,PVC,2019.0,9.85,-1,1,4,1,-80.4741232551701,43.4424583236709
5,600,33.1654149566742,PVC,2019.0,9.85,7,1,1,1,-80.4744955824631,43.4421228332765
5,600,14.1905065075745,PVC,2019.0,9.85,8,1,1,1,-80.4744955824631,43.4421228332765
5,300,1.30014053357494,PVC,2019.0,9.85,8,1,1,1,-80.4744955824631,43.4421228332765
5,300,3.4888622122308,PVC,2019.0,9.85,8,1,1,1,-80.4744955824631,43.4421228332765
5,300,14.1328134568546,PVC,2019.0,9.85,8,1,1,1,-80.4744955824631,43.4421228332765
5,600,193.177179811624,PVC,2019.0,9.85,8,1,5,1,-80.4733351760869,43.44164879554
5,300,0.913289986973338,PVC,2019.0,9.85,8,1,1,1,-80.4744955824631,43.4421228332765
5,300,0.654860176878057,PVC,2019.0,9.85,8,1,1,1,-80.4744955824631,43.4421228332765
5,300,10.7647276290887,PVC,2019.0,9.85,8,1,1,1,-80.4744955824631,43.4421228332765
5,300,0.891072669030735,PVC,2019.0,9.85,8,1,0,0,,
5,150,3.79326110152059,PVC,2019.0,9.85,8,1,10,1,-80.4805670506012,43.4429317955209
5,150,5.22205469933056,PVC,2019.0,9.85,8,1,10,1,-80.4805670506012,43.4429317955209
5,150,1.72672814557193,PVC,2019.0,9.85,8,1,10,1,-80.4805670506012,43.4429317955209
5,300,17.6710157184022,PVC,2019.0,9.85,8,1,0,0,,
5,300,94.3343122830735,PVC,2019.0,9.85,8,1,0,0,,
5,600,326.433457297427,PVC,2019.0,9.85,8,1,0,0,,
5,300,0.763891989161729,PVC,2019.0,9.85,-1,1,0,0,,
5,300,25.1194480735864,PVC,2019.0,9.85,8,1,0,0,,
5,300,9.95285901383066,PVC,2019.0,9.85,8,1,1,1,-80.4804437796416,43.4447965303976
5,300,0.850568615866683,PVC,2019.0,9.85,8,1,1,1,-80.4804437796416,43.4447965303976
5,300,16.9408241560149,PVC,2019.0,9.85,8,1,0,0,,
5,300,0.591048837769784,PVC,2019.0,9.85,8,1,0,0,,
5,300,1.51639784457329,PVC,2019.0,9.85,8,1,0,0,,
5,300,4.91370903259549,PVC,2019.0,9.85,8,1,0,0,,
5,300,1.11405528246918,PVC,2019.0,9.85,8,1,0,0,,
5,300,2.60000112352458,PVC,2019.0,9.85,7,1,0,0,,
5,300,4.68932522338418,PVC,2019.0,9.85,8,1,0,0,,
5,300,1.18480186029029,PVC,2019.0,9.85,8,1,0,0,,
5,300,22.0899027153025,PVC,2019.0,9.85,8,1,0,0,,
5,300,3.37225336337743,PVC,2019.0,9.85,8,1,0,0,,
5,300,1.81672571386577,PVC,2019.0,9.85,8,1,0,0,,
6,300,3.60942048743247,PVC,2018.0,9.85,8,1,0,0,,
5,300,29.2058439472584,PVC,2019.0,9.85,7,1,1,1,-80.4818708526422,43.4454849431178
5,150,24.7633915898041,PVC,2019.0,9.85,8,1,0,0,,
5,300,4.17114217912745,PVC,2019.0,9.85,8,1,1,1,-80.4744955824631,43.4421228332765
5,300,23.966607193812,DI,2019.0,9.1,8,1,0,0,,
5,300,30.6315097545262,DI,2019.0,9.1,8,1,0,0,,
5,300,11.6727060603842,PVC,2019.0,9.85,8,1,0,0,,
5,150,0.335748015633668,PVC,2019.0,9.85,-1,1,0,0,,
5,150,33.8903657622626,PVC,2019.0,9.85,7,1,0,0,,
5,150,1.33580043870013,PVC,2019.0,9.85,-1,1,0,0,,
5,150,85.5608246271449,PVC,2019.0,9.85,8,1,0,0,,
6,150,99.0415866933105,PVC,2018.0,9.85,8,1,0,0,,
5,300,3.08067634763492,PVC,2019.0,9.85,-1,1,0,0,,
5,150,17.9959434442282,PVC,2019.0,9.85,8,1,0,0,,
5,300,7.59381929497476,DI,2019.0,9.1,8,1,0,0,,
5,300,68.2598504837595,DI,2019.0,9.1,9,1,0,0,,
5,150,141.152489814002,PVC,2019.0,9.85,8,1,0,0,,
5,300,0.512354604732085,PVC,2019.0,9.85,-1,1,0,0,,
5,300,19.6297102118797,PVC,2019.0,9.85,8,1,0,0,,
5,300,18.4717801717915,DI,2019.0,9.1,8,1,1,1,-80.472840221092,43.4406583641032
5,300,13.6895769682258,DI,2019.0,9.1,7,1,0,0,,
5,300,1.28511964371715,DI,2019.0,9.1,7,1,1,1,-80.472840221092,43.4406583641032
5,300,78.9197591911468,DI,2019.0,9.1,8,1,7,1,-80.4738492897087,43.4397334501315
5,300,2.27864943037398,DI,2019.0,9.1,8,1,1,1,-80.472840221092,43.4406583641032
5,300,61.094226125341,DI,2019.0,9.1,8,1,1,1,-80.472840221092,43.4406583641032
5,300,107.202071008672,DI,2019.0,9.1,7,1,7,1,-80.4738492897087,43.4397334501315
5,300,4.38281432235219,DI,2019.0,9.1,7,1,7,1,-80.4738492897087,43.4397334501315
5,300,12.5684041770765,PVC,2019.0,9.85,8,1,0,0,,
5,300,1.0290461307685,PVC,2019.0,9.85,8,1,0,0,,
5,300,13.390504708676,PVC,2019.0,9.85,8,1,4,1,-80.4752223511478,43.4379296193973
5,300,0.728996735238156,PVC,2019.0,9.85,8,1,0,0,,
5,300,74.7077032656238,PVC,2019.0,9.85,8,1,2,1,-80.4752241543672,43.4385210829781
5,300,56.6905011959923,PVC,2019.0,9.85,-1,1,0,0,,
5,300,11.5891321868893,PVC,2019.0,9.85,8,1,2,1,-80.4752241543672,43.4385210829781
5,300,14.1558708405715,PVC,2019.0,9.85,8,1,0,0,,
5,300,0.807525615372322,PVC,2019.0,9.85,8,1,0,0,,
5,300,4.58811116869896,PVC,2019.0,9.85,7,1,0,0,,
5,300,14.468382551447,PVC,2019.0,9.85,7,1,0,0,,
5,300,17.0583101524781,PVC,2019.0,9.85,8,1,0,0,,
5,300,0.57411606029664,PVC,2019.0,9.85,8,1,0,0,,
6,300,5.89523063576759,PVC,2018.0,9.85,7,1,0,0,,
5,300,22.252484073822,PVC,2019.0,9.85,8,1,0,0,,
5,300,84.5421671874745,PVC,2019.0,9.85,8,1,0,0,,
5,300,14.2406581632141,PVC,2019.0,9.85,8,1,0,0,,
5,300,61.1708934295565,PVC,2019.0,9.85,8,1,0,0,,
5,300,16.4240385345083,PVC,2019.0,9.85,8,1,0,0,,
5,300,15.1871324047115,PVC,2019.0,9.85,8,1,0,0,,
5,300,0.57723141046121,PVC,2019.0,9.85,8,1,0,0,,
5,300,6.8915479022501,PVC,2019.0,9.85,8,1,0,0,,
5,300,38.726271814558,PVC,2019.0,9.85,8,1,0,0,,
5,300,6.45644636816731,PVC,2019.0,9.85,8,1,0,0,,
5,300,94.058697803343,PVC,2019.0,9.85,-1,1,0,0,,
5,300,14.1426232399473,PVC,2019.0,9.85,8,1,0,0,,
5,300,0.597213814480127,PVC,2019.0,9.85,8,1,0,0,,
6,300,4.88161811267632,PVC,2018.0,9.85,8,1,0,0,,
5,300,3.76299221516163,PVC,2019.0,9.85,8,1,0,0,,
5,300,13.6799334423582,PVC,2019.0,9.85,8,1,0,0,,
5,300,4.64372438611518,PVC,2019.0,9.85,8,1,0,0,,
6,300,60.1781607453765,PVC,2018.0,9.85,8,1,1,1,-80.4794468410204,43.4346238843776
5,300,9.81550144324413,PVC,2019.0,9.85,7,1,0,0,,
5,300,71.8889211107188,PVC,2019.0,9.85,7,1,0,0,,
5,300,0.779806872135028,PVC,2019.0,9.85,8,1,5,1,-80.4733351760869,43.44164879554
5,300,0.705959206685412,PVC,2019.0,9.85,8,1,5,1,-80.4733351760869,43.44164879554
5,300,14.6991346034089,PVC,2019.0,9.85,8,1,5,1,-80.4733351760869,43.44164879554
5,300,158.321289659055,PVC,2019.0,9.85,8,1,5,1,-80.4733351760869,43.44164879554
5,300,6.20594228297075,PVC,2019.0,9.85,8,1,5,1,-80.4733351760869,43.44164879554
5,300,11.3677838709442,PVC,2019.0,9.85,8,1,1,1,-80.4722872790069,43.4411899423904
5,600,28.5727377012808,PVC,2019.0,9.85,8,1,1,1,-80.4722872790069,43.4411899423904
5,600,7.35715707343224,PVC,2019.0,9.85,8,1,1,1,-80.4722872790069,43.4411899423904
5,300,3.12654509953591,PVC,2019.0,9.85,8,1,1,1,-80.4722872790069,43.4411899423904
5,300,16.7394763098269,PVC,2019.0,9.85,8,1,1,1,-80.472840221092,43.4406583641032
5,150,8.24069116822047,PVC,2019.0,9.85,7,1,0,0,,
6,300,15.4120527726541,PVC,2018.0,9.85,-1,1,0,0,,
5,300,45.2323190319575,PVC,2019.0,9.85,7,1,3,1,-80.4675233219894,43.4260459777661
5,450,30.988653380705,PVC,2019.0,9.85,-1,1,0,0,,
5,300,157.44041872066,PVC,2019.0,9.85,-1,1,8,1,-80.4696803766481,43.4252905168289
5,300,177.337599273068,PVC,2019.0,9.85,8,1,3,1,-80.4675233219894,43.4260459777661
5,300,26.9541498812969,PVC,2019.0,9.85,8,1,3,1,-80.4675233219894,43.4260459777661
5,200,0.832635124061666,PVC,2019.0,9.85,-1,1,1,1,-80.4539448519232,43.4191187324237
5,200,29.5693178009726,PVC,2019.0,9.85,-1,1,0,0,,
6,600,2.21271272361635,PVC,2018.0,9.85,8,1,0,0,,
5,150,0.906042378212118,PVC,2019.0,9.85,8,1,0,0,,
6,150,1.71888255858992,DI,2018.0,9.1,-1,3,0,0,,
6,300,34.8763788205938,PVC,2018.0,9.85,-1,3,0,0,,
6,150,1.82110405045132,DI,2018.0,9.1,-1,1,0,0,,
6,750,881.237048373011,CPP,2018.0,9.55,-1,0,0,0,,
6,300,2.64123339808472,DI,2018.0,9.1,-1,3,0,0,,
6,300,3.56661933434515,DI,2018.0,9.1,-1,3,0,0,,
6,600,4.74202777124399,CPP,2018.0,9.55,-1,3,0,0,,
6,750,863.51114069648,CPP,2018.0,9.55,-1,3,0,0,,
6,600,4.05473894057008,CPP,2018.0,9.55,-1,0,0,0,,
6,300,5.46819969322796,DI,2018.0,9.1,-1,0,0,0,,
6,150,1.44881508564351,DI,2018.0,9.1,-1,0,0,0,,
7,150,4.10301479492031,DI,2017.0,9.1,-1,1,0,0,,
7,750,3.43828836737787,CPP,2017.0,9.55,-1,1,0,0,,
7,300,4.29243820754626,DI,2017.0,9.1,-1,1,0,0,,
7,300,3.45611086860087,DI,2017.0,9.1,-1,1,0,0,,
7,600,4.43725650070628,CPP,2017.0,9.55,-1,1,0,0,,
7,750,958.211136718526,CPP,2017.0,9.55,-1,1,0,0,,
6,750,937.050956850482,CPP,2018.0,9.55,-1,1,0,0,,
6,750,10.3244261202675,CPP,2018.0,9.55,-1,3,0,0,,
6,300,0.797584164110595,PVC,2018.0,9.85,-1,3,0,0,,
7,150,1.28016850510917,DI,2017.0,9.1,-1,1,0,0,,
7,750,1.97886711244221,CPP,2017.0,9.55,-1,1,0,0,,
7,750,2.71697169294886,CPP,2017.0,9.55,-1,1,0,0,,
7,750,30.1411128366872,CPP,2017.0,9.55,-1,1,0,0,,
7,300,4.65876160221319,DI,2017.0,9.1,-1,1,0,0,,
6,300,4.38406439855883,PVC,2018.0,9.85,-1,0,1,1,-80.5306258691107,43.4073064722364
6,150,1.50998112351921,DI,2018.0,9.1,-1,3,0,0,,
6,150,1.74180889906535,DI,2018.0,9.1,-1,0,1,1,-80.5306258691107,43.4073064722364
6,600,3.07364034967045,CPP,2018.0,9.55,-1,3,0,0,,
7,300,1.39744418790807,DI,2017.0,9.1,-1,1,0,0,,
6,300,4.60912068747042,PVC,2018.0,9.85,-1,0,1,1,-80.5306258691107,43.4073064722364
5,150,6.35245786941007,PVC,2019.0,9.85,8,1,4,1,-80.5084701465376,43.4561093732593
5,450,148.925012232087,PVC,2019.0,9.85,-1,2,0,0,,
5,450,1.23804204284998,PVC,2019.0,9.85,-1,2,0,0,,
5,450,246.357539679592,PVC,2019.0,9.85,-1,2,0,0,,
5,450,52.6003627241167,PVC,2019.0,9.85,-1,2,0,0,,
5,450,128.315753750529,PVC,2019.0,9.85,-1,2,0,0,,
5,450,7.55215039678691,PVC,2019.0,9.85,-1,2,0,0,,
5,200,0.664875664786457,PVC,2019.0,9.85,-1,2,0,0,,
5,200,16.9816575113785,PVC,2019.0,9.85,-1,2,0,0,,
5,450,1.39904781937996,PVC,2019.0,9.85,-1,2,0,0,,
5,200,0.61864277963836,PVC,2019.0,9.85,-1,2,0,0,,
5,200,10.2354823331643,PVC,2019.0,9.85,-1,2,0,0,,
5,450,1.28410710244446,PVC,2019.0,9.85,-1,2,0,0,,
5,450,191.698674655977,PVC,2019.0,9.85,-1,2,0,0,,
5,450,609.708501993558,PVC,2019.0,9.85,-1,2,0,0,,
5,150,1.34470724369184,PVC,2019.0,9.85,-1,2,0,0,,
9,450,3.86982094870298,PVC,2015.0,9.35,0,2,0,0,,
5,450,8.28492561882927,PVC,2019.0,9.85,-1,2,0,0,,
5,300,21.6389040863522,PVC,2019.0,9.85,8,1,1,1,-80.4744955824631,43.4421228332765
5,300,3.97125414274388,PVC,2019.0,9.85,8,1,1,1,-80.4864886392405,43.4508466287373
46,300,36.2613226352936,DI,1978.0,8.5,8,1,0,0,,
5,150,50.3578270038602,PVC,2019.0,9.85,-1,1,3,1,-80.4353788528493,43.4300015577104
5,150,2.05484330343926,PVC,2019.0,9.85,-1,1,3,1,-80.4332274761801,43.4317735639048
5,150,42.1456799047931,PVC,2019.0,9.85,-1,1,3,1,-80.4332274761801,43.4317735639048
5,150,14.7581944777989,PVC,2019.0,9.85,-1,1,0,0,,
5,150,11.5105771637706,PVC,2019.0,9.85,-1,1,3,1,-80.4332274761801,43.4317735639048
5,150,6.68747618681135,PVC,2019.0,9.85,-1,1,5,1,-80.43129441972,43.4315864776957
5,150,63.1342676031313,PVC,2019.0,9.85,-1,1,3,1,-80.4332274761801,43.4317735639048
5,150,49.4011248981114,PVC,2019.0,9.85,-1,1,3,1,-80.4353788528493,43.4300015577104
5,150,2.34000738807315,PVC,2019.0,9.85,-1,1,3,1,-80.4351150880217,43.4306901838482
5,150,1.78520314202812,PVC,2019.0,9.85,-1,1,3,1,-80.4332274761801,43.4317735639048
5,150,4.83545775382696,PVC,2019.0,9.85,-1,1,0,0,,
5,150,3.50006122543709,PVC,2019.0,9.85,-1,1,0,0,,
5,600,158.32194813567,DI,2019.0,9.1,8,1,1,1,-80.4884319990736,43.4484473973326
5,300,48.8385068946688,DI,2019.0,9.1,-1,1,1,1,-80.5011401405147,43.4537792581654
5,150,37.9526166280379,PVC,2019.0,9.85,-1,1,7,1,-80.4605677983742,43.4252326212028
5,200,1.99877645155638,PVC,2019.0,9.85,-1,1,3,1,-80.4646943128454,43.4282678309834
5,300,32.3870353831799,PVC,2019.0,9.85,-1,1,0,0,,
5,0,132.44080927685,PVC,2019.0,9.85,-1,1,3,1,-80.4629346398173,43.4274110016718
5,0,107.232410336205,PVC,2019.0,9.85,-1,1,4,1,-80.4618686384233,43.4264302370746
5,200,97.3677593327984,PVC,2019.0,9.85,-1,1,4,1,-80.4618686384233,43.4264302370746
5,150,17.7216517810615,PVC,2019.0,9.85,-1,1,4,1,-80.4618686384233,43.4264302370746
5,200,102.503526185799,PVC,2019.0,9.85,-1,1,2,1,-80.4609862911402,43.4256182133786
5,200,56.5474541261541,PVC,2019.0,9.85,-1,1,3,1,-80.4601427211898,43.4248393858711
5,200,5.1679219315938,PVC,2019.0,9.85,-1,1,1,1,-80.459706901078,43.4244371667158
5,300,4.99116873927585,PVC,2019.0,9.85,-1,1,1,1,-80.459706901078,43.4244371667158
5,150,13.5803140944044,PVC,2019.0,9.85,-1,1,3,1,-80.4629346398173,43.4274110016718
5,150,13.9645329259587,PVC,2019.0,9.85,-1,1,0,0,,
5,200,1.57686575085986,PVC,2019.0,9.85,-1,1,3,1,-80.4601427211898,43.4248393858711
5,300,4.49957001214045,PVC,2019.0,9.85,-1,1,1,1,-80.459706901078,43.4244371667158
5,200,14.7270595016451,PVC,2019.0,9.85,-1,1,3,1,-80.4601427211898,43.4248393858711
5,200,1.87510693660568,PVC,2019.0,9.85,-1,1,7,1,-80.4605677983742,43.4252326212028
5,150,0.796074776160772,PVC,2019.0,9.85,-1,1,7,1,-80.4605677983742,43.4252326212028
5,200,7.71267178058185,PVC,2019.0,9.85,-1,1,2,1,-80.4609862911402,43.4256182133786
5,200,9.82274215101889,PVC,2019.0,9.85,-1,1,0,0,,
5,200,7.75434345159829,PVC,2019.0,9.85,-1,1,0,0,,
5,150,199.453115688867,PVC,2019.0,9.85,-1,1,0,0,,
5,150,9.85234327167119,PVC,2019.0,9.85,-1,1,0,0,,
5,150,4.79998081964886,PVC,2019.0,9.85,-1,1,0,0,,
5,150,5.85111766970267,PVC,2019.0,9.85,-1,1,0,0,,
5,150,11.0836295530105,PVC,2019.0,9.85,-1,1,0,0,,
5,150,147.459757424508,PVC,2019.0,9.85,-1,1,0,0,,
5,150,3.78575966439915,PVC,2019.0,9.85,-1,1,0,0,,
33,900,42.7257587627825,PVC,1991.0,9.35,-1,3,0,0,,
38,100,7.67952098853525,CPP,1986.0,9.35,6,5,0,0,,
5,300,4.11559080604185,DI,2019.0,9.1,8,1,1,1,-80.5011401405147,43.4537792581654
20,600,102.27332641885,CPP,2004.0,9.55,8,1,0,0,,
5,300,33.4176735713012,PVC,2019.0,9.85,8,1,0,0,,
5,300,2.4999694823953,PVC,2019.0,9.85,-1,1,0,0,,
5,300,6.17548508548875,PVC,2019.0,9.85,-1,1,0,0,,
5,300,28.930506421971,PVC,2019.0,9.85,-1,1,1,1,-80.4458425810902,43.4385557652604
5,300,3.9201317043095,PVC,2019.0,9.85,-1,1,1,1,-80.4458425810902,43.4385557652604
5,300,7.54094909350695,PVC,2019.0,9.85,-1,1,1,1,-80.4458425810902,43.4385557652604
5,150,6.87116473849629,PVC,2019.0,9.85,-1,1,1,1,-80.4454805505571,43.4376258472677
5,150,1.15545877482552,PVC,2019.0,9.85,-1,1,1,1,-80.4454805505571,43.4376258472677
5,150,15.2337567111105,PVC,2019.0,9.85,-1,1,0,0,,
5,150,2.20010008284337,PVC,2019.0,9.85,-1,1,0,0,,
5,150,0.739464597303837,PVC,2019.0,9.85,-1,1,0,0,,
5,150,4.07520890614742,PVC,2019.0,9.85,-1,1,0,0,,
5,300,3.25005443981415,PVC,2019.0,9.85,-1,1,1,1,-80.4454805505571,43.4376258472677
5,300,6.26029194341805,PVC,2019.0,9.85,-1,1,1,1,-80.4459861891278,43.4376718036435
5,150,6.59999049235381,PVC,2019.0,9.85,-1,1,1,1,-80.4461985300375,43.4353963280436
5,150,10.2297436251442,PVC,2019.0,9.85,-1,1,1,1,-80.4461985300375,43.4353963280436
5,300,5.00666736012422,PVC,2019.0,9.85,-1,1,1,1,-80.4461985300375,43.4353963280436
5,150,13.2688864780153,PVC,2019.0,9.85,-1,1,0,0,,
5,150,4.96334812027977,PVC,2019.0,9.85,-1,1,0,0,,
5,300,12.6831519069305,PVC,2019.0,9.85,-1,1,2,1,-80.4469060506385,43.4360051672127
5,300,4.28175008151695,PVC,2019.0,9.85,-1,1,2,1,-80.4469060506385,43.4360051672127
5,300,3.06669192483431,PVC,2019.0,9.85,-1,1,2,1,-80.4469060506385,43.4360051672127
5,150,1.63785574850376,DI,2019.0,9.1,-1,1,1,1,-80.4459861891278,43.4376718036435
5,150,6.17188172803084,PVC,2019.0,9.85,-1,1,2,1,-80.4502390387294,43.4397295416865
5,150,13.3528832276453,PVC,2019.0,9.85,-1,1,2,1,-80.4502390387294,43.4397295416865
5,150,5.25982406443849,PVC,2019.0,9.85,-1,1,1,1,-80.4454805505571,43.4376258472677
5,300,7.41755729789929,PVC,2019.0,9.85,-1,1,1,1,-80.4459861891278,43.4376718036435
5,300,2.19326573975867,PVC,2019.0,9.85,-1,1,1,1,-80.4459861891278,43.4376718036435
5,300,16.0400093908585,PVC,2019.0,9.85,-1,1,1,1,-80.4459861891278,43.4376718036435
5,300,14.1197018064154,PVC,2019.0,9.85,-1,1,1,1,-80.4458425810902,43.4385557652604
5,300,40.6437405411527,PVC,2019.0,9.85,-1,1,1,1,-80.4458425810902,43.4385557652604
5,300,54.4452183149657,PVC,2019.0,9.85,-1,1,1,1,-80.4458425810902,43.4385557652604
5,300,56.570717794202,PVC,2019.0,9.85,-1,1,1,1,-80.4458425810902,43.4385557652604
5,300,7.0605159901887,PVC,2019.0,9.85,-1,1,0,0,,
5,150,0.977839599130639,PVC,2019.0,9.85,-1,1,2,1,-80.4502390387294,43.4397295416865
5,300,28.8244515229277,PVC,2019.0,9.85,-1,1,0,0,,
5,300,12.8988016016307,PVC,2019.0,9.85,-1,1,0,0,,
5,300,3.52301948510541,PVC,2019.0,9.85,-1,1,2,1,-80.4469060506385,43.4360051672127
5,300,30.9236124278036,PVC,2019.0,9.85,-1,1,2,1,-80.4469060506385,43.4360051672127
5,300,71.9985458601766,PVC,2019.0,9.85,-1,1,2,1,-80.4469060506385,43.4360051672127
5,300,39.9999494426367,PVC,2019.0,9.85,-1,1,2,1,-80.4469060506385,43.4360051672127
5,300,3.03511226203604,PVC,2019.0,9.85,-1,1,0,0,,
5,300,25.0000111303066,PVC,2019.0,9.85,-1,1,0,0,,
5,300,0.992914274948952,PVC,2019.0,9.85,-1,1,1,1,-80.4461985300375,43.4353963280436
5,300,29.7410416800347,PVC,2019.0,9.85,-1,1,1,1,-80.4459861891278,43.4376718036435
5,300,67.0017197242045,PVC,2019.0,9.85,-1,1,1,1,-80.4459861891278,43.4376718036435
5,300,35.9999751379746,PVC,2019.0,9.85,-1,1,1,1,-80.4459861891278,43.4376718036435
5,150,1.50983347696328,PVC,2019.0,9.85,-1,1,1,1,-80.4461985300375,43.4353963280436
5,150,2.52002294570931,PVC,2019.0,9.85,-1,1,0,0,,
5,300,16.9006607392975,PVC,2019.0,9.85,-1,1,1,1,-80.4804437796416,43.4447965303976
5,300,3.33141689059706,PVC,2019.0,9.85,-1,1,1,1,-80.4804437796416,43.4447965303976
6,300,3.6240007091307,PVC,2018.0,9.85,-1,1,1,1,-80.4804437796416,43.4447965303976
5,150,4.30243043185974,PVC,2019.0,9.85,-1,1,0,0,,
5,150,119.721092485222,PVC,2019.0,9.85,-1,1,0,0,,
5,150,93.9695719038303,PVC,2019.0,9.85,-1,1,0,0,,
5,150,93.1432728506103,PVC,2019.0,9.85,-1,1,0,0,,
5,150,69.8658461800948,PVC,2019.0,9.85,-1,1,0,0,,
5,150,8.07585272001727,PVC,2019.0,9.85,-1,1,0,0,,
5,150,7.81829191290001,PVC,2019.0,9.85,-1,1,0,0,,
5,150,6.91507229989622,PVC,2019.0,9.85,-1,1,0,0,,
5,150,9.5414432920897,PVC,2019.0,9.85,-1,1,0,0,,
5,150,7.29331939252471,PVC,2019.0,9.85,-1,1,0,0,,
5,150,115.643240636066,PVC,2019.0,9.85,-1,1,0,0,,
4,150,1.80788914025744,PVC,2020.0,9.85,-1,1,0,0,,
4,50,15.1927705169189,PVC,2020.0,9.85,-1,1,0,0,,
4,50,4.4995738677171,PVC,2020.0,9.85,-1,1,0,0,,
20,450,4.8756752505195,PVC,2004.0,9.35,7,3,0,0,,
5,300,2.93030961001686,PVC,2019.0,9.85,-1,3,0,0,,
26,300,193.400281516565,PVC,1998.0,9.35,0,10,1,1,-80.5224608448573,43.4106967338158
11,450,4.04708250631055,PVC,2013.0,9.35,6,1,8,1,-80.5155740608119,43.4495333409789
5,450,463.200077402625,PVC,2019.0,9.85,-1,1,0,0,,
5,450,267.144646197964,PVC,2019.0,9.85,-1,1,0,0,,
5,450,0.376958419688113,PVC,2019.0,9.85,-1,1,8,1,-80.5155740608119,43.4495333409789
6,300,0.960943213223209,PVC,2018.0,9.85,-1,0,1,1,-80.5306258691107,43.4073064722364
6,300,0.709714907591938,PVC,2018.0,9.85,-1,0,1,1,-80.5306258691107,43.4073064722364
4,1200,188.04766388263,PVC,2020.0,9.85,-1,0,1,1,-80.5306258691107,43.4073064722364
4,750,1.26756781594812,PVC,2020.0,9.85,-1,0,1,1,-80.5306258691107,43.4073064722364
4,750,7.85650358831146,PVC,2020.0,9.85,-1,0,1,1,-80.5306258691107,43.4073064722364
6,1200,81.6888187880294,PVC,2018.0,9.85,-1,0,1,1,-80.5306258691107,43.4073064722364
4,1200,30.0858423494288,PVC,2020.0,9.85,-1,0,1,1,-80.5306258691107,43.4073064722364
38,25,0.390530318720561,PVC,1986.0,9.35,-1,5,0,0,,
6,600,280.784541209638,PVC,2018.0,9.85,-1,0,0,0,,
6,300,44.2855791664959,PVC,2018.0,9.85,-1,0,1,1,-80.5306258691107,43.4073064722364
6,450,12.0166434521147,PVC,2018.0,9.85,-1,0,1,1,-80.5306258691107,43.4073064722364
6,450,122.42893905568,PVC,2018.0,9.85,-1,0,1,1,-80.5306258691107,43.4073064722364
6,300,14.6833173539744,PVC,2018.0,9.85,-1,0,1,1,-80.5306258691107,43.4073064722364
6,450,7.6618487181266,PVC,2018.0,9.85,-1,0,1,1,-80.5306258691107,43.4073064722364
6,600,1.52311127138568,PVC,2018.0,9.85,-1,0,1,1,-80.5306258691107,43.4073064722364
6,450,9.6567967716086,PVC,2018.0,9.85,-1,0,1,1,-80.5306258691107,43.4073064722364
6,600,442.686660264207,PVC,2018.0,9.85,-1,3,1,1,-80.5306258691107,43.4073064722364
6,150,90.3274348318353,PVC,2018.0,9.85,-1,3,1,1,-80.5306258691107,43.4073064722364
6,200,15.8399967286126,PVC,2018.0,9.85,-1,3,1,1,-80.5243438706733,43.410173513885
6,200,2.60073482639191,PVC,2018.0,9.85,-1,3,0,0,,
6,300,20.2323131630634,PVC,2018.0,9.85,-1,3,1,1,-80.5243438706733,43.410173513885
6,300,12.1081719250383,PVC,2018.0,9.85,-1,3,0,0,,
6,450,8.75463898673938,PVC,2018.0,9.85,-1,3,0,0,,
6,400,3.70375026739875,PVC,2018.0,9.85,-1,3,1,1,-80.5224608448573,43.4106967338158
6,450,2.40511608236137,PVC,2018.0,9.85,-1,0,1,1,-80.5306258691107,43.4073064722364
6,300,0.997333830711635,PVC,2018.0,9.85,-1,0,1,1,-80.5306258691107,43.4073064722364
6,450,4.99588486588085,PVC,2018.0,9.85,-1,0,1,1,-80.5306258691107,43.4073064722364
6,450,0.894897379031368,PVC,2018.0,9.85,-1,0,1,1,-80.5306258691107,43.4073064722364
6,450,1.16172363203324,PVC,2018.0,9.85,-1,0,1,1,-80.5306258691107,43.4073064722364
6,600,246.712532653368,PVC,2018.0,9.85,-1,3,0,0,,
6,600,31.1731822050494,PVC,2018.0,9.85,-1,3,0,0,,
6,300,1.14845514075233,PVC,2018.0,9.85,-1,3,0,0,,
6,300,2.81710941589646,PVC,2018.0,9.85,-1,3,0,0,,
6,300,11.7816084760379,PVC,2018.0,9.85,-1,3,1,1,-80.5224608448573,43.4106967338158
6,600,403.570943387374,PVC,2018.0,9.85,-1,3,1,1,-80.5243438706733,43.410173513885
6,150,0.973792549577651,PVC,2018.0,9.85,-1,3,1,1,-80.5306258691107,43.4073064722364
6,150,0.934925157596236,PVC,2018.0,9.85,-1,3,1,1,-80.5306258691107,43.4073064722364
6,200,2.15948623603184,PVC,2018.0,9.85,-1,3,1,1,-80.5243438706733,43.410173513885
6,200,2.09348892325376,PVC,2018.0,9.85,-1,3,0,0,,
6,450,1.42289955110151,PVC,2018.0,9.85,-1,3,0,0,,
11,150,57.4253474279679,PVC,2013.0,9.35,-1,7,0,0,,
11,150,8.49732660928956,PVC,2013.0,9.35,-1,7,0,0,,
4,300,14.7999040085066,PVC,2020.0,9.85,-1,1,0,0,,
5,300,123.380719759223,PVC,2019.0,9.85,-1,1,0,0,,
5,300,67.5111291801909,PVC,2019.0,9.85,-1,13,0,0,,
5,300,1.17154036217892,PVC,2019.0,9.85,-1,1,0,0,,
5,300,1.1686065242629,PVC,2019.0,9.85,-1,1,0,0,,
46,600,1.18789763825637,DI,1978.0,8.5,7,1,0,0,,
20,450,7.64781451690434,PVC,2004.0,9.35,9,3,0,0,,
20,450,28.427656460412,PVC,2004.0,9.35,9,3,0,0,,
20,450,6.25767331018529,PVC,2004.0,9.35,9,3,0,0,,
20,450,4.47429150839479,PVC,2004.0,9.35,9,3,0,0,,
20,450,4.32775025141856,PVC,2004.0,9.35,9,3,0,0,,
4,300,70.6609545368282,PVC,2020.0,9.85,-1,3,0,0,,
4,300,2.51142997138428,PVC,2020.0,9.85,-1,3,0,0,,
4,300,2.20603329947135,PVC,2020.0,9.85,-1,3,0,0,,
70,150,1.0826100913889,CI,1954.0,7.75,5,1,0,0,,
6,600,216.382376970473,PVC,2018.0,9.85,-1,3,0,0,,
47,150,4.01471818489332,DI,1977.0,8.5,7,1,1,1,-80.45308632556,43.4670892246768
61,300,12.7032903808702,CI,1963.0,7.85,7,1,1,1,-80.4565642030857,43.4664672784482
61,300,6.17428785321493,CI,1963.0,7.85,7,1,1,1,-80.4565642030857,43.4664672784482
46,600,71.7514802681411,DI,1978.0,8.5,8,1,1,1,-80.4565642030857,43.4664672784482
49,150,7.92754292604238,AC,1975.0,8.7,5,1,0,0,,
49,150,19.1346829638358,AC,1975.0,8.7,5,1,0,0,,
33,300,7.87496635285112,DI,1991.0,9.1,6,1,0,0,,
31,300,28.6109115446592,DI,1993.0,9.1,6,1,0,0,,
4,150,9.97938834893708,PVC,2020.0,9.85,-1,1,1,1,-80.5141520486981,43.4442420222884
4,150,149.19030892417,PVC,2020.0,9.85,-1,1,1,1,-80.5141520486981,43.4442420222884
4,150,117.49017586574,PVC,2020.0,9.85,-1,1,1,1,-80.5141520486981,43.4442420222884
4,150,6.87164144865801,PVC,2020.0,9.85,-1,1,1,1,-80.5141520486981,43.4442420222884
4,150,8.01921536657721,PVC,2020.0,9.85,-1,1,1,1,-80.5141520486981,43.4442420222884
4,150,19.6207998509726,PVC,2020.0,9.85,-1,1,0,0,,
4,150,83.3840326088163,PVC,2020.0,9.85,-1,1,0,0,,
4,150,97.1788367914468,PVC,2020.0,9.85,-1,1,0,0,,
4,150,1.54184483346694,PVC,2020.0,9.85,-1,1,0,0,,
4,150,7.52749182691122,PVC,2020.0,9.85,-1,1,0,0,,
4,150,13.0621530544038,PVC,2020.0,9.85,-1,1,0,0,,
4,300,12.3995367721576,PVC,2020.0,9.85,-1,1,0,0,,
4,300,17.7047546604196,PVC,2020.0,9.85,-1,1,1,1,-80.5141520486981,43.4442420222884
5,150,12.1705622393885,PVC,2019.0,9.85,-1,1,0,0,,
5,150,112.057142037285,PVC,2019.0,9.85,-1,1,4,1,-80.5083630401032,43.4424859209317
5,150,7.73387918967873,PVC,2019.0,9.85,-1,1,4,1,-80.5083630401032,43.4424859209317
5,150,117.574251721201,PVC,2019.0,9.85,-1,1,4,1,-80.5083630401032,43.4424859209317
5,150,11.0354559000658,PVC,2019.0,9.85,-1,1,4,1,-80.5083630401032,43.4424859209317
5,150,7.54127052611009,PVC,2019.0,9.85,-1,1,0,0,,
4,150,2.53404397201969,PVC,2020.0,9.85,-1,1,0,0,,
4,150,1.8110614615307,PVC,2020.0,9.85,-1,1,0,0,,
4,150,8.1997483680531,PVC,2020.0,9.85,-1,2,0,0,,
4,150,8.11377016897505,PVC,2020.0,9.85,-1,2,0,0,,
4,150,56.2352138582608,PVC,2020.0,9.85,-1,2,0,0,,
4,150,55.1871689660426,PVC,2020.0,9.85,-1,2,0,0,,
4,200,106.206602910847,PVC,2020.0,9.85,-1,2,0,0,,
4,150,7.19216767489471,PVC,2020.0,9.85,-1,2,0,0,,
4,200,57.0995620307242,PVC,2020.0,9.85,-1,2,0,0,,
4,150,18.0245535748465,PVC,2020.0,9.85,-1,2,0,0,,
4,150,8.10080176040103,PVC,2020.0,9.85,-1,2,0,0,,
4,150,3.58509662437488,PVC,2020.0,9.85,-1,2,0,0,,
4,150,10.1592569218793,PVC,2020.0,9.85,-1,2,0,0,,
4,150,11.7578409114202,PVC,2020.0,9.85,-1,2,0,0,,
4,150,114.998867373252,PVC,2020.0,9.85,-1,2,0,0,,
4,200,72.8916309576609,PVC,2020.0,9.85,-1,2,0,0,,
4,150,5.48573066846291,PVC,2020.0,9.85,-1,2,0,0,,
4,150,9.57502455006839,PVC,2020.0,9.85,-1,2,0,0,,
4,150,77.4306090128038,PVC,2020.0,9.85,-1,2,0,0,,
4,150,4.06443657211498,PVC,2020.0,9.85,-1,2,0,0,,
4,150,64.1062460020546,PVC,2020.0,9.85,-1,2,0,0,,
4,150,36.8860568565503,PVC,2020.0,9.85,-1,2,0,0,,
4,200,32.2597169092202,PVC,2020.0,9.85,-1,2,0,0,,
4,150,11.0881152747551,PVC,2020.0,9.85,-1,2,0,0,,
4,200,35.2084968378103,PVC,2020.0,9.85,-1,2,0,0,,
4,200,34.6856463715465,PVC,2020.0,9.85,-1,2,0,0,,
4,200,13.9771121237068,PVC,2020.0,9.85,-1,2,0,0,,
4,150,17.5426985527457,PVC,2020.0,9.85,-1,2,0,0,,
4,200,8.4259985898907,PVC,2020.0,9.85,-1,2,0,0,,
5,200,31.140683102898,PVC,2019.0,9.85,-1,1,1,1,-80.4558460608887,43.4315728838344
5,200,53.9999496012282,PVC,2019.0,9.85,-1,1,1,1,-80.4558460608887,43.4315728838344
5,200,24.9725709183438,PVC,2019.0,9.85,-1,1,2,1,-80.4563079453537,43.4329540890382
5,200,13.9661587051062,PVC,2019.0,9.85,-1,1,2,1,-80.4563079453537,43.4329540890382
5,150,37.000072103411,PVC,2019.0,9.85,-1,1,5,1,-80.4551491163474,43.4326480296682
5,150,23.9999711736212,PVC,2019.0,9.85,-1,1,5,1,-80.4551491163474,43.4326480296682
5,150,30.9999578327495,PVC,2019.0,9.85,-1,1,5,1,-80.4551491163474,43.4326480296682
5,150,26.0000705343443,PVC,2019.0,9.85,-1,1,5,1,-80.4551491163474,43.4326480296682
5,150,13.9999733203056,PVC,2019.0,9.85,-1,1,5,1,-80.4551491163474,43.4326480296682
5,150,28.9999898258664,PVC,2019.0,9.85,-1,1,5,1,-80.4551491163474,43.4326480296682
5,150,12.0177053653462,PVC,2019.0,9.85,-1,1,5,1,-80.4551491163474,43.4326480296682
5,150,17.9823406304825,PVC,2019.0,9.85,-1,1,5,1,-80.4551491163474,43.4326480296682
5,150,18.9999919715487,PVC,2019.0,9.85,-1,1,5,1,-80.4551491163474,43.4326480296682
5,150,17.999988241914,PVC,2019.0,9.85,-1,1,5,1,-80.4551491163474,43.4326480296682
5,150,96.6148584856693,PVC,2019.0,9.85,-1,1,5,1,-80.4551491163474,43.4326480296682
5,150,25.3801280826605,PVC,2019.0,9.85,-1,1,5,1,-80.4551491163474,43.4326480296682
5,150,49.3347192695009,PVC,2019.0,9.85,-1,1,5,1,-80.4551491163474,43.4326480296682
9,200,22.7205482612632,PVC,2015.0,9.35,0,2,0,0,,
9,200,13.0000211996089,PVC,2015.0,9.35,0,2,0,0,,
4,200,55.1667195086832,PVC,2020.0,9.85,-1,2,0,0,,
4,200,0.789469878183319,PVC,2020.0,9.85,-1,2,0,0,,
40,150,29.9195493288785,DI,1984.0,9.1,6,1,0,0,,
6,300,64.090962045192,PVC,2018.0,7.45,-1,1,0,0,,
4,50,1.90510860547166,PVC,2020.0,9.85,-1,1,0,0,,
4,50,0.531673594623997,PVC,2020.0,9.85,-1,1,0,0,,
63,450,29.985627215293,CI,1961.0,7.75,7,1,0,0,,
66,300,2.92288776730465,CI,1958.0,7.75,7,1,0,0,,
5,300,3.51638357741505,PVC,2019.0,9.85,-1,1,0,0,,
5,450,0.958639046499431,PVC,2019.0,9.85,-1,1,0,0,,
5,150,15.5987608905587,PVC,2019.0,9.85,-1,1,0,0,,
5,300,1.29675386167708,PVC,2019.0,9.85,-1,1,0,0,,
5,300,1.40800519082986,PVC,2019.0,9.85,-1,1,0,0,,
5,300,135.53362090929,PVC,2019.0,9.85,-1,1,0,0,,
5,300,3.51638357741505,PVC,2019.0,9.85,-1,1,0,0,,
5,450,0.958639046499431,PVC,2019.0,9.85,-1,1,0,0,,
5,150,15.5987608905587,PVC,2019.0,9.85,-1,1,0,0,,
5,300,1.29675386167708,PVC,2019.0,9.85,-1,1,0,0,,
5,300,1.40800519082986,PVC,2019.0,9.85,-1,1,0,0,,
5,300,1.32760959734981,PVC,2019.0,9.85,-1,1,0,0,,
5,200,12.9271945816068,PVC,2019.0,9.85,-1,1,0,0,,
5,300,28.5913623372352,PVC,2019.0,9.85,-1,1,0,0,,
5,300,246.563576152623,PVC,2019.0,9.85,-1,1,0,0,,
5,300,6.65604418008279,PVC,2019.0,9.85,-1,1,0,0,,
5,450,574.253951055462,PVC,2019.0,9.85,-1,1,0,0,,
5,200,29.4622759178977,PVC,2019.0,9.85,-1,1,0,0,,
5,450,2.11066871356042,PVC,2019.0,9.85,-1,1,0,0,,
5,300,1.89571975986669,PVC,2019.0,9.85,-1,1,0,0,,
5,300,19.7564435876773,PVC,2019.0,9.85,-1,1,0,0,,
5,300,1.5145127398018,PVC,2019.0,9.85,-1,1,0,0,,
5,300,102.978833213442,PVC,2019.0,9.85,-1,1,0,0,,
5,300,12.7453091912428,PVC,2019.0,9.85,-1,1,0,0,,
5,300,6.14996264136108,PVC,2019.0,9.85,-1,1,0,0,,
5,300,116.886809752762,PVC,2019.0,9.85,-1,1,0,0,,
5,150,74.2533532463599,PVC,2019.0,9.85,-1,1,0,0,,
63,300,17.2651353086529,CI,1961.0,7.75,8,1,0,0,,
5,200,81.1016224611377,PVC,2019.0,9.85,-1,1,0,0,,
5,200,54.066064669229,PVC,2019.0,9.85,-1,1,0,0,,
5,300,16.2524628399425,PVC,2019.0,9.85,-1,1,0,0,,
5,300,91.20420151057,PVC,2019.0,9.85,-1,1,0,0,,
5,200,25.4773987147787,PVC,2019.0,9.85,-1,1,0,0,,
5,200,46.9636694952286,PVC,2019.0,9.85,-1,1,0,0,,
6,200,6.93967713896771,PVC,2018.0,9.85,-1,2,0,0,,
6,150,7.16025114851256,PVC,2018.0,9.85,-1,2,0,0,,
6,200,58.1848651856602,PVC,2018.0,9.85,-1,2,0,0,,
6,150,4.33953896107063,PVC,2018.0,9.85,-1,2,0,0,,
6,200,2.23458697050452,PVC,2018.0,9.85,-1,2,0,0,,
6,150,139.187205936793,PVC,2018.0,9.85,-1,2,0,0,,
6,200,7.02455640021095,PVC,2018.0,9.85,-1,2,0,0,,
6,200,44.4996019537441,PVC,2018.0,9.85,-1,2,0,0,,
6,150,106.043306080151,PVC,2018.0,9.85,-1,2,0,0,,
6,150,136.336587888663,PVC,2018.0,9.85,-1,2,0,0,,
6,200,76.5145973559828,PVC,2018.0,9.85,-1,2,0,0,,
46,300,26.7983314647569,DI,1978.0,8.5,8,1,0,0,,
8,300,9.60413703983633,PVC,2016.0,9.85,-1,2,0,0,,
8,200,1.77136007635102,PVC,2016.0,9.85,-1,2,0,0,,
8,200,12.9926434032878,PVC,2016.0,9.85,-1,2,0,0,,
8,300,7.01061455099596,PVC,2016.0,9.85,-1,2,0,0,,
8,300,73.4991378297827,PVC,2016.0,9.85,-1,2,0,0,,
8,300,14.1421175526043,PVC,2016.0,9.85,-1,2,0,0,,
8,300,7.73610917164357,PVC,2016.0,9.85,-1,2,0,0,,
8,300,41.8171049779784,PVC,2016.0,9.85,-1,2,0,0,,
8,300,54.09512164679,PVC,2016.0,9.85,-1,2,0,0,,
8,300,8.75116614578178,PVC,2016.0,9.85,-1,2,0,0,,
8,300,128.400097192049,PVC,2016.0,9.85,-1,2,0,0,,
8,300,153.322164641982,PVC,2016.0,9.85,-1,2,0,0,,
8,200,205.356337236206,PVC,2016.0,9.85,-1,2,0,0,,
8,300,4.74764987959969,PVC,2016.0,9.85,-1,2,0,0,,
8,200,79.6646314592614,PVC,2016.0,9.85,-1,2,0,0,,
8,300,45.9739850403171,PVC,2016.0,9.85,-1,2,0,0,,
8,300,3.91618561405197,PVC,2016.0,9.85,-1,2,0,0,,
8,300,1.30001579134809,PVC,2016.0,9.85,-1,2,0,0,,
8,300,1.37709367203605,PVC,2016.0,9.85,-1,2,0,0,,
8,300,0.780019140301182,PVC,2016.0,9.85,-1,2,0,0,,
8,300,10.4031095464981,PVC,2016.0,9.85,-1,2,0,0,,
8,200,3.99999426208948,PVC,2016.0,9.85,-1,2,0,0,,
8,200,3.54992012515934,PVC,2016.0,9.85,-1,2,0,0,,
8,200,4.29323514460794,PVC,2016.0,9.85,-1,2,0,0,,
8,200,14.2966477888211,PVC,2016.0,9.85,-1,2,0,0,,
8,200,1.26997419244515,PVC,2016.0,9.85,-1,2,0,0,,
8,200,1.26998945705325,PVC,2016.0,9.85,-1,2,0,0,,
5,150,13.2454494644731,PVC,2019.0,9.85,-1,3,0,0,,
5,200,125.085539176881,PVC,2019.0,9.85,-1,3,0,0,,
5,200,13.7020346327735,PVC,2019.0,9.85,-1,3,0,0,,
5,150,45.3988198789,PVC,2019.0,9.85,-1,3,0,0,,
5,200,93.8404727891864,PVC,2019.0,9.85,-1,3,0,0,,
5,200,82.9386473217405,PVC,2019.0,9.85,-1,3,0,0,,
5,200,96.755716619911,PVC,2019.0,9.85,-1,3,0,0,,
9,150,24.2051801531681,PVC,2015.0,9.35,-1,3,0,0,,
9,150,27.0000560423161,PVC,2015.0,9.35,-1,3,0,0,,
9,150,11.9998444331267,PVC,2015.0,9.35,-1,3,0,0,,
9,150,3.42650499163871,PVC,2015.0,9.35,-1,3,0,0,,
9,150,77.2656088062676,PVC,2015.0,9.35,-1,3,0,0,,
9,150,175.943600844651,PVC,2015.0,9.35,-1,3,0,0,,
9,150,105.889764028188,PVC,2015.0,9.35,-1,3,0,0,,
9,150,6.17017045944031,PVC,2015.0,9.35,-1,3,0,0,,
30,600,38.3246008133109,CPP,1994.0,9.35,7,1,0,0,,
4,300,78.5447442346167,PVC,2020.0,9.85,-1,1,5,1,-80.4775016777992,43.4315569901761
4,300,77.810635144459,PVC,2020.0,9.85,-1,1,5,1,-80.4775016777992,43.4315569901761
4,300,74.9590858033837,PVC,2020.0,9.85,-1,1,5,1,-80.4775016777992,43.4315569901761
66,150,2.14881068628666,CI,1958.0,3.83,5,1,4,1,-80.5276205751707,43.4495983522932
7,150,5.52000254850066,PVC,2017.0,9.85,-1,1,4,1,-80.5276205751707,43.4495983522932
7,150,147.209311156317,PVC,2017.0,9.85,-1,1,4,1,-80.5276205751707,43.4495983522932
3,25,1.51569470906779,PVC,2021.0,10.0,-1,2,0,0,,
18,150,16.3393843437842,PVC,2006.0,9.35,-1,1,1,1,-80.5042021763691,43.4431668821553
18,150,1.44014456255295,PVC,2006.0,9.35,-1,1,1,1,-80.5042021763691,43.4431668821553
68,150,6.5078262501815,CI,1956.0,3.38,6,1,3,1,-80.4516280080801,43.4267540226297
26,300,29.0713350701819,PVC,1998.0,9.35,7,3,1,1,-80.5224608448573,43.4106967338158
26,300,28.6001572481722,PVC,1998.0,9.35,7,3,1,1,-80.5224608448573,43.4106967338158
26,300,8.96850845991223,PVC,1998.0,9.35,7,3,0,0,,
70,100,58.6575539071384,CI,1954.0,7.75,5,1,0,0,,
14,300,2.12052259005528,PVC,2010.0,9.35,6,2,0,0,,
7,300,5.45318342654426,PVC,2017.0,9.85,-1,2,0,0,,
7,150,5.57173051942501,PVC,2017.0,9.85,-1,2,0,0,,
7,150,4.12584014382685,PVC,2017.0,9.85,-1,2,0,0,,
7,150,2.3380710208643,PVC,2017.0,9.85,-1,2,0,0,,
7,200,2.99703964755378,PVC,2017.0,9.85,-1,2,0,0,,
7,200,129.882122046391,PVC,2017.0,9.85,-1,2,0,0,,
7,300,4.09658592643142,PVC,2017.0,9.85,-1,2,0,0,,
7,200,9.59376264932402,PVC,2017.0,9.85,-1,2,0,0,,
7,200,4.10594699527532,PVC,2017.0,9.85,-1,2,0,0,,
7,150,36.6958415865786,PVC,2017.0,9.85,-1,2,0,0,,
7,150,4.46603705589953,PVC,2017.0,9.85,-1,2,0,0,,
7,200,113.940432881003,PVC,2017.0,9.85,-1,2,0,0,,
7,200,91.533682445293,PVC,2017.0,9.85,-1,2,0,0,,
6,300,86.4012050740973,PVC,2018.0,9.85,-1,2,0,0,,
7,300,176.257347216732,PVC,2017.0,9.85,-1,2,0,0,,
7,200,149.13395526781,PVC,2017.0,9.85,-1,2,0,0,,
7,200,4.57604206029761,PVC,2017.0,9.85,-1,2,0,0,,
7,300,52.3319781979797,PVC,2017.0,9.85,-1,2,0,0,,
7,300,75.493532278178,PVC,2017.0,9.85,-1,2,0,0,,
7,300,5.54515505739489,PVC,2017.0,9.85,-1,2,0,0,,
7,300,39.8295482533606,PVC,2017.0,9.85,-1,2,0,0,,
7,300,149.889463235152,PVC,2017.0,9.85,-1,2,0,0,,
7,150,84.3411376592924,PVC,2017.0,9.85,-1,2,0,0,,
7,200,147.348809037202,PVC,2017.0,9.85,-1,2,0,0,,
7,200,144.486474091825,PVC,2017.0,9.85,-1,2,0,0,,
7,200,53.3176838122074,PVC,2017.0,9.85,-1,2,0,0,,
7,150,7.76417179465611,PVC,2017.0,9.85,-1,2,0,0,,
7,150,55.3480268158827,PVC,2017.0,9.85,-1,2,0,0,,
7,150,174.094472604496,PVC,2017.0,9.85,-1,2,0,0,,
7,200,3.57313736865585,PVC,2017.0,9.85,-1,2,0,0,,
7,300,5.37040053570499,PVC,2017.0,9.85,-1,2,0,0,,
7,300,30.9432401804822,PVC,2017.0,9.85,-1,2,0,0,,
7,200,5.8000050906332,PVC,2017.0,9.85,-1,2,0,0,,
7,200,12.8499277556216,PVC,2017.0,9.85,-1,2,0,0,,
7,300,3.93435984668669,PVC,2017.0,9.85,-1,2,0,0,,
7,150,2.4600284240541,PVC,2017.0,9.85,-1,2,0,0,,
7,150,5.20118582889518,PVC,2017.0,9.85,-1,2,0,0,,
7,200,4.60005609665321,PVC,2017.0,9.85,-1,2,0,0,,
7,300,3.44886198542523,PVC,2017.0,9.85,-1,2,0,0,,
7,200,11.6743059825769,PVC,2017.0,9.85,-1,2,0,0,,
7,300,5.44998117429,PVC,2017.0,9.85,-1,2,0,0,,
7,450,43.6053728013812,PVC,2017.0,8.5,-1,1,0,0,,
7,200,1.30327428026465,PVC,2017.0,9.85,-1,2,0,0,,
7,200,14.059203778028,PVC,2017.0,9.85,-1,2,0,0,,
7,300,82.1942760067274,PVC,2017.0,9.85,-1,2,0,0,,
7,300,14.9065432615766,PVC,2017.0,9.85,-1,2,0,0,,
7,300,3.85118016715228,PVC,2017.0,9.85,-1,2,0,0,,
7,300,20.0408072931198,PVC,2017.0,9.85,-1,2,0,0,,
7,300,5.91922833709849,PVC,2017.0,9.85,-1,2,0,0,,
7,300,69.6138247821529,PVC,2017.0,9.85,-1,2,0,0,,
7,150,6.60860295302779,PVC,2017.0,9.85,-1,2,0,0,,
7,150,6.07110166036177,PVC,2017.0,9.85,-1,2,0,0,,
7,200,6.25547412425728,PVC,2017.0,9.85,-1,2,0,0,,
7,200,20.6600284287823,PVC,2017.0,9.85,-1,2,0,0,,
7,200,8.39898782550941,PVC,2017.0,9.85,-1,2,0,0,,
7,200,13.012080751682,PVC,2017.0,9.85,-1,2,0,0,,
7,200,10.7725350284234,PVC,2017.0,9.85,-1,2,0,0,,
7,200,26.290829704692,PVC,2017.0,9.85,-1,2,0,0,,
7,200,36.6140289754721,PVC,2017.0,9.85,-1,2,0,0,,
7,200,7.66905280133291,PVC,2017.0,9.85,-1,2,0,0,,
7,200,24.9614699083022,PVC,2017.0,9.85,-1,2,0,0,,
7,200,11.9362948263288,PVC,2017.0,9.85,-1,2,0,0,,
7,200,5.94828943473142,PVC,2017.0,9.85,-1,2,0,0,,
7,200,2.53631141707108,PVC,2017.0,9.85,-1,2,0,0,,
7,200,48.1660599756771,PVC,2017.0,9.85,-1,2,0,0,,
7,200,27.2483851786654,PVC,2017.0,9.85,-1,2,0,0,,
7,200,25.1690794464637,PVC,2017.0,9.85,-1,2,0,0,,
7,200,27.7087205686834,PVC,2017.0,9.85,-1,2,0,0,,
7,200,16.3063238882692,PVC,2017.0,9.85,-1,2,0,0,,
7,200,10.0820125076984,PVC,2017.0,9.85,-1,2,0,0,,
7,200,15.6942634142876,PVC,2017.0,9.85,-1,2,0,0,,
7,200,5.86116149616533,PVC,2017.0,9.85,-1,2,0,0,,
7,150,2.48494516051504,PVC,2017.0,9.85,-1,2,0,0,,
7,150,73.7832540269011,PVC,2017.0,9.85,-1,2,0,0,,
7,200,7.34658293927819,PVC,2017.0,9.85,-1,2,0,0,,
7,200,5.158709224656,PVC,2017.0,9.85,-1,2,0,0,,
7,200,63.1438599706707,PVC,2017.0,9.85,-1,2,0,0,,
7,200,5.70195696281602,PVC,2017.0,9.85,-1,2,0,0,,
7,200,5.60147805937101,PVC,2017.0,9.85,-1,2,0,0,,
7,200,12.9524647004078,PVC,2017.0,9.85,-1,2,0,0,,
7,200,25.7509763539009,PVC,2017.0,9.85,-1,2,0,0,,
7,200,22.5836093939622,PVC,2017.0,9.85,-1,2,0,0,,
7,200,6.47019391565031,PVC,2017.0,9.85,-1,2,0,0,,
7,200,28.9260317581891,PVC,2017.0,9.85,-1,2,0,0,,
7,200,1.06926246092277,PVC,2017.0,9.85,-1,2,0,0,,
7,200,10.929722238547,PVC,2017.0,9.85,-1,2,0,0,,
7,200,35.9375734993648,PVC,2017.0,9.85,-1,2,0,0,,
7,200,18.6708376707372,PVC,2017.0,9.85,-1,2,0,0,,
7,200,19.7438269305555,PVC,2017.0,9.85,-1,2,0,0,,
7,150,10.5607286260312,PVC,2017.0,9.85,-1,2,0,0,,
7,300,11.3331899501331,PVC,2017.0,9.85,-1,2,0,0,,
7,300,10.6867370157262,PVC,2017.0,9.85,-1,2,0,0,,
7,300,20.8960886614579,PVC,2017.0,9.85,-1,2,0,0,,
6,200,1.74805606314605,PVC,2018.0,9.85,-1,2,0,0,,
7,200,12.2607713465046,PVC,2017.0,9.85,-1,2,0,0,,
7,200,0.729737390218654,PVC,2017.0,9.85,-1,2,0,0,,
7,150,67.4535337713107,PVC,2017.0,9.85,-1,2,0,0,,
7,150,13.3960126307106,PVC,2017.0,9.85,-1,2,0,0,,
7,200,15.1592573124023,PVC,2017.0,9.85,-1,2,0,0,,
7,200,63.8592887758786,PVC,2017.0,9.85,-1,2,0,0,,
7,200,7.95437447677359,PVC,2017.0,9.85,-1,2,0,0,,
7,200,26.0695651100484,PVC,2017.0,9.85,-1,2,0,0,,
7,200,36.944103718931,PVC,2017.0,9.85,-1,2,0,0,,
6,200,9.30203324070442,PVC,2018.0,9.85,-1,2,0,0,,
7,200,5.86280239491692,PVC,2017.0,9.85,-1,2,0,0,,
7,150,6.25634126703223,PVC,2017.0,9.85,-1,2,0,0,,
7,300,107.906880175851,PVC,2017.0,9.85,-1,2,0,0,,
7,150,0.401641281361182,PVC,2017.0,9.85,-1,2,0,0,,
7,150,0.789061219801006,PVC,2017.0,9.85,-1,2,0,0,,
7,150,0.611577051523394,PVC,2017.0,9.85,-1,2,0,0,,
7,150,0.378501901882743,PVC,2017.0,9.85,-1,2,0,0,,
7,150,0.453191581460242,PVC,2017.0,9.85,-1,2,0,0,,
7,150,3.79447295380068,PVC,2017.0,9.85,-1,2,0,0,,
7,150,3.35323408764675,PVC,2017.0,9.85,-1,2,0,0,,
7,150,0.649989060880651,PVC,2017.0,9.85,-1,2,0,0,,
7,150,0.571139299555988,PVC,2017.0,9.85,-1,2,0,0,,
7,150,0.278952344767031,PVC,2017.0,9.85,-1,2,0,0,,
7,150,0.404029813342322,PVC,2017.0,9.85,-1,2,0,0,,
6,150,73.6526567255557,PVC,2018.0,9.85,-1,2,0,0,,
27,200,1.49667087225369,PVC,1997.0,9.35,6,1,0,0,,
4,600,82.2453178767962,PVC,2020.0,9.85,-1,1,0,0,,
4,600,14.3559562565856,PVC,2020.0,9.85,-1,1,0,0,,
4,400,80.9885683065463,PVC,2020.0,9.85,-1,1,0,0,,
4,400,1.82029290527911,PVC,2020.0,9.85,-1,1,0,0,,
4,600,233.96702759684,PVC,2020.0,9.85,-1,1,0,0,,
4,600,1.97827975018265,PVC,2020.0,9.85,-1,1,0,0,,
4,600,183.740757793274,HDPE,2020.0,10.0,-1,1,0,0,,
4,600,173.893241688899,PVC,2020.0,9.85,-1,1,0,0,,
4,600,59.5175945749009,PVC,2020.0,9.85,-1,1,0,0,,
4,300,71.8863703189923,PVC,2020.0,9.85,-1,1,0,0,,
4,300,2.21268507778148,PVC,2020.0,9.85,-1,1,0,0,,
4,300,0.782719828182966,PVC,2020.0,9.85,-1,1,0,0,,
4,300,24.5926907008245,PVC,2020.0,9.85,-1,1,0,0,,
4,600,49.7389435774267,PVC,2020.0,9.85,-1,1,0,0,,
4,600,269.598336047366,PVC,2020.0,9.85,-1,1,0,0,,
4,600,1.25791147922061,PVC,2020.0,9.85,-1,1,0,0,,
4,600,79.6118927159993,PVC,2020.0,9.85,-1,1,0,0,,
4,600,9.93101112818555,PVC,2020.0,9.85,-1,1,0,0,,
4,600,0.767889218230357,PVC,2020.0,9.85,-1,1,0,0,,
4,600,1.99550927720775,PVC,2020.0,9.85,-1,1,0,0,,
35,300,2.7848325712381,DI,1989.0,9.1,6,1,0,0,,
4,150,14.537832411126,PVC,2020.0,9.85,-1,1,0,0,,
4,150,86.0002542750003,PVC,2020.0,9.85,-1,1,0,0,,
4,150,0.668318800595461,PVC,2020.0,9.85,-1,1,0,0,,
6,150,6.08300971334675,PVC,2018.0,9.85,-1,1,0,0,,
6,150,128.308288799124,PVC,2018.0,9.85,-1,1,0,0,,
7,150,12.5724858174904,PVC,2017.0,9.85,-1,1,0,0,,
7,150,131.564220961558,PVC,2017.0,9.85,-1,1,0,0,,
6,150,121.398162262609,PVC,2018.0,9.85,-1,1,0,0,,
7,150,33.9199739273438,PVC,2017.0,9.85,-1,1,0,0,,
6,150,52.855606099027,PVC,2018.0,9.85,-1,1,0,0,,
50,150,6.11876631759372,DI,1974.0,8.5,6,2,1,1,-80.4129881631728,43.3921947563942
4,150,93.5111841053693,PVC,2020.0,9.85,-1,2,0,0,,
4,150,17.4209066417626,PVC,2020.0,9.85,-1,1,0,0,,
4,150,7.2668262156488,PVC,2020.0,9.85,-1,1,0,0,,
4,150,135.537160028133,PVC,2020.0,9.85,-1,1,0,0,,
4,150,141.72789103951,PVC,2020.0,9.85,-1,1,0,0,,
4,150,16.2345426821892,PVC,2020.0,9.85,-1,1,1,1,-80.4651174789676,43.4619923725693
4,150,38.8177490286909,PVC,2020.0,9.85,-1,1,0,0,,
4,150,20.0908540154014,PVC,2020.0,9.85,-1,1,1,1,-80.4651174789676,43.4619923725693
4,150,91.4411505557912,PVC,2020.0,9.85,-1,1,0,0,,
4,150,5.71149080826681,PVC,2020.0,9.85,-1,1,0,0,,
4,150,4.40358689871911,PVC,2020.0,9.85,-1,1,0,0,,
4,150,15.3822983265387,PVC,2020.0,9.85,-1,1,1,1,-80.4687931035959,43.4611569740239
4,150,5.60057747954933,PVC,2020.0,9.85,-1,1,1,1,-80.4687931035959,43.4611569740239
4,150,24.683975303833,PVC,2020.0,9.85,-1,1,0,0,,
3,150,2.61044070292301,PVC,2021.0,10.0,-1,1,1,1,-80.5162445962617,43.4522383174644
5,150,2.80915254788856,PVC,2019.0,9.85,-1,1,1,1,-80.5162445962617,43.4522383174644
3,150,2.13811127512706,PVC,2021.0,10.0,-1,1,0,0,,
3,150,2.31893606863245,PVC,2021.0,10.0,-1,1,0,0,,
5,300,5.9999899217577,PVC,2019.0,9.85,-1,1,0,0,,
5,150,3.29546581248877,PVC,2019.0,9.85,-1,1,5,1,-80.4775016777992,43.4315569901761
5,150,8.7483282796796,PVC,2019.0,9.85,-1,1,1,1,-80.4795695233656,43.4317547276015
5,300,15.6541416499346,PVC,2019.0,9.85,-1,1,5,1,-80.4775016777992,43.4315569901761
5,300,78.6104425754301,PVC,2019.0,9.85,-1,1,0,0,,
5,300,61.2867909789772,PVC,2019.0,9.85,-1,1,0,0,,
5,300,31.1145959953651,PVC,2019.0,9.85,-1,1,1,1,-80.4788027006252,43.4337885057505
5,300,5.85266739312058,PVC,2019.0,9.85,-1,1,0,0,,
5,300,53.2851448861124,PVC,2019.0,9.85,-1,1,0,0,,
5,300,84.8554497657611,PVC,2019.0,9.85,-1,1,0,0,,
5,300,85.1298994473848,PVC,2019.0,9.85,-1,1,0,0,,
5,300,66.8775042044507,PVC,2019.0,9.85,-1,1,0,0,,
5,300,15.0050159657433,PVC,2019.0,9.85,-1,1,0,0,,
5,300,1.5041713630887,PVC,2019.0,9.85,-1,1,5,1,-80.4775016777992,43.4315569901761
5,300,8.70696282070105,PVC,2019.0,9.85,-1,1,1,1,-80.4795695233656,43.4317547276015
5,300,2.45461180842925,PVC,2019.0,9.85,-1,1,0,0,,
5,300,14.8351990220591,PVC,2019.0,9.85,-1,1,1,1,-80.4795695233656,43.4317547276015
5,300,72.6432071594746,PVC,2019.0,9.85,-1,1,0,0,,
5,300,21.4191676187445,PVC,2019.0,9.85,-1,1,1,1,-80.4788027006252,43.4337885057505
47,300,10.4032232092457,DI,1977.0,8.5,7,1,0,0,,
37,600,94.8628698541976,PVC,1987.0,9.35,-1,5,0,0,,
4,150,3.74992685542918,PVC,2020.0,9.85,-1,1,1,1,-80.4580765245719,43.4404674929673
4,150,7.64435549574781,PVC,2020.0,9.85,-1,1,0,0,,
4,150,7.33053997893043,PVC,2020.0,9.85,-1,1,1,1,-80.4575201771382,43.443200798184
4,150,66.1918856898932,PVC,2020.0,9.85,-1,1,1,1,-80.4615312104041,43.4439139469534
4,150,2.20482463030022,PVC,2020.0,9.85,-1,1,1,1,-80.4615312104041,43.4439139469534
4,150,40.0057321048692,PVC,2020.0,9.85,-1,1,0,0,,
4,150,16.4447575853365,PVC,2020.0,9.85,-1,1,4,1,-80.4610181066111,43.4411431863271
4,150,3.1554580521406,PVC,2020.0,9.85,-1,1,4,1,-80.4610181066111,43.4411431863271
4,150,38.5776648824957,PVC,2020.0,9.85,-1,1,0,0,,
4,150,6.36862912276831,PVC,2020.0,9.85,-1,1,0,0,,
4,150,13.4594284784135,PVC,2020.0,9.85,-1,1,0,0,,
4,150,43.8348435063795,PVC,2020.0,9.85,-1,1,1,1,-80.4615312104041,43.4439139469534
4,150,19.820367714032,PVC,2020.0,9.85,-1,1,0,0,,
4,150,3.14187736955265,PVC,2020.0,9.85,-1,1,1,1,-80.4615312104041,43.4439139469534
4,150,21.3078391742092,PVC,2020.0,9.85,-1,1,0,0,,
4,150,19.9999902404769,PVC,2020.0,9.85,-1,1,0,0,,
4,150,2.51056228264222,PVC,2020.0,9.85,-1,1,0,0,,
4,150,4.5694323258106,PVC,2020.0,9.85,-1,1,4,1,-80.4610181066111,43.4411431863271
4,150,4.79096967655225,PVC,2020.0,9.85,-1,1,0,0,,
4,150,40.0001796842353,PVC,2020.0,9.85,-1,1,0,0,,
4,150,10.7017994585785,PVC,2020.0,9.85,-1,1,0,0,,
4,150,43.609396914935,PVC,2020.0,9.85,-1,1,0,0,,
4,150,2.74944707973639,PVC,2020.0,9.85,-1,1,1,1,-80.4575201771382,43.443200798184
5,200,2.77860498653932,PVC,2019.0,9.85,6,2,0,0,,
5,200,0.744599019835057,PVC,2019.0,9.85,6,2,0,0,,
5,300,0.692823931655854,PVC,2019.0,9.85,6,2,0,0,,
5,200,0.679288832966784,PVC,2019.0,9.85,0,2,0,0,,
5,200,1.26450531849366,PVC,2019.0,9.85,0,2,0,0,,
5,300,1.01278557058876,PVC,2019.0,9.85,6,2,0,0,,
21,200,0.733042603379705,PVC,2003.0,9.35,7,1,0,0,,
3,300,4.11097373066938,PVC,2021.0,10.0,7,1,0,0,,
29,300,2.2823260608242,PVC,1995.0,9.35,7,1,0,0,,
6,300,181.496361426563,PVC,2018.0,9.85,-1,1,0,0,,
18,150,124.891793707664,PVC,2006.0,9.35,6,1,0,0,,
6,150,15.8724009329505,PVC,2018.0,9.85,-1,1,0,0,,
6,300,143.18491288046,PVC,2018.0,9.85,-1,1,0,0,,
6,150,23.283193547113,PVC,2018.0,9.85,-1,1,0,0,,
6,150,6.90218439677949,PVC,2018.0,9.85,-1,1,0,0,,
6,150,11.5736861450974,PVC,2018.0,9.85,-1,1,0,0,,
6,300,13.8773824718145,PVC,2018.0,9.85,-1,1,0,0,,
6,150,20.2140989497828,PVC,2018.0,9.85,-1,1,0,0,,
6,300,15.3377757894947,PVC,2018.0,9.85,-1,1,0,0,,
6,150,17.8848018784012,PVC,2018.0,9.85,-1,1,0,0,,
6,300,49.2801407587277,PVC,2018.0,9.85,-1,1,0,0,,
6,300,129.302613226446,PVC,2018.0,9.85,-1,1,0,0,,
6,300,4.99667659275873,PVC,2018.0,9.85,-1,1,0,0,,
6,300,94.0674548826797,PVC,2018.0,9.85,-1,1,0,0,,
6,150,13.9377967963989,PVC,2018.0,9.85,-1,1,0,0,,
6,150,22.1039386274237,PVC,2018.0,9.85,-1,1,0,0,,
6,300,84.3288990196678,PVC,2018.0,9.85,-1,1,0,0,,
6,300,88.8698922697187,PVC,2018.0,9.85,-1,1,0,0,,
6,150,26.4820867053929,PVC,2018.0,9.85,-1,1,0,0,,
6,300,90.426371803618,PVC,2018.0,9.85,-1,1,0,0,,
6,300,11.5529850583311,PVC,2018.0,9.85,-1,1,0,0,,
6,300,10.3548470746955,PVC,2018.0,9.85,-1,1,0,0,,
6,300,1.88003355940996,PVC,2018.0,9.85,-1,1,0,0,,
6,150,1.96521157125889,PVC,2018.0,9.85,-1,1,0,0,,
39,300,6.24159843110915,DI,1985.0,9.1,7,1,0,0,,
4,150,16.8424204120254,PVC,2020.0,9.85,-1,1,0,0,,
4,150,8.13929418857444,PVC,2020.0,9.85,-1,1,0,0,,
4,150,11.3464429306684,PVC,2020.0,9.85,-1,1,0,0,,
4,300,5.1631318551365,PVC,2020.0,9.85,-1,1,0,0,,
4,150,69.7540070074665,PVC,2020.0,9.85,-1,1,0,0,,
4,150,69.1260848768354,PVC,2020.0,9.85,-1,1,0,0,,
4,150,78.1557465819302,PVC,2020.0,9.85,-1,1,0,0,,
4,150,13.39853292731,PVC,2020.0,9.85,-1,1,0,0,,
4,150,82.0012818969408,PVC,2020.0,9.85,-1,1,0,0,,
4,150,65.0652716349647,PVC,2020.0,9.85,-1,1,0,0,,
4,150,17.8195945493009,PVC,2020.0,9.85,-1,1,0,0,,
4,150,3.50003552380946,PVC,2020.0,9.85,-1,1,0,0,,
5,300,1.41945537849092,PVC,2019.0,9.85,-1,1,0,0,,
4,150,4.14579073491338,PVC,2020.0,9.85,-1,3,0,0,,
4,150,31.0041465556242,PVC,2020.0,9.85,-1,3,0,0,,
4,150,7.1424082213911,PVC,2020.0,9.85,-1,3,0,0,,
4,150,101.157217272394,PVC,2020.0,9.85,-1,3,0,0,,
4,150,66.7516272862742,PVC,2020.0,9.85,-1,3,0,0,,
9,300,43.2515345696018,PVC,2015.0,9.35,-1,1,0,0,,
4,300,2.42618724211433,PVC,2020.0,9.85,-1,1,0,0,,
4,300,72.8249239135267,PVC,2020.0,9.85,-1,1,0,0,,
4,300,93.9917780475595,PVC,2020.0,9.85,-1,1,0,0,,
4,300,100.34533889407,PVC,2020.0,9.85,-1,1,0,0,,
4,300,76.669944521089,PVC,2020.0,9.85,-1,1,0,0,,
4,300,2.18488822874241,PVC,2020.0,9.85,-1,1,0,0,,
4,150,0.649873780095079,PVC,2020.0,9.85,-1,1,0,0,,
29,150,7.26781672674735,DI,1995.0,9.1,-1,1,0,0,,
4,300,70.9500392628637,PVC,2020.0,9.85,-1,1,0,0,,
4,300,45.0440965948873,PVC,2020.0,9.85,-1,1,0,0,,
4,300,4.09997963255689,PVC,2020.0,9.85,-1,1,0,0,,
4,300,1.73000821230501,PVC,2020.0,9.85,-1,1,0,0,,
4,300,37.1545666718833,PVC,2020.0,9.85,-1,1,0,0,,
4,300,32.999997649625,PVC,2020.0,9.85,-1,1,0,0,,
4,300,42.0000034556599,PVC,2020.0,9.85,-1,1,0,0,,
4,300,2.94992851494706,PVC,2020.0,9.85,-1,1,0,0,,
4,150,65.9870754307171,PVC,2020.0,9.85,-1,1,0,0,,
4,100,11.1102822223603,PVC,2020.0,9.85,-1,1,0,0,,
4,200,22.4117750550156,PVC,2020.0,9.85,-1,1,0,0,,
4,150,79.5371770065204,PVC,2020.0,9.85,-1,1,0,0,,
5,300,9.74627358322094,PVC,2019.0,9.85,-1,1,0,0,,
5,300,16.2873744192789,PVC,2019.0,9.85,-1,1,0,0,,
5,300,3.46490003365022,PVC,2019.0,9.85,-1,1,0,0,,
5,150,13.606670750302,PVC,2019.0,9.85,-1,1,0,0,,
5,300,13.4213661477942,PVC,2019.0,9.85,-1,1,2,1,-80.4849579064514,43.4500714357252
5,300,9.10602549765741,PVC,2019.0,9.85,-1,1,0,0,,
5,300,17.6698805359546,PVC,2019.0,9.85,-1,1,1,1,-80.4864886392405,43.4508466287373
5,300,10.3335467644082,PVC,2019.0,9.85,-1,1,0,0,,
5,300,14.8489072897953,PVC,2019.0,9.85,-1,1,0,0,,
5,300,84.8352612252553,PVC,2019.0,9.85,-1,1,0,0,,
5,300,257.835697539287,PVC,2019.0,9.85,-1,1,0,0,,
5,300,72.4337776341566,PVC,2019.0,9.85,-1,1,0,0,,
5,300,10.2196366712733,PVC,2019.0,9.85,-1,1,0,0,,
5,300,45.3475932729684,PVC,2019.0,9.85,-1,1,0,0,,
5,300,18.6854958059831,PVC,2019.0,9.85,-1,1,0,0,,
5,300,9.5767064693847,PVC,2019.0,9.85,-1,1,0,0,,
5,300,3.16120940455152,PVC,2019.0,9.85,-1,1,0,0,,
4,300,7.11186035909773,PVC,2020.0,9.85,-1,1,0,0,,
5,300,4.03672393845813,PVC,2019.0,9.85,-1,1,0,0,,
5,300,5.0499317453462,PVC,2019.0,9.85,-1,1,1,1,-80.4864886392405,43.4508466287373
5,300,1.3966848781352,PVC,2019.0,9.85,-1,1,0,0,,
5,300,53.9827613755173,PVC,2019.0,9.85,-1,1,0,0,,
5,150,0.798932543421932,PVC,2019.0,9.85,-1,1,2,1,-80.4849579064514,43.4500714357252
5,300,3.35046084576568,PVC,2019.0,9.85,-1,1,2,1,-80.4849579064514,43.4500714357252
5,300,9.35868233575711,PVC,2019.0,9.85,-1,1,2,1,-80.4849579064514,43.4500714357252
5,300,3.41625979791815,PVC,2019.0,9.85,-1,1,0,0,,
4,150,3.99123412014501,PVC,2020.0,9.85,-1,1,0,0,,
5,300,7.29717013504099,PVC,2019.0,9.85,-1,1,0,0,,
5,300,2.55389627143498,PVC,2019.0,9.85,-1,1,0,0,,
5,300,6.12367738359008,PVC,2019.0,9.85,-1,1,0,0,,
4,300,14.635107503128,PVC,2020.0,9.85,-1,1,0,0,,
35,300,2.8756644202681,DI,1989.0,9.1,6,1,0,0,,
4,150,85.1585842677326,PVC,2020.0,9.85,-1,6,0,0,,
3,300,4.558556812087,PVC,2021.0,10.0,-1,1,0,0,,
3,300,10.0040334190911,PVC,2021.0,10.0,-1,1,0,0,,
3,200,10.2947558098199,PVC,2021.0,10.0,-1,1,0,0,,
3,200,4.19270713518468,PVC,2021.0,10.0,-1,1,0,0,,
3,300,176.70545171537,PVC,2021.0,10.0,-1,1,0,0,,
3,300,4.19313240828723,PVC,2021.0,10.0,-1,1,0,0,,
3,150,3.76451069788584,PVC,2021.0,10.0,-1,1,0,0,,
3,300,125.111228140108,PVC,2021.0,10.0,-1,1,0,0,,
3,200,2.29232071219324,PVC,2021.0,10.0,-1,1,0,0,,
3,300,3.43257303066882,PVC,2021.0,10.0,-1,1,0,0,,
3,300,86.9791275229298,PVC,2021.0,10.0,-1,1,0,0,,
3,150,8.41890273603176,PVC,2021.0,10.0,-1,1,0,0,,
3,150,2.42008715488472,PVC,2021.0,10.0,-1,1,0,0,,
3,150,180.788948149838,PVC,2021.0,10.0,-1,1,0,0,,
100,300,1.0684585031372,CI,1924.0,7.75,7,1,0,0,,
47,100,1.4472803181796,DI,1977.0,8.5,5,1,0,0,,
4,150,7.03864305852536,PVC,2020.0,9.85,-1,1,0,0,,
4,150,202.675716021061,PVC,2020.0,9.85,6,1,0,0,,
4,150,139.678866452215,PVC,2020.0,9.85,5,1,0,0,,
4,150,90.9209109769181,PVC,2020.0,9.85,5,1,0,0,,
4,150,92.2900501949585,PVC,2020.0,9.85,5,1,0,0,,
4,150,4.2867327978006,PVC,2020.0,9.85,5,1,0,0,,
4,150,21.4684204094475,PVC,2020.0,9.85,5,1,0,0,,
4,150,4.8529163386892,PVC,2020.0,9.85,5,1,0,0,,
4,150,6.17675258453721,PVC,2020.0,9.85,5,1,0,0,,
4,150,69.5093598698799,PVC,2020.0,9.85,5,1,0,0,,
4,150,112.515818403863,PVC,2020.0,9.85,6,1,0,0,,
5,200,24.9343274189442,PVC,2019.0,9.85,4,1,1,1,-80.4512165702281,43.3800075067725
5,25,1.60198784280926,PVC,2019.0,9.85,-1,1,0,0,,
5,25,3.66727956400246,PVC,2019.0,9.85,-1,1,0,0,,
5,150,8.07567801743891,PVC,2019.0,9.85,-1,1,0,0,,
5,200,112.585796590446,PVC,2019.0,9.85,-1,1,1,1,-80.4512165702281,43.3800075067725
5,200,115.891087675832,PVC,2019.0,9.85,-1,1,1,1,-80.4512165702281,43.3800075067725
5,200,12.4400141450988,PVC,2019.0,9.85,-1,1,0,0,,
5,200,28.5738193187672,PVC,2019.0,9.85,-1,1,0,0,,
5,150,124.013055604924,PVC,2019.0,9.85,-1,1,0,0,,
14,25,3.41707807302072,PVC,2010.0,9.35,-1,1,0,0,,
14,25,1.49999867463774,PVC,2010.0,9.35,-1,1,0,0,,
5,200,98.4350380718654,PVC,2019.0,9.85,-1,2,0,0,,
5,200,86.9751214623503,PVC,2019.0,9.85,-1,2,0,0,,
5,200,5.8499649859696,PVC,2019.0,9.85,-1,2,0,0,,
5,200,13.2420644609713,PVC,2019.0,9.85,-1,2,0,0,,
5,200,148.138485506719,PVC,2019.0,9.85,-1,2,0,0,,
74,200,0.40101810426744,CI,1950.0,7.75,7,1,6,1,-80.4722224444702,43.4618208394298
8,150,0.536197956831489,PVC,2016.0,9.85,-1,1,6,1,-80.4722224444702,43.4618208394298
8,600,2.20538338760764,CPP,2016.0,9.55,-1,1,6,1,-80.4722224444702,43.4618208394298
4,300,8.08471625912257,PVC,2020.0,9.85,-1,1,0,0,,
4,300,74.8005694688457,PVC,2020.0,9.85,-1,1,0,0,,
4,300,35.3208034920523,PVC,2020.0,9.85,-1,1,0,0,,
4,200,10.1846713091786,PVC,2020.0,9.85,-1,1,0,0,,
4,200,107.061171022068,PVC,2020.0,9.85,-1,1,0,0,,
4,300,84.4496709297804,PVC,2020.0,9.85,-1,1,0,0,,
4,300,1.5701353443747,PVC,2020.0,9.85,-1,1,0,0,,
4,300,37.0951317206587,PVC,2020.0,9.85,8,1,3,1,-80.4961580892746,43.4288957792175
4,300,36.4164309583844,PVC,2020.0,9.85,7,1,4,1,-80.4983458070912,43.4290502428461
4,300,8.60865129019427,PVC,2020.0,9.85,7,1,3,1,-80.4961580892746,43.4288957792175
4,300,249.791123683707,PVC,2020.0,9.85,6,1,0,0,,
4,300,29.9014509824389,PVC,2020.0,9.85,-1,1,0,0,,
9,300,51.8086216076248,PVC,2015.0,9.35,0,3,0,0,,
9,300,6.88833612553594,PVC,2015.0,9.35,0,3,0,0,,
9,300,42.7992597984246,PVC,2015.0,9.35,0,3,0,0,,
6,300,3.13511042975597,PVC,2018.0,9.85,-1,3,0,0,,
31,300,85.1087370891095,DI,1993.0,9.1,7,1,1,1,-80.4733497303023,43.4721678261305
5,300,140.206256633582,PVC,2019.0,9.85,-1,1,0,0,,
5,300,149.094557336398,PVC,2019.0,9.85,-1,1,0,0,,
5,300,86.2590449998395,PVC,2019.0,9.85,5,1,0,0,,
4,200,111.210353357302,PVC,2020.0,9.85,-1,1,0,0,,
6,200,57.1794199536499,PVC,2018.0,9.85,5,1,0,0,,
4,150,83.1631971377331,PVC,2020.0,9.85,-1,1,0,0,,
4,150,73.249063858751,PVC,2020.0,9.85,-1,1,0,0,,
4,150,4.34312352877231,PVC,2020.0,9.85,-1,1,0,0,,
4,150,123.693673536725,PVC,2020.0,9.85,-1,1,0,0,,
4,300,2.04243194419237,PVC,2020.0,9.85,-1,1,0,0,,
4,200,82.0752600882635,PVC,2020.0,9.85,-1,1,0,0,,
4,150,16.141165559974,PVC,2020.0,9.85,-1,1,0,0,,
4,200,114.814057260231,PVC,2020.0,9.85,-1,1,0,0,,
4,200,236.032007076406,PVC,2020.0,9.85,-1,1,0,0,,
4,300,30.9351565167426,PVC,2020.0,9.85,-1,1,0,0,,
4,200,98.1986174101957,PVC,2020.0,9.85,-1,1,0,0,,
4,300,1.65741086133463,PVC,2020.0,9.85,-1,1,0,0,,
4,300,88.6696698515361,PVC,2020.0,9.85,-1,1,0,0,,
4,200,2.45459379390143,PVC,2020.0,9.85,-1,1,0,0,,
4,300,28.5750187615352,PVC,2020.0,9.85,-1,1,0,0,,
4,150,7.13826158207941,PVC,2020.0,9.85,-1,1,0,0,,
4,150,52.75508294885,PVC,2020.0,9.85,-1,1,0,0,,
4,150,2.63738030995236,PVC,2020.0,9.85,-1,1,0,0,,
4,200,7.10591165226661,PVC,2020.0,9.85,-1,1,0,0,,
4,200,138.223480019392,PVC,2020.0,9.85,-1,1,0,0,,
4,150,12.7779221860692,PVC,2020.0,9.85,-1,1,0,0,,
4,300,1.40007537611777,PVC,2020.0,9.85,-1,1,0,0,,
4,300,2.39991820989816,PVC,2020.0,9.85,-1,1,0,0,,
4,300,1.30007808986548,PVC,2020.0,9.85,-1,1,0,0,,
4,300,6.70336180294974,PVC,2020.0,9.85,-1,1,0,0,,
4,150,1.50003004446308,PVC,2020.0,9.85,-1,1,0,0,,
4,150,2.99981789563209,PVC,2020.0,9.85,-1,1,0,0,,
4,150,1.3000678816464,PVC,2020.0,9.85,-1,1,0,0,,
4,150,1.85707925928909,PVC,2020.0,9.85,-1,1,0,0,,
4,200,1.10024134220183,PVC,2020.0,9.85,-1,1,0,0,,
4,200,6.78855900842274,PVC,2020.0,9.85,-1,1,0,0,,
4,200,0.899909917387625,PVC,2020.0,9.85,-1,1,0,0,,
4,200,0.850101435357694,PVC,2020.0,9.85,-1,1,0,0,,
4,200,5.43073762437813,PVC,2020.0,9.85,-1,1,0,0,,
4,200,0.899965478107281,PVC,2020.0,9.85,-1,1,0,0,,
4,200,1.33983431836396,PVC,2020.0,9.85,-1,1,0,0,,
4,200,2.00004584248942,PVC,2020.0,9.85,-1,1,0,0,,
4,200,2.40004228283405,PVC,2020.0,9.85,-1,1,0,0,,
4,200,1.59989117467057,PVC,2020.0,9.85,-1,1,0,0,,
4,200,3.74603423544853,PVC,2020.0,9.85,-1,1,0,0,,
6,300,1.92620526906827,PVC,2018.0,9.85,-1,1,0,0,,
4,300,164.062427123537,PVC,2020.0,9.85,6,1,0,0,,
4,300,22.9485508092906,PVC,2020.0,9.85,7,1,0,0,,
4,300,13.7476709971149,PVC,2020.0,9.85,7,1,0,0,,
4,150,15.0377281607757,PVC,2020.0,9.85,6,1,0,0,,
4,150,20.8008596815528,PVC,2020.0,9.85,6,1,0,0,,
4,300,12.6934234306031,PVC,2020.0,9.85,7,1,0,0,,
4,300,119.446322351965,PVC,2020.0,9.85,7,1,0,0,,
4,300,7.7875626493495,PVC,2020.0,9.85,7,1,0,0,,
4,300,85.8635953539317,PVC,2020.0,9.85,7,1,0,0,,
4,300,19.4629395229035,PVC,2020.0,9.85,7,1,0,0,,
4,300,11.9531761486032,PVC,2020.0,9.85,7,1,0,0,,
4,300,16.7479791608954,PVC,2020.0,9.85,7,1,0,0,,
4,300,6.81807222364318,PVC,2020.0,9.85,7,1,0,0,,
4,300,96.7834078421255,PVC,2020.0,9.85,6,1,0,0,,
4,300,72.0787074470752,PVC,2020.0,9.85,7,1,0,0,,
4,300,15.7854575267663,PVC,2020.0,9.85,7,1,0,0,,
3,300,1.8480076426376,PVC,2021.0,10.0,7,1,0,0,,
4,150,1.67546409096059,PVC,2020.0,9.85,6,1,0,0,,
49,300,216.933335344461,AC,1975.0,8.3,7,1,1,1,-80.4554256058458,43.3963629816317
31,300,13.7539637607244,DI,1993.0,9.1,7,1,1,1,-80.4733497303023,43.4721678261305
56,300,7.50511388606988,DI,1968.0,8.5,8,1,9,1,-80.4661591423416,43.4657182018731
4,300,148.244035203824,PVC,2020.0,9.85,-1,5,0,0,,
4,300,24.1179412915153,PVC,2020.0,9.85,8,1,0,0,,
4,300,117.169028552803,PVC,2020.0,9.85,8,1,0,0,,
4,300,113.294035922263,PVC,2020.0,9.85,7,1,0,0,,
3,300,9.65712899134489,PVC,2021.0,10.0,6,1,0,0,,
4,300,45.7250751624968,PVC,2020.0,9.85,8,1,0,0,,
4,300,16.8416199972804,PVC,2020.0,9.85,7,1,0,0,,
4,300,5.11784845047337,PVC,2020.0,9.85,8,1,0,0,,
4,300,6.61815007130672,PVC,2020.0,9.85,8,1,0,0,,
26,300,39.7915967623263,PVC,1998.0,9.35,7,1,0,0,,
24,300,29.2089611975732,PVC,2000.0,5.75,6,1,1,1,-80.419466174815,43.4251239950744
37,200,2.89464839453753,DI,1987.0,9.1,7,1,0,0,,
48,600,5.2463804167816,DI,1976.0,8.5,7,1,0,0,,
48,600,2.46818327054417,DI,1976.0,8.5,7,1,0,0,,
47,300,131.969097553383,DI,1977.0,8.5,8,1,0,0,,
58,150,3.85122105537179,DI,1966.0,8.5,6,1,0,0,,
5,150,4.02888482863246,PVC,2019.0,9.85,-1,1,2,1,-80.4359628473003,43.4299699357668
4,150,34.8402537374217,PVC,2020.0,9.85,-1,1,2,1,-80.4359628473003,43.4299699357668
4,150,4.99998788074867,PVC,2020.0,9.85,-1,1,1,1,-80.4360328615764,43.4298966053768
5,150,10.9009715656023,PVC,2019.0,9.85,-1,1,2,1,-80.4359628473003,43.4299699357668
5,150,5.46338598688244,PVC,2019.0,9.85,-1,1,3,1,-80.4351150880217,43.4306901838482
5,150,2.89888326933578,PVC,2019.0,9.85,-1,1,0,0,,
5,150,2.19998482255415,PVC,2019.0,9.85,-1,1,0,0,,
5,150,30.1002437294191,PVC,2019.0,9.85,-1,1,0,0,,
5,150,37.0245946877116,PVC,2019.0,9.85,-1,1,0,0,,
5,150,57.0005895477797,PVC,2019.0,9.85,-1,1,3,1,-80.4351150880217,43.4306901838482
5,150,1.23673622878506,PVC,2019.0,9.85,-1,1,2,1,-80.4359628473003,43.4299699357668
24,150,9.14458760118342,PVC,2000.0,9.35,7,1,1,1,-80.4360328615764,43.4298966053768
5,150,41.0003660926394,PVC,2019.0,9.85,-1,1,3,1,-80.4351150880217,43.4306901838482
5,150,13.4010534146424,PVC,2019.0,9.85,-1,1,0,0,,
5,150,4.70324879256792,PVC,2019.0,9.85,-1,1,2,1,-80.4359628473003,43.4299699357668
5,150,29.1131644741775,PVC,2019.0,9.85,-1,1,3,1,-80.4353788528493,43.4300015577104
5,150,7.49679973974849,PVC,2019.0,9.85,-1,1,2,1,-80.4359628473003,43.4299699357668
5,150,4.29995590660315,PVC,2019.0,9.85,-1,1,3,1,-80.4353788528493,43.4300015577104
5,150,38.8848841818004,PVC,2019.0,9.85,-1,1,2,1,-80.4359628473003,43.4299699357668
5,150,12.5677928527484,PVC,2019.0,9.85,-1,1,3,1,-80.4351150880217,43.4306901838482
5,150,42.4691066989149,PVC,2019.0,9.85,-1,1,3,1,-80.4353788528493,43.4300015577104
5,150,2.22584896087056,PVC,2019.0,9.85,-1,1,1,1,-80.4328218263638,43.4299361741499
5,150,18.5528504419092,PVC,2019.0,9.85,-1,1,3,1,-80.4353788528493,43.4300015577104
5,150,11.9495834575527,PVC,2019.0,9.85,5,1,3,1,-80.4332274761801,43.4317735639048
4,150,2.66081383351033,PVC,2020.0,9.85,5,1,1,1,-80.4331336658018,43.431930684654
4,150,45.0994984729786,PVC,2020.0,9.85,6,1,0,0,,
4,150,0.7000707184282,PVC,2020.0,9.85,6,1,0,0,,
4,150,25.3997773569849,PVC,2020.0,9.85,5,1,0,0,,
4,150,5.60031214960461,PVC,2020.0,9.85,0,1,0,0,,
4,150,12.3251722731399,PVC,2020.0,9.85,5,1,0,0,,
4,150,13.6099895226827,PVC,2020.0,9.85,5,1,0,0,,
4,150,5.46034560980356,PVC,2020.0,9.85,7,1,0,0,,
4,150,13.0945536717591,PVC,2020.0,9.85,5,1,0,0,,
4,150,4.49995393388754,PVC,2020.0,9.85,5,1,0,0,,
4,150,8.82367024045321,PVC,2020.0,9.85,5,1,0,0,,
4,150,13.1765727044886,PVC,2020.0,9.85,5,1,0,0,,
4,150,0.500055207348886,PVC,2020.0,9.85,6,1,4,1,-80.4371706511267,43.4326347550061
4,150,8.31881236957674,PVC,2020.0,9.85,6,1,0,0,,
4,150,6.05083823941312,PVC,2020.0,9.85,5,1,0,0,,
4,150,6.11688242241812,PVC,2020.0,9.85,5,1,0,0,,
4,150,4.94998815285339,PVC,2020.0,9.85,6,1,0,0,,
4,150,0.999918142210314,PVC,2020.0,9.85,7,1,0,0,,
4,150,2.23222759237348,PVC,2020.0,9.85,5,1,0,0,,
4,150,3.60302531769129,PVC,2020.0,9.85,5,1,0,0,,
4,150,1.39994862801737,PVC,2020.0,9.85,6,1,4,1,-80.4371706511267,43.4326347550061
4,150,7.62694069840154,PVC,2020.0,9.85,5,1,0,0,,
4,150,13.2340094375836,PVC,2020.0,9.85,6,1,0,0,,
4,150,4.12992843459792,PVC,2020.0,9.85,5,1,0,0,,
4,150,2.79976185899371,PVC,2020.0,9.85,6,1,5,1,-80.43129441972,43.4315864776957
5,150,2.06221237472072,PVC,2019.0,9.85,6,1,5,1,-80.43129441972,43.4315864776957
4,150,54.4011681738481,PVC,2020.0,9.85,5,1,1,1,-80.4331336658018,43.431930684654
4,150,19.1622426060604,PVC,2020.0,9.85,5,1,1,1,-80.4331336658018,43.431930684654
4,150,4.50001017792507,PVC,2020.0,9.85,5,1,1,1,-80.4331336658018,43.431930684654
5,150,0.800012906754195,PVC,2019.0,9.85,5,1,1,1,-80.4331336658018,43.431930684654
4,150,44.0732469616275,PVC,2020.0,9.85,6,1,0,0,,
4,150,68.6241061877522,PVC,2020.0,9.85,6,1,0,0,,
4,150,1.70002137992171,PVC,2020.0,9.85,6,1,0,0,,
4,150,3.94997621030711,PVC,2020.0,9.85,6,1,0,0,,
4,150,66.2760671312336,PVC,2020.0,9.85,0,1,0,0,,
4,150,3.98105046016816,PVC,2020.0,9.85,0,1,0,0,,
4,150,41.8000769123993,PVC,2020.0,9.85,5,1,0,0,,
4,150,40.2001912869797,PVC,2020.0,9.85,5,1,0,0,,
4,150,49.2220427761658,PVC,2020.0,9.85,5,1,0,0,,
4,150,0.799998130850204,PVC,2020.0,9.85,5,1,0,0,,
4,150,0.399960410703063,PVC,2020.0,9.85,5,1,0,0,,
4,150,1.30001284918704,PVC,2020.0,9.85,5,1,0,0,,
4,150,2.60070395370462,PVC,2020.0,9.85,0,1,0,0,,
4,150,24.4000174309301,PVC,2020.0,9.85,5,1,0,0,,
4,150,18.5001062921676,PVC,2020.0,9.85,5,1,0,0,,
4,150,30.7999382671235,PVC,2020.0,9.85,5,1,0,0,,
4,150,19.3999859262184,PVC,2020.0,9.85,5,1,0,0,,
4,150,24.4000494455893,PVC,2020.0,9.85,5,1,0,0,,
4,150,2.69998815594866,PVC,2020.0,9.85,5,1,0,0,,
4,150,0.997173004592659,PVC,2020.0,9.85,5,1,0,0,,
4,150,12.5076813140972,PVC,2020.0,9.85,5,1,0,0,,
4,150,2.50001291398688,PVC,2020.0,9.85,5,1,0,0,,
4,150,23.7000124018605,PVC,2020.0,9.85,7,1,0,0,,
4,150,61.8869755915255,PVC,2020.0,9.85,7,1,0,0,,
4,150,14.0377017398815,PVC,2020.0,9.85,7,1,0,0,,
4,150,17.5899292277866,PVC,2020.0,9.85,5,1,0,0,,
4,150,75.6689927566795,PVC,2020.0,9.85,5,1,0,0,,
4,150,5.86464462487438,PVC,2020.0,9.85,5,1,0,0,,
4,150,2.34998393569324,PVC,2020.0,9.85,5,1,0,0,,
4,150,6.43198221414437,PVC,2020.0,9.85,5,1,0,0,,
4,150,2.2000347678189,PVC,2020.0,9.85,-1,1,0,0,,
4,150,4.02471210669777,PVC,2020.0,9.85,5,1,0,0,,
4,150,85.6131764930724,PVC,2020.0,9.85,5,1,0,0,,
4,150,5.40002910208037,PVC,2020.0,9.85,5,1,0,0,,
58,200,1.02794070859126,DI,1966.0,8.5,6,1,0,0,,
55,100,1.95707383615294,DI,1969.0,8.5,5,1,0,0,,
8,600,9.52630652775059,CPP,2016.0,9.55,-1,1,6,1,-80.4722224444702,43.4618208394298
17,150,0.609051492421361,PVC,2007.0,9.35,6,3,1,1,-80.5065286038441,43.4200733220755
39,300,32.3467045716996,DI,1985.0,9.1,6,1,0,0,,
3,150,1.64463075873766,PVC,2021.0,10.0,-1,1,0,0,,
66,150,20.8071234579997,CI,1958.0,7.75,5,1,2,1,-80.4850197424419,43.4821732825986
5,300,5.59014246807479,PVC,2019.0,9.85,-1,3,0,0,,
5,150,6.58714915126015,PVC,2019.0,9.85,0,3,0,0,,
5,150,14.1595537179202,PVC,2019.0,9.85,0,3,0,0,,
5,300,7.20846797935328,PVC,2019.0,9.85,0,1,0,0,,
5,150,4.25376171453498,PVC,2019.0,9.85,0,1,0,0,,
5,150,32.3465271854668,PVC,2019.0,9.85,0,1,0,0,,
5,300,6.95065205323314,PVC,2019.0,9.85,0,3,0,0,,
5,300,3.62353463568346,PVC,2019.0,9.85,0,3,0,0,,
5,300,7.0007681989252,PVC,2019.0,9.85,0,3,0,0,,
5,300,6.46968154617891,PVC,2019.0,9.85,-1,3,0,0,,
5,150,16.14200979115,PVC,2019.0,9.85,0,3,0,0,,
5,300,6.3480545957926,PVC,2019.0,9.85,0,1,0,0,,
5,300,74.1241509479303,PVC,2019.0,9.85,0,1,0,0,,
5,300,7.19764093863781,PVC,2019.0,9.85,0,1,0,0,,
5,300,5.83704595161923,PVC,2019.0,9.85,0,1,0,0,,
5,300,37.3697220100455,PVC,2019.0,9.85,0,1,0,0,,
5,300,14.0874222136681,PVC,2019.0,9.85,-1,1,0,0,,
5,150,13.7893785633533,PVC,2019.0,9.85,0,1,0,0,,
5,300,6.15355698981772,PVC,2019.0,9.85,0,1,0,0,,
5,300,3.83801931756134,PVC,2019.0,9.85,0,1,0,0,,
5,150,13.0384098702936,PVC,2019.0,9.85,0,1,0,0,,
5,150,13.8849380340381,PVC,2019.0,9.85,0,1,0,0,,
5,200,5.80534589810847,PVC,2019.0,9.85,0,1,0,0,,
5,300,8.38793606366742,PVC,2019.0,9.85,0,3,0,0,,
5,300,31.2819780464553,PVC,2019.0,9.85,0,3,0,0,,
5,300,70.9147196596842,PVC,2019.0,9.85,0,3,0,0,,
5,300,69.7880496077775,PVC,2019.0,9.85,0,3,0,0,,
5,300,81.4432905319589,PVC,2019.0,9.85,0,3,0,0,,
5,200,104.098910662083,PVC,2019.0,9.85,0,1,0,0,,
5,200,49.2063365093857,PVC,2019.0,9.85,0,1,0,0,,
5,300,74.5132915655043,PVC,2019.0,9.85,0,3,0,0,,
5,300,13.422331897996,PVC,2019.0,9.85,0,1,0,0,,
5,300,76.7121853770576,PVC,2019.0,9.85,0,3,0,0,,
5,300,152.247438541146,PVC,2019.0,9.85,0,3,0,0,,
5,300,56.0719591392189,PVC,2019.0,9.85,0,1,0,0,,
5,300,76.4913371504726,PVC,2019.0,9.85,0,1,0,0,,
5,300,12.4862827718768,PVC,2019.0,9.85,0,3,0,0,,
5,300,2.49089190787068,PVC,2019.0,9.85,0,3,0,0,,
5,300,11.7218026344116,PVC,2019.0,9.85,0,3,0,0,,
5,300,32.0116201848505,PVC,2019.0,9.85,0,3,0,0,,
5,300,27.6643810011816,PVC,2019.0,9.85,0,3,0,0,,
5,300,6.45844224663345,PVC,2019.0,9.85,0,3,0,0,,
5,150,7.33379380293373,PVC,2019.0,9.85,0,3,0,0,,
5,300,65.9313939838486,PVC,2019.0,9.85,0,3,0,0,,
5,300,6.07827437631293,PVC,2019.0,9.85,0,3,0,0,,
5,300,46.0462677372873,PVC,2019.0,9.85,0,3,0,0,,
5,300,4.5809365062095,PVC,2019.0,9.85,0,1,0,0,,
5,300,86.8783833300477,PVC,2019.0,9.85,0,1,0,0,,
5,300,18.882022815677,PVC,2019.0,9.85,0,1,0,0,,
5,300,81.1921505257418,PVC,2019.0,9.85,0,1,0,0,,
5,300,12.0227598649456,PVC,2019.0,9.85,-1,1,0,0,,
5,300,67.9842397824513,PVC,2019.0,9.85,0,1,0,0,,
5,300,103.283667305339,PVC,2019.0,9.85,0,1,0,0,,
5,300,73.2039855831167,PVC,2019.0,9.85,0,1,0,0,,
5,300,45.9840995211683,PVC,2019.0,9.85,-1,1,0,0,,
5,300,16.0825217685175,PVC,2019.0,9.85,0,1,0,0,,
5,150,87.8052031313698,PVC,2019.0,9.85,0,1,0,0,,
5,150,66.6030696322428,PVC,2019.0,9.85,0,1,0,0,,
5,150,134.704211046715,PVC,2019.0,9.85,0,1,0,0,,
5,300,191.38701248101,PVC,2019.0,9.85,0,1,0,0,,
5,300,37.4312311851697,PVC,2019.0,9.85,0,1,0,0,,
5,300,5.54047624313132,PVC,2019.0,9.85,0,3,0,0,,
5,300,4.00648591468216,PVC,2019.0,9.85,0,3,0,0,,
5,300,4.92875990873294,PVC,2019.0,9.85,0,3,0,0,,
5,300,2.82189472697694,PVC,2019.0,9.85,-1,3,0,0,,
5,300,1.77639492463262,PVC,2019.0,9.85,0,3,0,0,,
5,300,3.53029089098922,PVC,2019.0,9.85,0,3,0,0,,
5,300,3.99560484677639,PVC,2019.0,9.85,-1,3,0,0,,
5,300,4.70034157053974,PVC,2019.0,9.85,0,3,0,0,,
5,300,4.82034823601333,PVC,2019.0,9.85,0,3,0,0,,
5,300,6.28438744177897,PVC,2019.0,9.85,0,3,0,0,,
5,300,3.30045802937078,PVC,2019.0,9.85,0,1,0,0,,
5,300,7.99826701981419,PVC,2019.0,9.85,0,1,0,0,,
5,300,10.2909956027843,PVC,2019.0,9.85,0,3,0,0,,
5,300,1.13034195387024,PVC,2019.0,9.85,0,3,0,0,,
5,300,10.1013748677913,PVC,2019.0,9.85,0,1,0,0,,
5,300,0.490402212715124,PVC,2019.0,9.85,0,1,0,0,,
5,300,102.331576527951,PVC,2019.0,9.85,0,3,0,0,,
5,300,8.00299436648449,PVC,2019.0,9.85,0,3,0,0,,
5,300,7.95991480407679,PVC,2019.0,9.85,0,3,0,0,,
5,300,4.94128537674952,PVC,2019.0,9.85,0,1,0,0,,
5,300,4.9013552135907,PVC,2019.0,9.85,0,1,0,0,,
5,300,3.95880598883767,PVC,2019.0,9.85,0,1,0,0,,
5,300,1.60956056233021,PVC,2019.0,9.85,0,3,0,0,,
5,300,12.7731447700724,PVC,2019.0,9.85,0,3,0,0,,
5,300,69.2510682060619,PVC,2019.0,9.85,0,3,0,0,,
5,300,9.49437706593731,PVC,2019.0,9.85,0,3,0,0,,
5,300,12.9086179448176,PVC,2019.0,9.85,0,3,0,0,,
5,300,9.59439681962361,PVC,2019.0,9.85,0,3,0,0,,
5,300,12.8049562550488,PVC,2019.0,9.85,0,3,0,0,,
5,150,5.94458213217958,PVC,2019.0,9.85,0,1,0,0,,
5,150,6.20987335784943,PVC,2019.0,9.85,0,1,0,0,,
5,200,77.7463105818882,PVC,2019.0,9.85,0,1,0,0,,
5,150,5.95930350396038,PVC,2019.0,9.85,0,1,0,0,,
5,150,7.42195395608128,PVC,2019.0,9.85,0,1,0,0,,
5,150,6.50564473809471,PVC,2019.0,9.85,0,3,0,0,,
5,150,11.9987464394262,PVC,2019.0,9.85,-1,3,0,0,,
5,300,5.39893190386889,PVC,2019.0,9.85,0,3,0,0,,
5,300,75.10136095453,PVC,2019.0,9.85,0,3,0,0,,
5,300,4.35208003668315,PVC,2019.0,9.85,0,3,0,0,,
5,300,76.8495123456401,PVC,2019.0,9.85,0,3,0,0,,
5,150,6.51474977156965,PVC,2019.0,9.85,-1,3,0,0,,
5,150,7.11759760377538,PVC,2019.0,9.85,0,3,0,0,,
5,150,13.0855140835857,PVC,2019.0,9.85,0,3,0,0,,
5,150,11.0355033220707,PVC,2019.0,9.85,0,3,0,0,,
5,150,13.0144481628266,PVC,2019.0,9.85,0,3,0,0,,
5,150,7.58113317741054,PVC,2019.0,9.85,0,3,0,0,,
5,300,5.62552895677116,PVC,2019.0,9.85,0,3,0,0,,
5,300,76.7588735839847,PVC,2019.0,9.85,-1,3,0,0,,
5,150,103.775086665556,PVC,2019.0,9.85,0,1,0,0,,
5,150,122.766768623786,PVC,2019.0,9.85,0,1,0,0,,
5,150,15.5804336775772,PVC,2019.0,9.85,0,1,0,0,,
5,300,8.0795773244416,PVC,2019.0,9.85,-1,3,0,0,,
5,300,6.20307666415525,PVC,2019.0,9.85,0,3,0,0,,
5,300,77.6055824992259,PVC,2019.0,9.85,-1,1,0,0,,
5,150,84.6747945056704,PVC,2019.0,9.85,0,3,0,0,,
5,150,65.8322926741132,PVC,2019.0,9.85,0,3,0,0,,
5,300,74.4877336989376,PVC,2019.0,9.85,0,3,0,0,,
5,150,86.9390950349772,PVC,2019.0,9.85,0,1,0,0,,
5,150,126.003804390833,PVC,2019.0,9.85,0,1,0,0,,
5,150,142.429121055686,PVC,2019.0,9.85,0,1,0,0,,
5,300,5.82123820269732,PVC,2019.0,9.85,0,1,0,0,,
5,300,77.2637862711337,PVC,2019.0,9.85,-1,1,0,0,,
5,150,144.935497690449,PVC,2019.0,9.85,0,3,0,0,,
4,150,12.0401452233183,PVC,2020.0,9.85,0,3,0,0,,
4,150,65.6574060918462,PVC,2020.0,9.85,0,3,0,0,,
4,150,74.2801180940295,PVC,2020.0,9.85,0,3,0,0,,
4,150,11.9743860269016,PVC,2020.0,9.85,0,3,0,0,,
4,150,10.7281272558111,PVC,2020.0,9.85,-1,3,0,0,,
4,150,75.3359999532915,PVC,2020.0,9.85,0,3,0,0,,
4,150,4.42669611043137,PVC,2020.0,9.85,0,3,0,0,,
4,150,7.49487775154591,PVC,2020.0,9.85,-1,3,0,0,,
4,150,30.1364067650447,PVC,2020.0,9.85,0,3,0,0,,
4,150,33.1675071296006,PVC,2020.0,9.85,-1,3,0,0,,
4,150,104.2117523073,PVC,2020.0,9.85,0,3,0,0,,
4,150,102.28436033265,PVC,2020.0,9.85,0,3,0,0,,
4,150,3.6768980588839,PVC,2020.0,9.85,0,3,0,0,,
4,150,0.700045405579033,PVC,2020.0,9.85,0,3,0,0,,
4,150,3.80030560485845,PVC,2020.0,9.85,0,3,0,0,,
4,150,0.900003421508083,PVC,2020.0,9.85,0,3,0,0,,
4,150,2.70025124706513,PVC,2020.0,9.85,0,3,0,0,,
4,150,5.88902390100667,PVC,2020.0,9.85,-1,3,0,0,,
4,150,144.800237960353,PVC,2020.0,9.85,0,3,0,0,,
60,450,7.99626298085534,CI,1964.0,8.1,-1,7,0,0,,
28,150,26.9822337281604,PVC,1996.0,9.35,-1,3,0,0,,
28,150,0.901136405111399,PVC,1996.0,9.35,-1,3,0,0,,
19,300,10.7756692376091,PVC,2005.0,9.35,7,1,0,0,,
71,100,8.03057775134782,CI,1953.0,-1.0,-1,3,0,0,,
37,100,2.0967674794044,CPP,1987.0,9.35,6,5,0,0,,
4,150,0.650908917651111,PVC,2020.0,-1.0,-1,1,0,0,,
3,300,45.2007274604902,PVC,2021.0,-1.0,-1,3,0,0,,
3,300,55.7797482819656,PVC,2021.0,-1.0,-1,3,0,0,,
3,300,5.97055480428209,PVC,2021.0,-1.0,-1,3,0,0,,
3,300,76.4888558509045,PVC,2021.0,-1.0,-1,3,0,0,,
3,300,5.63758574010478,PVC,2021.0,-1.0,-1,3,0,0,,
3,300,68.4772787048848,PVC,2021.0,-1.0,-1,3,0,0,,
3,150,4.02883218732557,PVC,2021.0,-1.0,-1,3,0,0,,
3,150,211.088716083492,PVC,2021.0,-1.0,-1,3,0,0,,
3,150,20.5306217895398,PVC,2021.0,-1.0,-1,3,0,0,,
3,150,6.15556612895471,PVC,2021.0,-1.0,-1,3,0,0,,
3,150,75.4425029551078,PVC,2021.0,-1.0,-1,3,0,0,,
3,150,6.03115856576855,PVC,2021.0,-1.0,-1,3,0,0,,
3,150,75.6082352956519,PVC,2021.0,-1.0,-1,3,0,0,,
3,150,5.88279634948131,PVC,2021.0,-1.0,-1,3,0,0,,
3,150,75.5314040361012,PVC,2021.0,-1.0,-1,3,0,0,,
3,150,5.4945542500293,PVC,2021.0,-1.0,-1,3,0,0,,
3,150,3.91740198845668,PVC,2021.0,-1.0,-1,3,0,0,,
3,150,149.826712373362,PVC,2021.0,-1.0,-1,3,0,0,,
3,150,3.76051502437978,PVC,2021.0,-1.0,-1,3,0,0,,
3,150,138.195469497306,PVC,2021.0,-1.0,-1,3,0,0,,
3,150,4.91205031330739,PVC,2021.0,-1.0,-1,3,0,0,,
3,150,141.47833110973,PVC,2021.0,-1.0,-1,3,0,0,,
3,150,12.465074829191,PVC,2021.0,-1.0,-1,3,0,0,,
3,300,140.126677240066,PVC,2021.0,-1.0,-1,3,0,0,,
3,300,12.0401299673189,PVC,2021.0,-1.0,-1,3,0,0,,
3,300,32.1820563246467,PVC,2021.0,-1.0,-1,3,0,0,,
3,150,16.7325191244192,PVC,2021.0,-1.0,-1,1,0,0,,
3,300,77.3320952511923,PVC,2021.0,-1.0,-1,3,0,0,,
3,300,67.6374802149431,PVC,2021.0,-1.0,-1,3,0,0,,
3,300,7.19703226878483,PVC,2021.0,-1.0,-1,3,0,0,,
3,150,193.930053576209,PVC,2021.0,-1.0,-1,1,0,0,,
3,150,4.45343915726584,PVC,2021.0,-1.0,-1,1,0,0,,
3,150,265.111709369574,PVC,2021.0,-1.0,-1,1,0,0,,
3,300,13.6338205641832,PVC,2021.0,-1.0,-1,1,0,0,,
3,300,60.2702961515376,PVC,2021.0,-1.0,-1,1,0,0,,
3,300,6.63946289906649,PVC,2021.0,-1.0,-1,1,0,0,,
3,300,7.70790890007429,PVC,2021.0,-1.0,-1,3,0,0,,
3,300,193.792967379758,PVC,2021.0,-1.0,-1,1,0,0,,
3,300,11.8672230745428,PVC,2021.0,-1.0,-1,1,0,0,,
3,300,5.96030625465097,PVC,2021.0,-1.0,-1,1,0,0,,
3,300,188.707371190333,PVC,2021.0,-1.0,-1,1,0,0,,
3,300,12.4763253129988,PVC,2021.0,-1.0,-1,1,0,0,,
3,150,5.42121859253606,PVC,2021.0,-1.0,-1,1,0,0,,
3,150,69.2552758497104,PVC,2021.0,-1.0,-1,1,0,0,,
3,150,9.94071991804048,PVC,2021.0,-1.0,-1,1,0,0,,
3,150,5.76150817928897,PVC,2021.0,-1.0,-1,1,0,0,,
3,150,28.3857795099638,PVC,2021.0,-1.0,-1,1,0,0,,
3,300,4.5204160899858,PVC,2021.0,-1.0,-1,3,0,0,,
3,150,2.5113070305715,PVC,2021.0,-1.0,-1,3,0,0,,
3,150,6.0870875294226,PVC,2021.0,-1.0,-1,3,0,0,,
3,150,3.65011167531432,PVC,2021.0,-1.0,-1,3,0,0,,
3,150,4.86961245257341,PVC,2021.0,-1.0,-1,3,0,0,,
3,150,5.57872936413833,PVC,2021.0,-1.0,-1,3,0,0,,
3,150,3.41279545689514,PVC,2021.0,-1.0,-1,3,0,0,,
3,150,3.8989970827359,PVC,2021.0,-1.0,-1,3,0,0,,
3,150,3.49891257025195,PVC,2021.0,-1.0,-1,3,0,0,,
3,300,5.78472082001486,PVC,2021.0,-1.0,-1,1,0,0,,
3,300,3.66313450452999,PVC,2021.0,-1.0,-1,1,0,0,,
3,150,2.54878467021424,PVC,2021.0,-1.0,-1,1,0,0,,
3,150,4.76756881587817,PVC,2021.0,-1.0,-1,1,0,0,,
3,300,37.3619358461129,PVC,2021.0,-1.0,-1,3,0,0,,
3,150,78.4215575857795,PVC,2021.0,-1.0,-1,1,0,0,,
3,150,77.4927992349508,PVC,2021.0,-1.0,-1,1,0,0,,
3,150,116.206619560455,PVC,2021.0,-1.0,-1,1,0,0,,
3,150,6.5090070762408,PVC,2021.0,-1.0,-1,1,0,0,,
2,150,71.424972472591,PVC,2022.0,-1.0,-1,1,0,0,,
4,150,6.00000159505213,PVC,2020.0,-1.0,-1,0,0,0,,
4,150,5.99999688138535,PVC,2020.0,-1.0,-1,0,0,0,,
4,150,13.202360590669,PVC,2020.0,-1.0,-1,0,0,0,,
4,300,5.62315069867593,PVC,2020.0,-1.0,-1,0,0,0,,
4,150,10.5013418202222,PVC,2020.0,-1.0,-1,0,0,0,,
4,300,22.120870103469,PVC,2020.0,-1.0,-1,0,0,0,,
4,300,18.8128049595572,PVC,2020.0,-1.0,-1,0,0,0,,
4,300,26.9165343050501,PVC,2020.0,-1.0,-1,0,0,0,,
4,150,12.3711993957607,PVC,2020.0,-1.0,-1,0,0,0,,
4,150,102.602298619939,PVC,2020.0,-1.0,-1,0,0,0,,
4,300,4.31837024043834,PVC,2020.0,-1.0,-1,0,0,0,,
4,300,1.92537847962617,PVC,2020.0,-1.0,-1,0,0,0,,
4,300,9.10590929527572,PVC,2020.0,-1.0,-1,0,0,0,,
4,300,66.588963306685,PVC,2020.0,-1.0,-1,0,0,0,,
4,300,5.2016620669236,PVC,2020.0,-1.0,-1,0,0,0,,
4,150,12.4161956899896,PVC,2020.0,-1.0,-1,0,0,0,,
4,150,81.2069626772211,PVC,2020.0,-1.0,-1,0,0,0,,
4,300,51.8432946562095,PVC,2020.0,-1.0,-1,0,0,0,,
4,200,1.76570217649824,PVC,2020.0,-1.0,-1,0,0,0,,
4,150,38.3588859459185,PVC,2020.0,-1.0,-1,0,0,0,,
4,150,66.1794998822077,PVC,2020.0,-1.0,-1,0,0,0,,
4,150,72.2323100941824,PVC,2020.0,-1.0,-1,0,0,0,,
4,150,69.2643619971053,PVC,2020.0,-1.0,-1,0,0,0,,
4,150,79.0856945233575,PVC,2020.0,-1.0,-1,0,0,0,,
4,150,16.2305217465142,PVC,2020.0,-1.0,-1,0,0,0,,
4,150,15.9231232084237,PVC,2020.0,-1.0,-1,0,0,0,,
4,150,179.566601016808,PVC,2020.0,-1.0,-1,0,0,0,,
4,150,12.249829474007,PVC,2020.0,-1.0,-1,0,0,0,,
4,150,56.2741862551035,PVC,2020.0,-1.0,-1,0,0,0,,
4,300,57.2686039756545,PVC,2020.0,-1.0,-1,0,0,0,,
4,300,17.6458392315258,PVC,2020.0,-1.0,-1,0,0,0,,
4,300,26.380835736028,PVC,2020.0,-1.0,-1,0,0,0,,
4,300,134.136544705523,PVC,2020.0,-1.0,-1,0,0,0,,
4,300,122.703973086244,PVC,2020.0,-1.0,-1,0,0,0,,
4,300,96.4695680631402,PVC,2020.0,-1.0,-1,0,0,0,,
4,300,27.9775729076175,PVC,2020.0,-1.0,-1,0,0,0,,
4,300,15.2474072847366,PVC,2020.0,-1.0,-1,0,0,0,,
4,150,15.0831043515799,PVC,2020.0,-1.0,-1,0,0,0,,
4,200,97.4158629897061,PVC,2020.0,-1.0,-1,0,0,0,,
4,300,25.6426988697592,PVC,2020.0,-1.0,-1,0,0,0,,
33,300,17.904999781356,DI,1991.0,9.1,8,3,0,0,,
36,150,3.74863052344579,DI,1988.0,9.1,5,3,0,0,,
46,100,13.0109528896194,DI,1978.0,-1.0,-1,3,0,0,,
36,150,6.81257274317066,DI,1988.0,9.1,5,3,0,0,,
46,100,0.809330835266536,DI,1978.0,-1.0,-1,3,0,0,,
36,100,6.39946993644545,DI,1988.0,9.1,4,3,0,0,,
36,100,2.79148597681418,DI,1988.0,9.1,4,3,0,0,,
6,300,0.512281251300647,PVC,2018.0,7.45,-1,1,0,0,,
6,300,17.6089079373599,PVC,2018.0,7.45,-1,1,0,0,,
19,150,2.01084810259861,PVC,2005.0,9.35,5,1,0,0,,
3,300,34.26030416494,PVC,2021.0,-1.0,-1,1,0,0,,
3,300,6.28373034738977,PVC,2021.0,-1.0,-1,1,0,0,,
44,300,3.54157560942933,PVC,1980.0,-1.0,-1,0,2,1,-80.5395612739008,43.4185843386513
3,200,12.9589682798401,PVC,2021.0,-1.0,-1,2,0,0,,
3,200,0.956170994757744,PVC,2021.0,-1.0,-1,2,0,0,,
19,300,10.6658168014109,PVC,2005.0,9.35,6,3,0,0,,
3,150,141.331972631018,PVC,2021.0,-1.0,-1,1,0,0,,
3,150,8.23799130344893,PVC,2021.0,-1.0,-1,1,0,0,,
3,150,157.870967278248,PVC,2021.0,-1.0,-1,1,0,0,,
3,150,7.65278576527218,PVC,2021.0,-1.0,-1,1,0,0,,
3,150,61.7468568674819,PVC,2021.0,-1.0,-1,1,0,0,,
3,150,8.56297250520056,PVC,2021.0,-1.0,-1,1,0,0,,
3,150,115.79345962939,PVC,2021.0,-1.0,-1,1,0,0,,
3,150,13.0151989322852,PVC,2021.0,-1.0,-1,1,8,1,-80.4305036658332,43.4294472834986
3,150,99.3498070777709,PVC,2021.0,-1.0,-1,1,0,0,,
3,150,20.9055309254199,PVC,2021.0,-1.0,-1,1,0,0,,
9,300,72.6592003037588,PVC,2015.0,9.35,-1,1,0,0,,
6,150,57.2812533978624,PVC,2018.0,-1.0,-1,1,0,0,,
6,150,13.7172918706838,PVC,2018.0,-1.0,-1,1,0,0,,
6,150,155.209203653488,PVC,2018.0,-1.0,-1,1,0,0,,
6,150,13.6706875624328,PVC,2018.0,-1.0,-1,1,0,0,,
5,300,6.16709949457508,PVC,2019.0,-1.0,-1,1,0,0,,
6,300,12.9621317902333,PVC,2018.0,-1.0,-1,1,0,0,,
5,300,69.681233011559,PVC,2019.0,-1.0,-1,1,0,0,,
5,150,17.2879001080751,PVC,2019.0,-1.0,-1,1,0,0,,
5,150,6.59200493092489,PVC,2019.0,-1.0,-1,1,0,0,,
5,300,9.53397039686627,PVC,2019.0,-1.0,-1,1,0,0,,
5,300,86.2441299051222,PVC,2019.0,-1.0,-1,1,0,0,,
5,150,6.22833295170258,PVC,2019.0,-1.0,-1,1,0,0,,
5,300,12.8133581235392,PVC,2019.0,-1.0,-1,1,0,0,,
5,300,83.3066463106418,PVC,2019.0,-1.0,-1,1,0,0,,
5,300,15.5024422914781,PVC,2019.0,-1.0,-1,1,0,0,,
5,150,6.96996608392568,PVC,2019.0,-1.0,-1,1,0,0,,
5,150,6.45759460247911,PVC,2019.0,-1.0,-1,1,0,0,,
5,150,15.176095074037,PVC,2019.0,-1.0,-1,1,0,0,,
5,300,128.541782518226,PVC,2019.0,-1.0,-1,1,0,0,,
5,150,19.861179383664,PVC,2019.0,-1.0,-1,1,0,0,,
5,150,23.8349593415307,PVC,2019.0,-1.0,-1,1,0,0,,
5,150,7.32148181959029,PVC,2019.0,-1.0,-1,1,0,0,,
5,150,7.90709667532036,PVC,2019.0,-1.0,-1,1,1,1,-80.4925777362284,43.4365084024237
5,150,7.2674671024525,PVC,2019.0,-1.0,-1,1,1,1,-80.4925777362284,43.4365084024237
5,300,7.32294991162044,PVC,2019.0,-1.0,-1,1,0,0,,
5,300,79.129306773508,PVC,2019.0,-1.0,-1,1,0,0,,
5,300,17.1573297639842,PVC,2019.0,-1.0,-1,1,0,0,,
5,150,18.8999267074756,PVC,2019.0,-1.0,-1,1,0,0,,
5,150,12.4927535500077,PVC,2019.0,-1.0,-1,1,2,1,-80.4904470254174,43.4365872294146
5,300,7.64370899654876,PVC,2019.0,-1.0,-1,1,2,1,-80.4904470254174,43.4365872294146
6,300,7.40533229777842,PVC,2018.0,-1.0,-1,1,0,0,,
6,300,3.41263501949724,PVC,2018.0,-1.0,-1,1,0,0,,
6,150,5.42650175132877,PVC,2018.0,-1.0,-1,1,0,0,,
6,150,141.610515000157,PVC,2018.0,-1.0,-1,1,0,0,,
4,150,7.03864305852536,PVC,2020.0,-1.0,-1,1,0,0,,
4,300,82.2396080187354,PVC,2020.0,-1.0,-1,1,2,1,-80.4904470254174,43.4365872294146
12,150,1.88650300804152,PVC,2012.0,9.35,0,1,0,0,,
42,450,27.8856264333804,DI,1982.0,9.1,7,3,0,0,,
3,200,274.886754747743,PVC,2021.0,-1.0,-1,1,0,0,,
3,150,4.37191502680586,PVC,2021.0,-1.0,-1,1,0,0,,
3,150,10.3230339234012,PVC,2021.0,-1.0,-1,1,1,1,-80.4347910876623,43.434354888048
3,150,6.76411324309545,PVC,2021.0,-1.0,-1,1,2,1,-80.4361266855501,43.4367210333702
3,150,13.5876954568159,PVC,2021.0,-1.0,-1,1,0,0,,
3,100,13.0366218389032,PVC,2021.0,-1.0,-1,1,0,0,,
37,750,18.3356686714662,CPP,1987.0,8.95,7,1,0,0,,
52,200,2.1519274747353,DI,1972.0,8.5,7,5,0,0,,
3,200,183.608277146997,PVC,2021.0,-1.0,-1,5,0,0,,
3,200,64.460464995328,PVC,2021.0,-1.0,-1,5,0,0,,
3,200,0.904477749656615,PVC,2021.0,-1.0,-1,1,0,0,,
40,150,7.63835115856459,DI,1984.0,9.1,6,1,0,0,,
10,150,2.43632001959704,PVC,2014.0,9.35,5,1,0,0,,
3,300,118.863097979855,PVC,2021.0,-1.0,6,1,0,0,,
3,300,93.4709711392264,PVC,2021.0,-1.0,6,1,0,0,,
3,300,7.21342136058241,PVC,2021.0,-1.0,6,1,0,0,,
3,300,84.4451820866836,PVC,2021.0,-1.0,6,1,0,0,,
3,300,146.762609637592,PVC,2021.0,-1.0,6,1,0,0,,
3,300,66.2675865185825,PVC,2021.0,-1.0,6,1,0,0,,
3,300,20.1315090947688,PVC,2021.0,-1.0,6,1,0,0,,
2,150,4.41121621528769,PVC,2022.0,-1.0,5,1,0,0,,
3,150,16.0015234428961,PVC,2021.0,-1.0,6,1,1,1,-80.4667856998381,43.4456001728982
3,150,8.14755118108404,PVC,2021.0,-1.0,5,1,0,0,,
3,150,4.42045636238188,PVC,2021.0,-1.0,5,1,0,0,,
3,150,6.59997655466253,PVC,2021.0,-1.0,7,1,1,1,-80.4667856998381,43.4456001728982
7,300,1.10657036462861,PVC,2017.0,9.85,-1,1,0,0,,
30,450,26.3684822010696,DI,1994.0,9.1,7,0,0,0,,
4,300,164.865471200883,PVC,2020.0,-1.0,7,0,0,0,,
4,300,142.96376357319,PVC,2020.0,-1.0,7,0,0,0,,
4,300,1.203005107703,PVC,2020.0,-1.0,7,0,0,0,,
3,150,26.1473153073768,PVC,2021.0,-1.0,-1,1,0,0,,
3,150,278.590738409218,PVC,2021.0,-1.0,-1,1,0,0,,
3,150,502.205669109968,PVC,2021.0,-1.0,-1,1,0,0,,
3,150,16.3078693538774,PVC,2021.0,-1.0,-1,1,0,0,,
3,150,11.1021319430868,PVC,2021.0,-1.0,-1,1,0,0,,
3,150,15.5117978903428,PVC,2021.0,-1.0,-1,1,0,0,,
3,150,16.0188281420382,PVC,2021.0,-1.0,-1,1,0,0,,
3,300,233.626446076687,PVC,2021.0,-1.0,-1,1,0,0,,
3,300,101.017281460917,PVC,2021.0,-1.0,-1,1,0,0,,
3,300,28.0491669024859,PVC,2021.0,-1.0,-1,1,0,0,,
3,300,7.84077684118711,PVC,2021.0,-1.0,-1,1,0,0,,
3,150,18.1126655595255,PVC,2021.0,-1.0,-1,1,1,1,-80.4831399119355,43.4340791406352
2,150,3.28509094187308,PVC,2022.0,-1.0,-1,1,0,0,,
49,150,1.16641144098293,AC,1975.0,8.7,5,1,0,0,,
24,300,2.29399868526979,DI,2000.0,9.1,6,1,0,0,,
7,300,51.3877766998208,PVC,2017.0,9.85,-1,2,0,0,,
3,150,0.774640174430549,PVC,2021.0,-1.0,0,3,0,0,,
3,150,152.754723651595,PVC,2021.0,-1.0,0,3,0,0,,
2,150,20.0707615369911,PVC,2022.0,-1.0,0,3,0,0,,
2,150,2.64501805670702,PVC,2022.0,-1.0,0,3,0,0,,
3,150,0.444981122829792,PVC,2021.0,-1.0,0,3,0,0,,
3,150,2.89166793694332,PVC,2021.0,-1.0,0,3,0,0,,
3,600,13.9157848853425,PVC,2021.0,-1.0,-1,3,0,0,,
3,600,1.84983017250076,PVC,2021.0,-1.0,0,3,0,0,,
3,600,48.4796644896453,PVC,2021.0,-1.0,7,3,0,0,,
3,600,27.2319278551121,PVC,2021.0,-1.0,7,3,0,0,,
3,600,95.0056710820219,PVC,2021.0,-1.0,7,3,0,0,,
3,600,24.4214783027107,PVC,2021.0,-1.0,7,3,0,0,,
3,300,4.70263008637056,PVC,2021.0,-1.0,-1,3,0,0,,
3,300,1.67759092996409,PVC,2021.0,-1.0,0,3,0,0,,
3,300,1.63056548810906,PVC,2021.0,-1.0,0,3,0,0,,
3,300,0.916305026275018,PVC,2021.0,-1.0,0,3,0,0,,
3,300,2.52465754802098,PVC,2021.0,-1.0,0,3,0,0,,
3,400,1.40057069155149,PVC,2021.0,-1.0,0,3,0,0,,
3,300,9.03991272360094,PVC,2021.0,-1.0,0,3,0,0,,
3,600,0.972558259768631,PVC,2021.0,-1.0,0,3,0,0,,
3,600,12.5296183357084,PVC,2021.0,-1.0,0,3,0,0,,
3,450,4.47996877251306,PVC,2021.0,-1.0,0,3,0,0,,
3,450,5.6823429438307,PVC,2021.0,-1.0,0,3,0,0,,
20,450,307.591051953594,PVC,2004.0,8.95,10,3,0,0,,
4,200,10.7926075168517,PVC,2020.0,-1.0,-1,3,0,0,,
4,300,68.0050682016026,PVC,2020.0,-1.0,-1,3,0,0,,
4,450,26.3059625394669,PVC,2020.0,-1.0,-1,3,0,0,,
4,450,22.0812132566655,PVC,2020.0,-1.0,-1,3,0,0,,
17,25,0.942975344361577,PVC,2007.0,-1.0,-1,3,0,0,,
54,600,74.3062698887888,CPP,1970.0,9.15,8,1,2,1,-80.4740942095003,43.4340195657681
54,600,78.9455542051951,CPP,1970.0,9.15,6,1,0,0,,
62,150,0.812680041471255,CI,1962.0,7.85,6,3,1,1,-80.5200100967589,43.4248800110514
89,300,118.459819070953,CI,1935.0,7.75,7,1,0,0,,
3,300,73.4120151601158,PVC,2021.0,-1.0,-1,1,0,0,,
3,300,59.0675081473065,PVC,2021.0,-1.0,-1,1,0,0,,
3,300,68.4636191981022,PVC,2021.0,-1.0,-1,1,0,0,,
3,300,135.071787038324,PVC,2021.0,-1.0,-1,1,0,0,,
3,300,23.4645939312878,PVC,2021.0,-1.0,-1,1,0,0,,
2,100,5.53631209057414,PVC,2022.0,-1.0,-1,1,0,0,,
3,300,44.9057116113143,PVC,2021.0,-1.0,-1,1,0,0,,
3,300,69.3813502530576,PVC,2021.0,-1.0,-1,1,0,0,,
3,300,123.301510244076,PVC,2021.0,-1.0,-1,1,0,0,,
5,300,1.21452366386008,PVC,2019.0,9.85,8,1,1,1,-80.4794468410204,43.4346238843776
3,300,105.327234332993,PVC,2021.0,-1.0,-1,1,1,1,-80.4794468410204,43.4346238843776
3,300,11.6499334699719,PVC,2021.0,-1.0,-1,1,0,0,,
3,150,16.7459540105,PVC,2021.0,-1.0,-1,1,0,0,,
3,300,63.889445044303,PVC,2021.0,-1.0,-1,1,1,1,-80.4794468410204,43.4346238843776
3,300,18.2947148962598,PVC,2021.0,-1.0,-1,1,0,0,,
3,300,1.38969923773507,PVC,2021.0,-1.0,-1,1,0,0,,
3,300,11.2887913526442,PVC,2021.0,-1.0,-1,1,0,0,,
3,300,8.20611596920271,PVC,2021.0,-1.0,-1,1,0,0,,
3,300,6.19979063394201,PVC,2021.0,-1.0,-1,1,0,0,,
3,300,62.7124471635167,PVC,2021.0,-1.0,-1,1,0,0,,
3,300,4.69344753850137,PVC,2021.0,-1.0,-1,1,0,0,,
3,300,12.0744883573696,PVC,2021.0,-1.0,-1,1,1,1,-80.4722872790069,43.4411899423904
3,300,95.0037150446738,PVC,2021.0,-1.0,-1,1,0,0,,
3,300,89.2706698546195,PVC,2021.0,-1.0,-1,1,0,0,,
3,300,84.2840143369494,PVC,2021.0,-1.0,-1,1,0,0,,
3,300,13.4659499889567,PVC,2021.0,-1.0,-1,1,0,0,,
3,300,155.740655591819,PVC,2021.0,-1.0,-1,1,0,0,,
3,300,24.0012534873732,PVC,2021.0,-1.0,-1,1,0,0,,
3,300,0.694232677720807,PVC,2021.0,-1.0,-1,1,1,1,-80.4794468410204,43.4346238843776
3,300,148.710129645014,PVC,2021.0,-1.0,-1,1,1,1,-80.4794468410204,43.4346238843776
3,300,54.7598844234332,PVC,2021.0,-1.0,-1,1,1,1,-80.4794468410204,43.4346238843776
3,300,1.6621640414026,PVC,2021.0,-1.0,-1,1,1,1,-80.4794468410204,43.4346238843776
3,300,7.0514281254137,PVC,2021.0,-1.0,-1,1,1,1,-80.4794468410204,43.4346238843776
3,300,5.16648145602304,PVC,2021.0,-1.0,-1,1,1,1,-80.4794468410204,43.4346238843776
13,200,9.2778621479451,PVC,2011.0,9.35,-1,1,0,0,,
72,450,20.0113292071561,AC,1952.0,8.5,7,3,1,1,-80.5107228551966,43.4172973201033
2,200,0.388718163343995,PVC,2022.0,-1.0,-1,2,0,0,,
2,200,25.3255961425028,PVC,2022.0,-1.0,-1,2,0,0,,
2,200,1.52664354041627,PVC,2022.0,-1.0,-1,2,0,0,,
2,200,1.50693598066711,PVC,2022.0,-1.0,-1,2,0,0,,
2,200,1.87904923417911,PVC,2022.0,-1.0,-1,2,0,0,,
4,150,6.39343575734488,PVC,2020.0,-1.0,-1,1,0,0,,
4,300,183.770192802587,PVC,2020.0,-1.0,-1,1,0,0,,
4,300,204.150943652732,PVC,2020.0,-1.0,-1,1,0,0,,
4,300,21.781572583998,PVC,2020.0,-1.0,-1,1,0,0,,
4,300,2.66121274007146,PVC,2020.0,-1.0,-1,1,0,0,,
4,150,1.38095223048507,PVC,2020.0,-1.0,-1,1,3,1,-80.4897510921747,43.4341581497617
3,150,4.73190586436443,PVC,2021.0,-1.0,-1,1,0,0,,
3,150,12.9913580227409,PVC,2021.0,-1.0,-1,1,0,0,,
3,150,2.93184022601433,PVC,2021.0,-1.0,-1,1,0,0,,
3,150,13.0371541449279,PVC,2021.0,-1.0,-1,1,0,0,,
3,150,11.4324248779239,PVC,2021.0,-1.0,-1,1,0,0,,
3,150,13.1122249088006,PVC,2021.0,-1.0,-1,1,0,0,,
3,150,4.96231006373941,PVC,2021.0,-1.0,-1,1,2,1,-80.4703406515507,43.4579028564909
3,150,14.1960913811389,PVC,2021.0,-1.0,-1,1,2,1,-80.4703406515507,43.4579028564909
3,150,90.5757188903544,PVC,2021.0,-1.0,-1,1,0,0,,
3,150,5.72831310662632,PVC,2021.0,-1.0,-1,1,0,0,,
3,150,87.1645940695498,PVC,2021.0,-1.0,-1,1,0,0,,
3,150,5.42219738655987,PVC,2021.0,-1.0,-1,1,0,0,,
3,150,87.3970587865355,PVC,2021.0,-1.0,-1,1,0,0,,
3,150,5.59050035797489,PVC,2021.0,-1.0,-1,1,0,0,,
3,150,84.754106043723,PVC,2021.0,-1.0,-1,1,0,0,,
3,150,12.4469907804871,PVC,2021.0,-1.0,-1,1,3,1,-80.4694454480174,43.4574385239474
3,150,8.97773317968113,PVC,2021.0,-1.0,-1,1,0,0,,
53,150,17.3515349755697,CI,1971.0,4.1,5,3,3,1,-80.509926222045,43.4180968811212
59,150,16.1983348125599,DI,1965.0,6.1,6,1,1,1,-80.4825746617397,43.4462093707329
5,750,1353.26708476553,PVC,2019.0,-1.0,-1,3,0,0,,
5,750,380.836049056632,PVC,2019.0,-1.0,-1,3,0,0,,
5,750,1.75234747642083,PVC,2019.0,-1.0,-1,3,0,0,,
5,750,1.84709173589487,PVC,2019.0,-1.0,-1,3,0,0,,
22,300,3.70835981386231,PVC,2002.0,-1.0,-1,7,6,1,-80.4641190111273,43.4831298131283
22,300,3.32675398610889,PVC,2002.0,-1.0,-1,7,6,1,-80.4641190111273,43.4831298131283
24,200,0.080555385997381,PVC,2000.0,9.35,7,5,0,0,,
5,300,0.109970950992202,PVC,2019.0,-1.0,-1,1,0,0,,
5,300,0.10998368027186,PVC,2019.0,-1.0,-1,1,0,0,,
6,300,16.5562466525255,DI,2018.0,9.1,8,1,9,1,-80.4661591423416,43.4657182018731
38,300,2.39458916164073,DI,1986.0,9.1,7,1,0,0,,
28,150,6.81986187584629,PVC,1996.0,9.35,5,3,0,0,,
28,200,129.68984802701,PVC,1996.0,9.35,6,3,0,0,,
56,200,2.71066113060286,DI,1968.0,4.7,5,3,3,1,-80.5043567203396,43.4195132331824
5,300,5.0726566335668,PVC,2019.0,-1.0,-1,1,0,0,,
5,300,20.4889402747245,PVC,2019.0,-1.0,-1,1,0,0,,
16,450,236.126783869742,PVC,2008.0,9.35,8,3,0,0,,
3,200,67.6313311430507,PVC,2021.0,-1.0,-1,3,0,0,,
3,200,74.193425907779,PVC,2021.0,-1.0,-1,3,0,0,,
3,200,11.3512518867595,PVC,2021.0,-1.0,-1,3,0,0,,
3,200,73.8390100991479,PVC,2021.0,-1.0,-1,3,0,0,,
3,200,48.3274802198882,PVC,2021.0,-1.0,-1,3,0,0,,
3,200,11.5410227989129,PVC,2021.0,-1.0,-1,3,0,0,,
3,200,7.04386483994563,PVC,2021.0,-1.0,-1,3,0,0,,
3,200,1.3557262849641,PVC,2021.0,-1.0,-1,3,0,0,,
3,150,57.895200392775,PVC,2021.0,-1.0,-1,3,0,0,,
3,150,65.3804491969011,PVC,2021.0,-1.0,-1,3,0,0,,
3,150,108.778859419298,PVC,2021.0,-1.0,-1,3,0,0,,
3,200,2.99692596563553,PVC,2021.0,-1.0,-1,3,0,0,,
3,200,201.934048515825,PVC,2021.0,-1.0,-1,3,0,0,,
3,150,204.545653702229,PVC,2021.0,-1.0,-1,3,0,0,,
3,150,126.556960208199,PVC,2021.0,-1.0,-1,3,0,0,,
3,150,30.4712433026672,PVC,2021.0,-1.0,-1,3,0,0,,
3,200,187.269419233674,PVC,2021.0,-1.0,-1,3,0,0,,
3,150,190.518672515392,PVC,2021.0,-1.0,-1,3,0,0,,
3,200,15.7378163126793,PVC,2021.0,-1.0,-1,3,0,0,,
3,150,47.1200385877938,PVC,2021.0,-1.0,-1,3,0,0,,
3,300,30.9489872766244,PVC,2021.0,-1.0,-1,3,0,0,,
3,300,6.41029320818843,PVC,2021.0,-1.0,-1,3,0,0,,
3,300,70.9979690736271,PVC,2021.0,-1.0,-1,3,0,0,,
3,150,135.248319282669,PVC,2021.0,-1.0,-1,3,0,0,,
3,300,75.6805767370821,PVC,2021.0,-1.0,-1,3,0,0,,
3,300,49.7639185429785,PVC,2021.0,-1.0,-1,3,0,0,,
3,150,28.1668137410074,PVC,2021.0,-1.0,-1,3,0,0,,
3,300,43.8938743385134,PVC,2021.0,-1.0,-1,3,0,0,,
3,300,127.985161185962,PVC,2021.0,-1.0,-1,3,0,0,,
3,300,48.4513612008531,PVC,2021.0,-1.0,-1,3,0,0,,
3,200,72.767537854245,PVC,2021.0,-1.0,-1,3,0,0,,
3,200,29.5349125744347,PVC,2021.0,-1.0,-1,3,0,0,,
3,300,11.4618633846769,PVC,2021.0,-1.0,-1,3,0,0,,
3,150,7.93487937446728,PVC,2021.0,-1.0,-1,3,0,0,,
3,300,74.715187349009,PVC,2021.0,-1.0,-1,3,0,0,,
3,150,16.8953648828601,PVC,2021.0,-1.0,-1,3,0,0,,
3,300,66.560930013177,PVC,2021.0,-1.0,-1,3,0,0,,
3,150,19.2799081275388,PVC,2021.0,-1.0,-1,3,0,0,,
3,200,4.66336928939092,PVC,2021.0,-1.0,-1,3,0,0,,
3,300,15.5377419736128,PVC,2021.0,-1.0,-1,3,0,0,,
3,150,17.6300784114976,PVC,2021.0,-1.0,-1,3,0,0,,
3,300,6.29437515628151,PVC,2021.0,-1.0,-1,3,0,0,,
3,150,105.867607652472,PVC,2021.0,-1.0,-1,3,0,0,,
3,150,17.1620495492152,PVC,2021.0,-1.0,-1,3,0,0,,
3,300,16.2421447514014,PVC,2021.0,-1.0,-1,3,0,0,,
3,150,5.70992511126607,PVC,2021.0,-1.0,-1,3,0,0,,
3,300,11.7096739615531,PVC,2021.0,-1.0,-1,3,0,0,,
3,300,11.7385961678609,PVC,2021.0,-1.0,-1,3,0,0,,
2,150,4.21760171296103,PVC,2022.0,-1.0,-1,3,0,0,,
3,300,7.50705897676718,PVC,2021.0,-1.0,-1,3,0,0,,
2,150,8.123464846059,PVC,2022.0,-1.0,-1,3,0,0,,
2,150,5.54383761850813,PVC,2022.0,-1.0,-1,3,0,0,,
3,300,4.68715201411643,PVC,2021.0,-1.0,-1,3,0,0,,
3,300,12.1823936574396,PVC,2021.0,-1.0,-1,3,0,0,,
3,200,10.5238012622698,PVC,2021.0,-1.0,-1,3,0,0,,
3,200,5.68354904733284,PVC,2021.0,-1.0,-1,3,0,0,,
3,200,7.75092329100884,PVC,2021.0,-1.0,-1,3,0,0,,
3,300,63.6984714930742,PVC,2021.0,-1.0,-1,3,0,0,,
2,300,48.2136259785943,PVC,2022.0,-1.0,-1,3,0,0,,
2,300,5.11262807372928,PVC,2022.0,-1.0,-1,3,0,0,,
3,150,101.979337894315,PVC,2021.0,-1.0,-1,3,0,0,,
3,150,12.3984845688616,PVC,2021.0,-1.0,-1,3,0,0,,
3,150,13.2139489996794,PVC,2021.0,-1.0,-1,3,0,0,,
3,150,9.37533938392964,PVC,2021.0,-1.0,-1,3,0,0,,
3,150,75.3655140021502,PVC,2021.0,-1.0,-1,3,0,0,,
3,150,9.97351960168476,PVC,2021.0,-1.0,-1,3,0,0,,
3,150,6.93049573554324,PVC,2021.0,-1.0,-1,3,0,0,,
3,150,12.3687915531418,PVC,2021.0,-1.0,-1,3,0,0,,
3,200,4.32450195672405,PVC,2021.0,-1.0,-1,3,0,0,,
3,150,11.5611500922386,PVC,2021.0,-1.0,-1,3,0,0,,
3,200,10.9364187061982,PVC,2021.0,-1.0,-1,3,0,0,,
3,200,6.69396347282219,PVC,2021.0,-1.0,-1,3,0,0,,
3,150,3.93633366062231,PVC,2021.0,-1.0,-1,3,0,0,,
3,200,15.1014297828622,PVC,2021.0,-1.0,-1,3,0,0,,
3,150,2.57112395123186,PVC,2021.0,-1.0,-1,3,0,0,,
3,150,116.657942411167,PVC,2021.0,-1.0,-1,3,0,0,,
3,150,81.0440068565992,PVC,2021.0,-1.0,-1,3,0,0,,
3,150,6.84551935944291,PVC,2021.0,-1.0,-1,3,0,0,,
3,200,10.5263323923023,PVC,2021.0,-1.0,-1,3,0,0,,
3,200,2.53344355539848,PVC,2021.0,-1.0,-1,3,0,0,,
3,200,18.0383475874149,PVC,2021.0,-1.0,-1,3,0,0,,
3,200,2.64981502978059,PVC,2021.0,-1.0,-1,3,0,0,,
59,150,0.752066505959574,DI,1965.0,8.5,6,1,0,0,,
8,300,1.51782557931981,PVC,2016.0,-1.0,-1,1,1,1,-80.4586564231125,43.4691982123326
37,150,1.5709695257868,PVC,1987.0,-1.0,-1,1,0,0,,
2,300,49.3905422095913,PVC,2022.0,-1.0,-1,1,1,1,-80.4341307373088,43.4653419047366
2,300,11.2860017760194,PVC,2022.0,-1.0,-1,1,0,0,,
2,300,36.5524769700567,PVC,2022.0,-1.0,-1,1,0,0,,
2,300,46.6033571022839,PVC,2022.0,-1.0,-1,1,0,0,,
2,300,98.0695031925341,PVC,2022.0,-1.0,-1,1,0,0,,
2,300,10.5823157650181,PVC,2022.0,-1.0,-1,1,0,0,,
2,300,4.84023657719485,PVC,2022.0,-1.0,-1,1,0,0,,
2,300,3.67164450423944,PVC,2022.0,-1.0,-1,1,0,0,,
2,300,51.0414597167136,PVC,2022.0,-1.0,-1,1,0,0,,
2,300,30.2116614430737,PVC,2022.0,-1.0,-1,1,0,0,,
2,150,12.4976624406139,PVC,2022.0,-1.0,-1,1,0,0,,
2,150,76.4943784991075,PVC,2022.0,-1.0,-1,1,0,0,,
2,150,34.2256823966419,PVC,2022.0,-1.0,-1,1,0,0,,
2,150,67.1085735277547,PVC,2022.0,-1.0,-1,1,0,0,,
2,150,12.9115901317158,PVC,2022.0,-1.0,-1,1,0,0,,
2,150,66.7867210587858,PVC,2022.0,-1.0,-1,1,0,0,,
2,150,5.44811839282663,PVC,2022.0,-1.0,-1,1,0,0,,
2,150,84.3689485056282,PVC,2022.0,-1.0,-1,1,0,0,,
2,150,69.152819702602,PVC,2022.0,-1.0,-1,1,0,0,,
49,150,4.94569564867998,CI,1975.0,-1.0,-1,1,1,1,-80.4552018013187,43.4576055398552
3,150,21.6445916890017,PVC,2021.0,-1.0,-1,1,1,1,-80.4276546745595,43.4316645600915
3,150,33.7754070540248,PVC,2021.0,-1.0,-1,1,1,1,-80.4276546745595,43.4316645600915
3,150,1.84483522279124,PVC,2021.0,-1.0,-1,1,1,1,-80.4276546745595,43.4316645600915
3,150,92.1876379563777,PVC,2021.0,-1.0,-1,1,1,1,-80.4276546745595,43.4316645600915
3,150,46.6552245860021,PVC,2021.0,-1.0,-1,1,1,1,-80.4276546745595,43.4316645600915
3,150,12.7672242583338,PVC,2021.0,-1.0,-1,1,0,0,,
5,200,0.0678619922259053,PVC,2019.0,9.85,-1,1,1,1,-80.459706901078,43.4244371667158
28,300,139.434167407264,DI,1996.0,-1.0,-1,5,0,0,,
28,300,2.0359363698972,DI,1996.0,-1.0,-1,5,0,0,,
28,300,13.8196560536238,DI,1996.0,-1.0,-1,5,0,0,,
28,300,3.90227657937498,DI,1996.0,-1.0,-1,5,0,0,,
20,450,238.065255208893,PVC,2004.0,8.95,10,3,0,0,,
43,50,2.59627103834947,DI,1981.0,8.5,4,1,0,0,,
16,200,3.26018118670547,PVC,2008.0,6.15,7,1,0,0,,
24,200,5.49867953591646,PVC,2000.0,9.35,6,6,0,0,,
25,200,20.5042729648816,PVC,1999.0,9.35,7,1,0,0,,
2,200,458.030738426089,PVC,2022.0,-1.0,-1,1,0,0,,
2,150,15.5755905181659,PVC,2022.0,-1.0,-1,1,0,0,,
2,150,16.6482193498609,PVC,2022.0,-1.0,-1,1,1,1,-80.4392483213003,43.434618856039
29,200,0.99576485747109,DI,1995.0,9.1,6,1,0,0,,
2,150,391.735380623675,PVC,2022.0,-1.0,-1,1,2,1,-80.4868809877507,43.4316324419717
72,200,3.08652715619237,CI,1952.0,-1.0,8,1,0,0,,
13,150,0.387963630793845,PVC,2011.0,9.35,7,1,0,0,,
2,150,153.98172716801,PVC,2022.0,-1.0,-1,3,0,0,,
2,150,10.3218721065613,PVC,2022.0,-1.0,-1,3,0,0,,
2,150,38.8551971278196,PVC,2022.0,-1.0,-1,3,0,0,,
2,150,137.384365128452,PVC,2022.0,-1.0,-1,3,0,0,,
2,150,43.1895725449271,PVC,2022.0,-1.0,-1,3,0,0,,
2,150,186.357361391062,PVC,2022.0,-1.0,-1,3,0,0,,
2,150,127.674061545116,PVC,2022.0,-1.0,-1,3,0,0,,
2,150,12.2561003355837,PVC,2022.0,-1.0,-1,3,0,0,,
13,0,630.399954735672,PVC,2011.0,9.35,0,1,0,0,,
37,200,33.2399393189184,DI,1987.0,-1.0,-1,1,0,0,,
29,300,1.71467438633194,Other,1995.0,9.35,0,1,0,0,,
16,0,15.589723603023,PVC,2008.0,9.35,8,3,0,0,,
2,200,1.6226869692205,PVC,2022.0,-1.0,-1,3,0,0,,
2,200,103.95391126259,PVC,2022.0,-1.0,-1,3,0,0,,
1,200,79.2866285782089,PVC,2023.0,-1.0,-1,3,0,0,,
2,200,134.204725913272,PVC,2022.0,-1.0,-1,3,0,0,,
2,200,70.2639754778963,PVC,2022.0,-1.0,-1,3,0,0,,
2,200,31.3027605673058,PVC,2022.0,-1.0,-1,3,0,0,,
2,200,13.8616895072821,PVC,2022.0,-1.0,-1,3,0,0,,
2,200,152.50116689759,PVC,2022.0,-1.0,-1,3,0,0,,
2,200,7.68375038702833,PVC,2022.0,-1.0,-1,3,0,0,,
2,150,7.96130096070197,PVC,2022.0,-1.0,-1,3,0,0,,
2,150,14.4350096989475,PVC,2022.0,-1.0,-1,3,0,0,,
2,150,89.1389492448463,PVC,2022.0,-1.0,-1,3,0,0,,
2,150,12.5798422893463,PVC,2022.0,-1.0,-1,3,0,0,,
2,150,167.323382639759,PVC,2022.0,-1.0,-1,3,0,0,,
2,150,6.89149562826259,PVC,2022.0,-1.0,-1,3,0,0,,
2,200,13.4440515122727,PVC,2022.0,-1.0,-1,3,0,0,,
2,200,2.72164949952699,PVC,2022.0,-1.0,-1,3,0,0,,
1,200,1.37225824457882,PVC,2023.0,-1.0,-1,3,0,0,,
2,200,2.71181950020548,PVC,2022.0,-1.0,-1,3,0,0,,
2,200,1.38191895508077,PVC,2022.0,-1.0,-1,3,0,0,,
1,200,1.49949024977172,PVC,2023.0,-1.0,-1,3,0,0,,
2,200,76.6923634037891,PVC,2022.0,-1.0,-1,3,0,0,,
2,200,44.7031040818616,PVC,2022.0,-1.0,-1,3,0,0,,
2,150,131.255480923811,PVC,2022.0,-1.0,-1,3,0,0,,
2,150,136.331966732889,PVC,2022.0,-1.0,-1,3,0,0,,
2,200,8.13422522514305,PVC,2022.0,-1.0,-1,3,0,0,,
2,200,8.57310031490468,PVC,2022.0,-1.0,-1,3,0,0,,
2,150,126.800094615664,PVC,2022.0,-1.0,-1,3,0,0,,
2,200,38.5162660308418,PVC,2022.0,-1.0,-1,3,0,0,,
2,200,29.7876177313563,PVC,2022.0,-1.0,-1,3,0,0,,
2,200,1.7700737416829,PVC,2022.0,-1.0,-1,3,0,0,,
2,200,18.7369022248479,PVC,2022.0,-1.0,-1,3,0,0,,
1,200,1.49965020339754,PVC,2023.0,-1.0,-1,3,0,0,,
2,200,2.16991380710563,PVC,2022.0,-1.0,-1,3,0,0,,
2,200,39.6547369300573,PVC,2022.0,-1.0,-1,3,0,0,,
9,50,6.22165831062687,PVC,2015.0,-1.0,-1,5,0,0,,
2,300,75.673142653826,PVC,2022.0,-1.0,-1,1,2,1,-80.4849579064514,43.4500714357252
2,300,11.171468833706,PVC,2022.0,-1.0,-1,1,2,1,-80.4849579064514,43.4500714357252
5,300,71.0485774799853,PVC,2019.0,-1.0,-1,3,0,0,,
5,300,31.309039913767,PVC,2019.0,-1.0,-1,3,0,0,,
5,300,83.5764490238696,PVC,2019.0,-1.0,-1,3,0,0,,
5,300,175.279780921973,PVC,2019.0,-1.0,-1,3,0,0,,
5,300,78.7970414852748,PVC,2019.0,-1.0,-1,3,0,0,,
5,300,119.223080559236,PVC,2019.0,-1.0,-1,3,0,0,,
5,300,72.1469579053738,PVC,2019.0,-1.0,-1,3,0,0,,
5,300,43.0682904139533,PVC,2019.0,-1.0,-1,3,0,0,,
5,300,16.0465502806942,PVC,2019.0,-1.0,-1,3,0,0,,
5,300,0.411002980835426,PVC,2019.0,-1.0,-1,3,0,0,,
33,0,7.76741566570138,DI,1991.0,9.1,7,5,0,0,,
51,0,5.69571488473435,DI,1973.0,8.5,7,1,0,0,,
29,150,5.85615560670866,PVC,1995.0,9.35,7,1,0,0,,
71,0,3.88513604482867,Other,1953.0,6.55,4,1,0,0,,
2,300,109.709556572718,PVC,2022.0,-1.0,-1,1,4,1,-80.4671294098111,43.4280893472369
2,300,16.6349361593684,PVC,2022.0,-1.0,-1,1,4,1,-80.4671294098111,43.4280893472369
2,300,3.39453762919961,PVC,2022.0,-1.0,-1,1,4,1,-80.4671294098111,43.4280893472369
2,300,87.6098462187103,PVC,2022.0,-1.0,-1,1,4,1,-80.4671294098111,43.4280893472369
2,300,4.66575254062999,PVC,2022.0,-1.0,-1,1,4,1,-80.466040119808,43.4277934449639
2,300,7.40019702681269,PVC,2022.0,-1.0,-1,1,4,1,-80.4671294098111,43.4280893472369
2,300,1.22295997162003,PVC,2022.0,-1.0,-1,1,4,1,-80.466040119808,43.4277934449639
2,150,5.51427601855334,PVC,2022.0,-1.0,-1,1,4,1,-80.4671294098111,43.4280893472369
2,200,3.89540113718392,PVC,2022.0,-1.0,-1,1,4,1,-80.466040119808,43.4277934449639
2,200,2.03160993548919,PVC,2022.0,-1.0,-1,1,4,1,-80.466040119808,43.4277934449639
9,300,6.75831689985226,PVC,2015.0,9.35,6,1,0,0,,
2,300,140.741001626596,PVC,2022.0,-1.0,-1,1,7,1,-80.5001495709915,43.4511346439254
2,150,140.46894465368,PVC,2022.0,-1.0,-1,1,1,1,-80.504760903562,43.4511802065943
2,200,4.70694729541152,PVC,2022.0,-1.0,-1,1,0,0,,
2,200,20.6225079878792,PVC,2022.0,-1.0,-1,1,0,0,,
2,200,1.16889897711141,PVC,2022.0,-1.0,-1,1,1,1,-80.4465885353368,43.4259577870746
2,200,4.61769730630417,PVC,2022.0,-1.0,-1,1,1,1,-80.445177976856,43.4281720460354
2,200,0.921750649438578,PVC,2022.0,-1.0,-1,1,1,1,-80.4465885353368,43.4259577870746
2,200,127.593710215511,PVC,2022.0,-1.0,-1,1,5,1,-80.4453712427749,43.426979963648
2,200,60.3092549469546,PVC,2022.0,-1.0,-1,1,5,1,-80.4453712427749,43.426979963648
2,200,29.109957241291,PVC,2022.0,-1.0,-1,1,5,1,-80.4453712427749,43.426979963648
2,200,6.72393522509024,PVC,2022.0,-1.0,-1,1,0,0,,
2,200,51.3377946481935,PVC,2022.0,-1.0,-1,1,0,0,,
2,200,8.69195194733528,PVC,2022.0,-1.0,-1,1,0,0,,
2,200,9.94904121949595,PVC,2022.0,-1.0,-1,1,3,1,-80.4488339411309,43.4266753081039
2,200,87.8878983964012,PVC,2022.0,-1.0,-1,1,1,1,-80.4465885353368,43.4259577870746
2,150,6.06735917477977,PVC,2022.0,-1.0,-1,1,1,1,-80.4482509645739,43.4260514690843
2,200,5.55698963231496,PVC,2022.0,-1.0,-1,1,0,0,,
2,150,0.392118886130028,PVC,2022.0,-1.0,-1,1,3,1,-80.4488339411309,43.4266753081039
2,200,35.4846213864008,PVC,2022.0,-1.0,-1,1,5,1,-80.4453712427749,43.426979963648
2,200,7.5556966215816,PVC,2022.0,-1.0,-1,1,1,1,-80.4465885353368,43.4259577870746
2,200,50.1311204530668,PVC,2022.0,-1.0,-1,1,3,1,-80.4488339411309,43.4266753081039
2,150,6.18042767617858,PVC,2022.0,-1.0,-1,1,1,1,-80.4482509645739,43.4260514690843
2,150,12.2114983623305,PVC,2022.0,-1.0,-1,1,4,1,-80.447595009757,43.4271450276406
2,200,6.41428176001325,PVC,2022.0,-1.0,-1,1,0,0,,
2,150,1.65812282410067,PVC,2022.0,-1.0,-1,1,0,0,,
2,150,1.03143947934921,PVC,2022.0,-1.0,-1,1,0,0,,
2,150,7.71045005666226,PVC,2022.0,-1.0,-1,1,1,1,-80.4463434476222,43.4272493021964
2,150,9.86295373188951,PVC,2022.0,-1.0,-1,1,1,1,-80.4488099648316,43.4271521210774
2,200,6.46091661593527,PVC,2022.0,-1.0,-1,1,0,0,,
2,200,5.4290667484696,PVC,2022.0,-1.0,-1,1,1,1,-80.445177976856,43.4281720460354
2,200,10.7109227521372,PVC,2022.0,-1.0,-1,1,0,0,,
2,200,4.52731741482233,PVC,2022.0,-1.0,-1,1,5,1,-80.4453712427749,43.426979963648
2,150,0.932029666764571,PVC,2022.0,-1.0,-1,1,0,0,,
2,150,3.13420481978212,PVC,2022.0,-1.0,-1,1,1,1,-80.4488099648316,43.4271521210774
2,150,3.85024534228209,PVC,2022.0,-1.0,-1,1,1,1,-80.4488099648316,43.4271521210774
2,150,2.88024872791359,PVC,2022.0,-1.0,-1,1,1,1,-80.4488099648316,43.4271521210774
2,150,1.30264464800341,PVC,2022.0,-1.0,-1,1,3,1,-80.4488339411309,43.4266753081039
2,150,7.49588805145502,PVC,2022.0,-1.0,-1,1,3,1,-80.4488339411309,43.4266753081039
2,150,1.60724262355428,PVC,2022.0,-1.0,-1,1,4,1,-80.447595009757,43.4271450276406
2,150,1.50773935520399,PVC,2022.0,-1.0,-1,1,4,1,-80.447595009757,43.4271450276406
2,150,1.18262617159671,PVC,2022.0,-1.0,-1,1,0,0,,
2,150,6.6383899163563,PVC,2022.0,-1.0,-1,1,0,0,,
2,150,1.55195391726984,PVC,2022.0,-1.0,-1,1,1,1,-80.4463434476222,43.4272493021964
2,150,1.56803875311244,PVC,2022.0,-1.0,-1,1,1,1,-80.4463434476222,43.4272493021964
2,200,2.48988723083019,PVC,2022.0,-1.0,-1,1,1,1,-80.4465885353368,43.4259577870746
2,200,7.85903172849091,PVC,2022.0,-1.0,-1,1,5,1,-80.4453712427749,43.426979963648
2,200,2.06932830775214,PVC,2022.0,-1.0,-1,1,5,1,-80.4453712427749,43.426979963648
2,200,1.50095034261308,PVC,2022.0,-1.0,-1,1,5,1,-80.4453712427749,43.426979963648
2,200,26.9733638230644,PVC,2022.0,-1.0,-1,1,3,1,-80.4488339411309,43.4266753081039
2,200,1.68995013579115,PVC,2022.0,-1.0,-1,1,0,0,,
2,200,1.51012136164266,PVC,2022.0,-1.0,-1,1,0,0,,
2,200,1.58487469917904,PVC,2022.0,-1.0,-1,1,0,0,,
2,200,2.76092880810434,PVC,2022.0,-1.0,-1,1,0,0,,
2,200,5.85626764386319,PVC,2022.0,-1.0,-1,1,1,1,-80.4482509645739,43.4260514690843
2,200,1.34019224338426,PVC,2022.0,-1.0,-1,1,0,0,,
2,200,3.3600022659411,PVC,2022.0,-1.0,-1,1,0,0,,
2,200,1.29000753404211,PVC,2022.0,-1.0,-1,1,0,0,,
2,200,1.62275175187315,PVC,2022.0,-1.0,-1,1,3,1,-80.4488339411309,43.4266753081039
19,0,6.04835229222905,PVC,2005.0,9.35,6,1,0,0,,
2,200,1.20246365719551,PVC,2022.0,-1.0,-1,1,11,1,-80.4857304294629,43.4835198016681
2,200,51.9612246271183,PVC,2022.0,-1.0,-1,1,11,1,-80.4857304294629,43.4835198016681
2,200,1.23783172191241,PVC,2022.0,-1.0,-1,1,11,1,-80.4857304294629,43.4835198016681
2,200,27.7498429618913,PVC,2022.0,-1.0,-1,1,11,1,-80.4857304294629,43.4835198016681
2,200,35.7324788456041,PVC,2022.0,-1.0,-1,1,11,1,-80.4857304294629,43.4835198016681
2,200,3.04082333779859,PVC,2022.0,-1.0,-1,1,11,1,-80.4857304294629,43.4835198016681
2,200,105.770998987708,PVC,2022.0,-1.0,-1,1,11,1,-80.4857304294629,43.4835198016681
2,200,1.2273782872725,PVC,2022.0,-1.0,-1,1,11,1,-80.4857304294629,43.4835198016681
2,200,11.470097412855,PVC,2022.0,-1.0,-1,1,11,1,-80.4857304294629,43.4835198016681
2,150,0.70001154969877,PVC,2022.0,-1.0,-1,1,2,1,-80.4665453159917,43.4583635047394
2,150,367.143798128728,PVC,2022.0,-1.0,-1,1,4,1,-80.4646873007501,43.457365208867
2,150,16.2382557154013,PVC,2022.0,-1.0,-1,1,2,1,-80.4630911906437,43.4568596384855
2,150,20.5356854101418,PVC,2022.0,-1.0,-1,1,4,1,-80.4646873007501,43.457365208867
2,150,28.5590384553472,PVC,2022.0,-1.0,-1,1,1,1,-80.4644284421093,43.4564029626468
2,150,77.6454310719041,PVC,2022.0,-1.0,-1,1,3,1,-80.4634360537793,43.4562452120871
2,150,17.4842868205235,PVC,2022.0,-1.0,-1,1,3,1,-80.4634360537793,43.4562452120871
2,300,17.5234086304212,PVC,2022.0,-1.0,-1,1,0,0,,
2,300,35.7700928408508,PVC,2022.0,-1.0,-1,1,2,1,-80.4626329342147,43.4555408420167
2,300,11.0835769750165,PVC,2022.0,-1.0,-1,1,0,0,,
2,150,0.904204208392652,PVC,2022.0,-1.0,-1,1,0,0,,
2,150,11.1560242895903,PVC,2022.0,-1.0,-1,1,0,0,,
2,150,3.55436385223064,PVC,2022.0,-1.0,-1,1,0,0,,
2,150,6.76129354092577,PVC,2022.0,-1.0,-1,1,0,0,,
2,150,8.18100533463532,PVC,2022.0,-1.0,-1,1,2,1,-80.4626329342147,43.4555408420167
2,150,73.7838869992914,PVC,2022.0,-1.0,-1,1,2,1,-80.4626329342147,43.4555408420167
2,150,8.82396365187536,PVC,2022.0,-1.0,-1,1,2,1,-80.4626329342147,43.4555408420167
2,150,2.58079179013144,PVC,2022.0,-1.0,-1,1,4,1,-80.4646873007501,43.457365208867
25,0,0.814039587379553,PVC,1999.0,9.35,6,1,0,0,,
3,300,1.18462061849417,PVC,2021.0,-1.0,-1,1,0,0,,
3,300,13.6984645399653,PVC,2021.0,-1.0,-1,1,0,0,,
3,300,3.44291363760848,PVC,2021.0,-1.0,-1,1,0,0,,
4,0,2.98104522228107,PVC,2020.0,9.85,6,1,0,0,,
2,300,204.96663111693,PVC,2022.0,-1.0,-1,1,0,0,,
2,300,38.8524631273886,PVC,2022.0,-1.0,-1,1,0,0,,
44,450,17.6798466148479,AC,1980.0,8.7,6,3,1,1,-80.521436935282,43.4240807848581
60,0,2.42610066773251,DI,1964.0,8.1,7,3,1,1,-80.521436935282,43.4240807848581
60,200,1.83902050252923,DI,1964.0,8.1,7,3,1,1,-80.521436935282,43.4240807848581
67,0,2.96420708669004,CI,1957.0,3.95,7,1,7,1,-80.4525896296843,43.4274113206099
2,150,260.717865396924,PVC,2022.0,-1.0,-1,1,3,1,-80.4499799163573,43.4317491378329
2,150,19.2260794152649,PVC,2022.0,-1.0,-1,1,7,1,-80.4525896296843,43.4274113206099
2,150,33.4589644287553,PVC,2022.0,-1.0,-1,1,2,1,-80.4513343415689,43.4295012453113
2,300,8.00930994279055,PVC,2022.0,-1.0,-1,1,0,0,,
1,150,9.61579868410525,PVC,2023.0,-1.0,-1,1,4,1,-80.4534254487771,43.4281394518698
1,150,9.52991476314923,PVC,2023.0,-1.0,-1,1,0,0,,
2,150,103.933583862831,PVC,2022.0,-1.0,-1,1,7,1,-80.4525896296843,43.4274113206099
2,150,16.8387923403196,PVC,2022.0,-1.0,-1,1,4,1,-80.4534254487771,43.4281394518698
2,150,2.84245250780591,PVC,2022.0,-1.0,-1,1,7,1,-80.4525896296843,43.4274113206099
2,150,141.818492783108,PVC,2022.0,-1.0,-1,1,2,1,-80.4513343415689,43.4295012453113
2,150,111.214716676932,PVC,2022.0,-1.0,-1,1,2,1,-80.4513343415689,43.4295012453113
2,150,19.7901159388525,PVC,2022.0,-1.0,-1,1,0,0,,
2,150,130.894723293866,PVC,2022.0,-1.0,-1,1,3,1,-80.4499799163573,43.4317491378329
2,150,7.47880577781894,PVC,2022.0,-1.0,-1,1,3,1,-80.4499799163573,43.4317491378329
16,0,0.66819764219462,PVC,2008.0,9.35,7,1,0,0,,
19,0,0.988227934675342,PVC,2005.0,9.35,7,1,0,0,,
5,0,6.81794070496973,PVC,2019.0,9.85,-1,1,4,1,-80.4618686384233,43.4264302370746
5,0,16.4918995210772,PVC,2019.0,9.85,-1,1,3,1,-80.4629346398173,43.4274110016718
2,300,17.9020257805717,PVC,2022.0,-1.0,-1,2,0,0,,
2,200,65.9602262674426,PVC,2022.0,-1.0,-1,2,0,0,,
2,200,14.81954079849,PVC,2022.0,-1.0,-1,2,0,0,,
2,200,8.10479882405077,PVC,2022.0,-1.0,-1,2,0,0,,
2,200,6.99794844586789,PVC,2022.0,-1.0,-1,2,0,0,,
2,200,12.9999922493494,PVC,2022.0,-1.0,-1,2,0,0,,
2,200,27.8737127812783,PVC,2022.0,-1.0,-1,2,0,0,,
2,200,45.1306309734026,PVC,2022.0,-1.0,-1,2,0,0,,
2,200,5.99565294997737,PVC,2022.0,-1.0,-1,2,0,0,,
2,200,4.72026907769413,PVC,2022.0,-1.0,-1,2,0,0,,
2,200,126.46114516447,PVC,2022.0,-1.0,-1,2,0,0,,
2,200,5.99739017637442,PVC,2022.0,-1.0,-1,2,0,0,,
2,150,14.4853400687098,PVC,2022.0,-1.0,-1,2,0,0,,
2,200,52.4261381644556,PVC,2022.0,-1.0,-1,2,0,0,,
2,200,134.193234417693,PVC,2022.0,-1.0,-1,2,0,0,,
2,200,16.5063443637862,PVC,2022.0,-1.0,-1,2,0,0,,
2,150,14.246991819494,PVC,2022.0,-1.0,-1,2,0,0,,
2,200,2.01470919112066,PVC,2022.0,-1.0,-1,2,0,0,,
2,200,12.2533350439016,PVC,2022.0,-1.0,-1,2,0,0,,
2,200,66.988668335997,PVC,2022.0,-1.0,-1,2,0,0,,
2,200,7.0007092393782,PVC,2022.0,-1.0,-1,2,0,0,,
2,200,7.00000748016905,PVC,2022.0,-1.0,-1,2,0,0,,
2,200,70.9969583285415,PVC,2022.0,-1.0,-1,2,0,0,,
2,200,78.0301612655306,PVC,2022.0,-1.0,-1,2,0,0,,
2,200,18.6110928414124,PVC,2022.0,-1.0,-1,2,0,0,,
2,200,3.35138257969785,PVC,2022.0,-1.0,-1,2,0,0,,
2,150,94.6742327040078,PVC,2022.0,-1.0,-1,2,0,0,,
2,150,66.104951246449,PVC,2022.0,-1.0,-1,2,0,0,,
2,150,54.9356882243311,PVC,2022.0,-1.0,-1,2,0,0,,
2,150,56.8947538941134,PVC,2022.0,-1.0,-1,2,0,0,,
2,150,6.00002408826059,PVC,2022.0,-1.0,-1,2,0,0,,
2,300,123.098600327771,PVC,2022.0,-1.0,-1,2,0,0,,
5,0,8.91555268531716,PVC,2019.0,-1.0,-1,3,0,0,,
5,0,2.98842750572581,PVC,2019.0,-1.0,-1,3,0,0,,
51,0,17.8034602061328,DI,1973.0,8.5,6,1,3,1,-80.4264809886046,43.4349490718271
56,0,4.89952848936935,DI,1968.0,8.5,6,1,0,0,,
62,200,73.1856658607768,CI,1962.0,7.0,7,1,3,1,-80.4605901098276,43.4626346639757
1,200,0.830231353091958,PVC,2023.0,7.0,7,1,3,1,-80.4605901098276,43.4626346639757
5,0,16.7576649648575,PVC,2019.0,9.85,-1,3,0,0,,
71,100,2.17740381837964,CI,1953.0,7.35,4,1,1,1,-80.4925104082531,43.4711760894153
63,450,15.611054019616,CI,1961.0,7.75,7,1,0,0,,
63,0,13.3410963872876,CI,1961.0,7.75,8,1,0,0,,
63,0,1.83105465059608,CI,1961.0,7.75,8,1,0,0,,
